Fitter report for vga
Tue Apr  8 15:22:46 2025
Quartus Prime Version 23.1std.0 Build 991 11/28/2023 SC Lite Edition


---------------------
; Table of Contents ;
---------------------
  1. Legal Notice
  2. Fitter Summary
  3. Fitter Settings
  4. Parallel Compilation
  5. Fitter Netlist Optimizations
  6. Ignored Assignments
  7. Incremental Compilation Preservation Summary
  8. Incremental Compilation Partition Settings
  9. Incremental Compilation Placement Preservation
 10. Pin-Out File
 11. Fitter Resource Usage Summary
 12. Fitter Partition Statistics
 13. Input Pins
 14. Output Pins
 15. Bidir Pins
 16. Dual Purpose and Dedicated Pins
 17. I/O Bank Usage
 18. All Package Pins
 19. PLL Summary
 20. PLL Usage
 21. I/O Assignment Warnings
 22. Fitter Resource Utilization by Entity
 23. Delay Chain Summary
 24. Pad To Core Delay Chain Fanout
 25. Control Signals
 26. Global & Other Fast Signals
 27. Non-Global High Fan-Out Signals
 28. Fitter RAM Summary
 29. |vga|vga_onchip_memory2_0:onchip_memory2_0|altsyncram:the_altsyncram|altsyncram_8jg1:auto_generated|ALTSYNCRAM
 30. Fitter DSP Block Usage Summary
 31. DSP Block Details
 32. Routing Usage Summary
 33. LAB Logic Elements
 34. LAB-wide Signals
 35. LAB Signals Sourced
 36. LAB Signals Sourced Out
 37. LAB Distinct Inputs
 38. I/O Rules Summary
 39. I/O Rules Details
 40. I/O Rules Matrix
 41. Fitter Device Options
 42. Operating Settings and Conditions
 43. Fitter Messages
 44. Fitter Suppressed Messages



----------------
; Legal Notice ;
----------------
Copyright (C) 2023  Intel Corporation. All rights reserved.
Your use of Intel Corporation's design tools, logic functions 
and other software and tools, and any partner logic 
functions, and any output files from any of the foregoing 
(including device programming or simulation files), and any 
associated documentation or information are expressly subject 
to the terms and conditions of the Intel Program License 
Subscription Agreement, the Intel Quartus Prime License Agreement,
the Intel FPGA IP License Agreement, or other applicable license
agreement, including, without limitation, that your use is for
the sole purpose of programming logic devices manufactured by
Intel and sold by Intel or its authorized distributors.  Please
refer to the applicable agreement for further details, at
https://fpgasoftware.intel.com/eula.



+-------------------------------------------------------------------------------------+
; Fitter Summary                                                                      ;
+------------------------------------+------------------------------------------------+
; Fitter Status                      ; Successful - Tue Apr  8 15:22:46 2025          ;
; Quartus Prime Version              ; 23.1std.0 Build 991 11/28/2023 SC Lite Edition ;
; Revision Name                      ; vga                                            ;
; Top-level Entity Name              ; vga                                            ;
; Family                             ; Cyclone IV E                                   ;
; Device                             ; EP4CE115F29C7                                  ;
; Timing Models                      ; Final                                          ;
; Total logic elements               ; 7,546 / 114,480 ( 7 % )                        ;
;     Total combinational functions  ; 7,061 / 114,480 ( 6 % )                        ;
;     Dedicated logic registers      ; 4,197 / 114,480 ( 4 % )                        ;
; Total registers                    ; 4197                                           ;
; Total pins                         ; 88 / 529 ( 17 % )                              ;
; Total virtual pins                 ; 0                                              ;
; Total memory bits                  ; 47,424 / 3,981,312 ( 1 % )                     ;
; Embedded Multiplier 9-bit elements ; 10 / 532 ( 2 % )                               ;
; Total PLLs                         ; 1 / 4 ( 25 % )                                 ;
+------------------------------------+------------------------------------------------+


+----------------------------------------------------------------------------------------------------------------------------------------------------+
; Fitter Settings                                                                                                                                    ;
+--------------------------------------------------------------------+---------------------------------------+---------------------------------------+
; Option                                                             ; Setting                               ; Default Value                         ;
+--------------------------------------------------------------------+---------------------------------------+---------------------------------------+
; Device                                                             ; EP4CE115F29C7                         ;                                       ;
; Nominal Core Supply Voltage                                        ; 1.2V                                  ;                                       ;
; Minimum Core Junction Temperature                                  ; 0                                     ;                                       ;
; Maximum Core Junction Temperature                                  ; 85                                    ;                                       ;
; Fit Attempts to Skip                                               ; 0                                     ; 0.0                                   ;
; Use smart compilation                                              ; Off                                   ; Off                                   ;
; Enable parallel Assembler and Timing Analyzer during compilation   ; On                                    ; On                                    ;
; Enable compact report table                                        ; Off                                   ; Off                                   ;
; Auto Merge PLLs                                                    ; On                                    ; On                                    ;
; Router Timing Optimization Level                                   ; Normal                                ; Normal                                ;
; Perform Clocking Topology Analysis During Routing                  ; Off                                   ; Off                                   ;
; Placement Effort Multiplier                                        ; 1.0                                   ; 1.0                                   ;
; Router Effort Multiplier                                           ; 1.0                                   ; 1.0                                   ;
; Optimize Hold Timing                                               ; All Paths                             ; All Paths                             ;
; Optimize Multi-Corner Timing                                       ; On                                    ; On                                    ;
; Power Optimization During Fitting                                  ; Normal compilation                    ; Normal compilation                    ;
; SSN Optimization                                                   ; Off                                   ; Off                                   ;
; Optimize Timing                                                    ; Normal compilation                    ; Normal compilation                    ;
; Optimize Timing for ECOs                                           ; Off                                   ; Off                                   ;
; Regenerate Full Fit Report During ECO Compiles                     ; Off                                   ; Off                                   ;
; Optimize IOC Register Placement for Timing                         ; Normal                                ; Normal                                ;
; Limit to One Fitting Attempt                                       ; Off                                   ; Off                                   ;
; Final Placement Optimizations                                      ; Automatically                         ; Automatically                         ;
; Fitter Aggressive Routability Optimizations                        ; Automatically                         ; Automatically                         ;
; Fitter Initial Placement Seed                                      ; 1                                     ; 1                                     ;
; Periphery to Core Placement and Routing Optimization               ; Off                                   ; Off                                   ;
; PCI I/O                                                            ; Off                                   ; Off                                   ;
; Weak Pull-Up Resistor                                              ; Off                                   ; Off                                   ;
; Enable Bus-Hold Circuitry                                          ; Off                                   ; Off                                   ;
; Auto Packed Registers                                              ; Auto                                  ; Auto                                  ;
; Auto Delay Chains                                                  ; On                                    ; On                                    ;
; Auto Delay Chains for High Fanout Input Pins                       ; Off                                   ; Off                                   ;
; Allow Single-ended Buffer for Differential-XSTL Input              ; Off                                   ; Off                                   ;
; Treat Bidirectional Pin as Output Pin                              ; Off                                   ; Off                                   ;
; Perform Physical Synthesis for Combinational Logic for Fitting     ; Off                                   ; Off                                   ;
; Perform Physical Synthesis for Combinational Logic for Performance ; Off                                   ; Off                                   ;
; Perform Register Duplication for Performance                       ; Off                                   ; Off                                   ;
; Perform Logic to Memory Mapping for Fitting                        ; Off                                   ; Off                                   ;
; Perform Register Retiming for Performance                          ; Off                                   ; Off                                   ;
; Perform Asynchronous Signal Pipelining                             ; Off                                   ; Off                                   ;
; Fitter Effort                                                      ; Auto Fit                              ; Auto Fit                              ;
; Physical Synthesis Effort Level                                    ; Normal                                ; Normal                                ;
; Logic Cell Insertion - Logic Duplication                           ; Auto                                  ; Auto                                  ;
; Auto Register Duplication                                          ; Auto                                  ; Auto                                  ;
; Auto Global Clock                                                  ; On                                    ; On                                    ;
; Auto Global Register Control Signals                               ; On                                    ; On                                    ;
; Reserve all unused pins                                            ; As input tri-stated with weak pull-up ; As input tri-stated with weak pull-up ;
; Synchronizer Identification                                        ; Auto                                  ; Auto                                  ;
; Enable Beneficial Skew Optimization                                ; On                                    ; On                                    ;
; Optimize Design for Metastability                                  ; On                                    ; On                                    ;
; Force Fitter to Avoid Periphery Placement Warnings                 ; Off                                   ; Off                                   ;
; Enable input tri-state on active configuration pins in user mode   ; Off                                   ; Off                                   ;
+--------------------------------------------------------------------+---------------------------------------+---------------------------------------+


+------------------------------------------+
; Parallel Compilation                     ;
+----------------------------+-------------+
; Processors                 ; Number      ;
+----------------------------+-------------+
; Number detected on machine ; 12          ;
; Maximum allowed            ; 12          ;
;                            ;             ;
; Average used               ; 1.16        ;
; Maximum used               ; 12          ;
;                            ;             ;
; Usage by Processor         ; % Time Used ;
;     Processor 1            ; 100.0%      ;
;     Processor 2            ;   1.6%      ;
;     Processor 3            ;   1.5%      ;
;     Processor 4            ;   1.5%      ;
;     Processor 5            ;   1.5%      ;
;     Processor 6            ;   1.5%      ;
;     Processor 7            ;   1.4%      ;
;     Processor 8            ;   1.4%      ;
;     Processors 9-12        ;   1.3%      ;
+----------------------------+-------------+


+----------------------------------------------------------------------------------------------------------------------------------------------------------------------------------------------------------------------------------------------------------------------------------------------------------------------------------------------------------------------------------------------------------------------+
; Fitter Netlist Optimizations                                                                                                                                                                                                                                                                                                                                                                                         ;
+---------------------------------------------------------------------------------------------------+-----------------+------------------+---------------------+-----------+----------------+-------------------------------------------------------------------------------------------------------------------------------------------------------------------------------+------------------+-----------------------+
; Node                                                                                              ; Action          ; Operation        ; Reason              ; Node Port ; Node Port Name ; Destination Node                                                                                                                                                              ; Destination Port ; Destination Port Name ;
+---------------------------------------------------------------------------------------------------+-----------------+------------------+---------------------+-----------+----------------+-------------------------------------------------------------------------------------------------------------------------------------------------------------------------------+------------------+-----------------------+
; vga_jtag_uart_0:jtag_uart_0|alt_jtag_atlantic:vga_jtag_uart_0_alt_jtag_atlantic|rdata[0]          ; Packed Register ; Register Packing ; Timing optimization ; Q         ;                ; vga_jtag_uart_0:jtag_uart_0|vga_jtag_uart_0_scfifo_w:the_vga_jtag_uart_0_scfifo_w|scfifo:wfifo|scfifo_jr21:auto_generated|a_dpfifo_l011:dpfifo|altsyncram_nio1:FIFOram|q_b[0] ; PORTBDATAOUT     ;                       ;
; vga_jtag_uart_0:jtag_uart_0|alt_jtag_atlantic:vga_jtag_uart_0_alt_jtag_atlantic|rdata[1]          ; Packed Register ; Register Packing ; Timing optimization ; Q         ;                ; vga_jtag_uart_0:jtag_uart_0|vga_jtag_uart_0_scfifo_w:the_vga_jtag_uart_0_scfifo_w|scfifo:wfifo|scfifo_jr21:auto_generated|a_dpfifo_l011:dpfifo|altsyncram_nio1:FIFOram|q_b[1] ; PORTBDATAOUT     ;                       ;
; vga_jtag_uart_0:jtag_uart_0|alt_jtag_atlantic:vga_jtag_uart_0_alt_jtag_atlantic|rdata[2]          ; Packed Register ; Register Packing ; Timing optimization ; Q         ;                ; vga_jtag_uart_0:jtag_uart_0|vga_jtag_uart_0_scfifo_w:the_vga_jtag_uart_0_scfifo_w|scfifo:wfifo|scfifo_jr21:auto_generated|a_dpfifo_l011:dpfifo|altsyncram_nio1:FIFOram|q_b[2] ; PORTBDATAOUT     ;                       ;
; vga_jtag_uart_0:jtag_uart_0|alt_jtag_atlantic:vga_jtag_uart_0_alt_jtag_atlantic|rdata[3]          ; Packed Register ; Register Packing ; Timing optimization ; Q         ;                ; vga_jtag_uart_0:jtag_uart_0|vga_jtag_uart_0_scfifo_w:the_vga_jtag_uart_0_scfifo_w|scfifo:wfifo|scfifo_jr21:auto_generated|a_dpfifo_l011:dpfifo|altsyncram_nio1:FIFOram|q_b[3] ; PORTBDATAOUT     ;                       ;
; vga_jtag_uart_0:jtag_uart_0|alt_jtag_atlantic:vga_jtag_uart_0_alt_jtag_atlantic|rdata[4]          ; Packed Register ; Register Packing ; Timing optimization ; Q         ;                ; vga_jtag_uart_0:jtag_uart_0|vga_jtag_uart_0_scfifo_w:the_vga_jtag_uart_0_scfifo_w|scfifo:wfifo|scfifo_jr21:auto_generated|a_dpfifo_l011:dpfifo|altsyncram_nio1:FIFOram|q_b[4] ; PORTBDATAOUT     ;                       ;
; vga_jtag_uart_0:jtag_uart_0|alt_jtag_atlantic:vga_jtag_uart_0_alt_jtag_atlantic|rdata[5]          ; Packed Register ; Register Packing ; Timing optimization ; Q         ;                ; vga_jtag_uart_0:jtag_uart_0|vga_jtag_uart_0_scfifo_w:the_vga_jtag_uart_0_scfifo_w|scfifo:wfifo|scfifo_jr21:auto_generated|a_dpfifo_l011:dpfifo|altsyncram_nio1:FIFOram|q_b[5] ; PORTBDATAOUT     ;                       ;
; vga_jtag_uart_0:jtag_uart_0|alt_jtag_atlantic:vga_jtag_uart_0_alt_jtag_atlantic|rdata[6]          ; Packed Register ; Register Packing ; Timing optimization ; Q         ;                ; vga_jtag_uart_0:jtag_uart_0|vga_jtag_uart_0_scfifo_w:the_vga_jtag_uart_0_scfifo_w|scfifo:wfifo|scfifo_jr21:auto_generated|a_dpfifo_l011:dpfifo|altsyncram_nio1:FIFOram|q_b[6] ; PORTBDATAOUT     ;                       ;
; vga_jtag_uart_0:jtag_uart_0|alt_jtag_atlantic:vga_jtag_uart_0_alt_jtag_atlantic|rdata[7]          ; Packed Register ; Register Packing ; Timing optimization ; Q         ;                ; vga_jtag_uart_0:jtag_uart_0|vga_jtag_uart_0_scfifo_w:the_vga_jtag_uart_0_scfifo_w|scfifo:wfifo|scfifo_jr21:auto_generated|a_dpfifo_l011:dpfifo|altsyncram_nio1:FIFOram|q_b[7] ; PORTBDATAOUT     ;                       ;
; vga_video_csc_0:video_csc_0|altera_up_YCrCb_to_RGB_converter:YCrCb_to_RGB|Cb_sub[7]               ; Packed Register ; Register Packing ; Timing optimization ; Q         ;                ; vga_video_csc_0:video_csc_0|altera_up_YCrCb_to_RGB_converter:YCrCb_to_RGB|lpm_mult:lpm_mult_component_3|mult_duq:auto_generated|mac_mult1                                     ; DATAA            ;                       ;
; vga_video_csc_0:video_csc_0|altera_up_YCrCb_to_RGB_converter:YCrCb_to_RGB|Cb_sub[7]               ; Duplicated      ; Register Packing ; Timing optimization ; Q         ;                ; vga_video_csc_0:video_csc_0|altera_up_YCrCb_to_RGB_converter:YCrCb_to_RGB|Cb_sub[7]~_Duplicate_1                                                                              ; Q                ;                       ;
; vga_video_csc_0:video_csc_0|altera_up_YCrCb_to_RGB_converter:YCrCb_to_RGB|Cb_sub[7]~_Duplicate_1  ; Packed Register ; Register Packing ; Timing optimization ; Q         ;                ; vga_video_csc_0:video_csc_0|altera_up_YCrCb_to_RGB_converter:YCrCb_to_RGB|lpm_mult:lpm_mult_component_3|mult_duq:auto_generated|mac_mult1                                     ; DATAA            ;                       ;
; vga_video_csc_0:video_csc_0|altera_up_YCrCb_to_RGB_converter:YCrCb_to_RGB|Cb_sub[7]~_Duplicate_1  ; Duplicated      ; Register Packing ; Timing optimization ; Q         ;                ; vga_video_csc_0:video_csc_0|altera_up_YCrCb_to_RGB_converter:YCrCb_to_RGB|Cb_sub[7]~_Duplicate_2                                                                              ; Q                ;                       ;
; vga_video_csc_0:video_csc_0|altera_up_YCrCb_to_RGB_converter:YCrCb_to_RGB|Cb_sub[7]~_Duplicate_2  ; Packed Register ; Register Packing ; Timing optimization ; Q         ;                ; vga_video_csc_0:video_csc_0|altera_up_YCrCb_to_RGB_converter:YCrCb_to_RGB|lpm_mult:lpm_mult_component_3|mult_duq:auto_generated|mac_mult1                                     ; DATAA            ;                       ;
; vga_video_csc_0:video_csc_0|altera_up_YCrCb_to_RGB_converter:YCrCb_to_RGB|Cb_sub[7]~_Duplicate_2  ; Duplicated      ; Register Packing ; Timing optimization ; Q         ;                ; vga_video_csc_0:video_csc_0|altera_up_YCrCb_to_RGB_converter:YCrCb_to_RGB|Cb_sub[7]~_Duplicate_3                                                                              ; Q                ;                       ;
; vga_video_csc_0:video_csc_0|altera_up_YCrCb_to_RGB_converter:YCrCb_to_RGB|Cb_sub[7]~_Duplicate_3  ; Packed Register ; Register Packing ; Timing optimization ; Q         ;                ; vga_video_csc_0:video_csc_0|altera_up_YCrCb_to_RGB_converter:YCrCb_to_RGB|lpm_mult:lpm_mult_component_3|mult_duq:auto_generated|mac_mult1                                     ; DATAA            ;                       ;
; vga_video_csc_0:video_csc_0|altera_up_YCrCb_to_RGB_converter:YCrCb_to_RGB|Cb_sub[7]~_Duplicate_3  ; Duplicated      ; Register Packing ; Timing optimization ; Q         ;                ; vga_video_csc_0:video_csc_0|altera_up_YCrCb_to_RGB_converter:YCrCb_to_RGB|Cb_sub[7]~_Duplicate_4                                                                              ; Q                ;                       ;
; vga_video_csc_0:video_csc_0|altera_up_YCrCb_to_RGB_converter:YCrCb_to_RGB|Cb_sub[7]~_Duplicate_4  ; Packed Register ; Register Packing ; Timing optimization ; Q         ;                ; vga_video_csc_0:video_csc_0|altera_up_YCrCb_to_RGB_converter:YCrCb_to_RGB|lpm_mult:lpm_mult_component_3|mult_duq:auto_generated|mac_mult1                                     ; DATAA            ;                       ;
; vga_video_csc_0:video_csc_0|altera_up_YCrCb_to_RGB_converter:YCrCb_to_RGB|Cb_sub[7]~_Duplicate_4  ; Duplicated      ; Register Packing ; Timing optimization ; Q         ;                ; vga_video_csc_0:video_csc_0|altera_up_YCrCb_to_RGB_converter:YCrCb_to_RGB|Cb_sub[7]~_Duplicate_5                                                                              ; Q                ;                       ;
; vga_video_csc_0:video_csc_0|altera_up_YCrCb_to_RGB_converter:YCrCb_to_RGB|Cb_sub[7]~_Duplicate_5  ; Packed Register ; Register Packing ; Timing optimization ; Q         ;                ; vga_video_csc_0:video_csc_0|altera_up_YCrCb_to_RGB_converter:YCrCb_to_RGB|lpm_mult:lpm_mult_component_3|mult_duq:auto_generated|mac_mult1                                     ; DATAA            ;                       ;
; vga_video_csc_0:video_csc_0|altera_up_YCrCb_to_RGB_converter:YCrCb_to_RGB|Cb_sub[7]~_Duplicate_5  ; Duplicated      ; Register Packing ; Timing optimization ; Q         ;                ; vga_video_csc_0:video_csc_0|altera_up_YCrCb_to_RGB_converter:YCrCb_to_RGB|Cb_sub[7]~_Duplicate_6                                                                              ; Q                ;                       ;
; vga_video_csc_0:video_csc_0|altera_up_YCrCb_to_RGB_converter:YCrCb_to_RGB|Cb_sub[7]~_Duplicate_6  ; Packed Register ; Register Packing ; Timing optimization ; Q         ;                ; vga_video_csc_0:video_csc_0|altera_up_YCrCb_to_RGB_converter:YCrCb_to_RGB|lpm_mult:lpm_mult_component_3|mult_duq:auto_generated|mac_mult1                                     ; DATAA            ;                       ;
; vga_video_csc_0:video_csc_0|altera_up_YCrCb_to_RGB_converter:YCrCb_to_RGB|Cb_sub[7]~_Duplicate_6  ; Duplicated      ; Register Packing ; Timing optimization ; Q         ;                ; vga_video_csc_0:video_csc_0|altera_up_YCrCb_to_RGB_converter:YCrCb_to_RGB|Cb_sub[7]~_Duplicate_7                                                                              ; Q                ;                       ;
; vga_video_csc_0:video_csc_0|altera_up_YCrCb_to_RGB_converter:YCrCb_to_RGB|Cb_sub[7]~_Duplicate_7  ; Packed Register ; Register Packing ; Timing optimization ; Q         ;                ; vga_video_csc_0:video_csc_0|altera_up_YCrCb_to_RGB_converter:YCrCb_to_RGB|lpm_mult:lpm_mult_component_3|mult_duq:auto_generated|mac_mult1                                     ; DATAA            ;                       ;
; vga_video_csc_0:video_csc_0|altera_up_YCrCb_to_RGB_converter:YCrCb_to_RGB|Cb_sub[7]~_Duplicate_7  ; Duplicated      ; Register Packing ; Timing optimization ; Q         ;                ; vga_video_csc_0:video_csc_0|altera_up_YCrCb_to_RGB_converter:YCrCb_to_RGB|Cb_sub[7]~_Duplicate_8                                                                              ; Q                ;                       ;
; vga_video_csc_0:video_csc_0|altera_up_YCrCb_to_RGB_converter:YCrCb_to_RGB|Cb_sub[7]~_Duplicate_8  ; Packed Register ; Register Packing ; Timing optimization ; Q         ;                ; vga_video_csc_0:video_csc_0|altera_up_YCrCb_to_RGB_converter:YCrCb_to_RGB|lpm_mult:lpm_mult_component_3|mult_duq:auto_generated|mac_mult1                                     ; DATAA            ;                       ;
; vga_video_csc_0:video_csc_0|altera_up_YCrCb_to_RGB_converter:YCrCb_to_RGB|Cb_sub[7]~_Duplicate_8  ; Duplicated      ; Register Packing ; Timing optimization ; Q         ;                ; vga_video_csc_0:video_csc_0|altera_up_YCrCb_to_RGB_converter:YCrCb_to_RGB|Cb_sub[7]~_Duplicate_9                                                                              ; Q                ;                       ;
; vga_video_csc_0:video_csc_0|altera_up_YCrCb_to_RGB_converter:YCrCb_to_RGB|Cb_sub[7]~_Duplicate_9  ; Packed Register ; Register Packing ; Timing optimization ; Q         ;                ; vga_video_csc_0:video_csc_0|altera_up_YCrCb_to_RGB_converter:YCrCb_to_RGB|lpm_mult:lpm_mult_component_3|mult_duq:auto_generated|mac_mult1                                     ; DATAA            ;                       ;
; vga_video_csc_0:video_csc_0|altera_up_YCrCb_to_RGB_converter:YCrCb_to_RGB|Cb_sub[7]~_Duplicate_9  ; Duplicated      ; Register Packing ; Timing optimization ; Q         ;                ; vga_video_csc_0:video_csc_0|altera_up_YCrCb_to_RGB_converter:YCrCb_to_RGB|Cb_sub[7]~_Duplicate_10                                                                             ; Q                ;                       ;
; vga_video_csc_0:video_csc_0|altera_up_YCrCb_to_RGB_converter:YCrCb_to_RGB|Cb_sub[7]~_Duplicate_10 ; Packed Register ; Register Packing ; Timing optimization ; Q         ;                ; vga_video_csc_0:video_csc_0|altera_up_YCrCb_to_RGB_converter:YCrCb_to_RGB|lpm_mult:lpm_mult_component_3|mult_duq:auto_generated|mac_mult1                                     ; DATAA            ;                       ;
; vga_video_csc_0:video_csc_0|altera_up_YCrCb_to_RGB_converter:YCrCb_to_RGB|Cb_sub[7]~_Duplicate_10 ; Duplicated      ; Register Packing ; Timing optimization ; Q         ;                ; vga_video_csc_0:video_csc_0|altera_up_YCrCb_to_RGB_converter:YCrCb_to_RGB|Cb_sub[7]~_Duplicate_11                                                                             ; Q                ;                       ;
; vga_video_csc_0:video_csc_0|altera_up_YCrCb_to_RGB_converter:YCrCb_to_RGB|Cb_sub[7]~_Duplicate_11 ; Packed Register ; Register Packing ; Timing optimization ; Q         ;                ; vga_video_csc_0:video_csc_0|altera_up_YCrCb_to_RGB_converter:YCrCb_to_RGB|lpm_mult:lpm_mult_component_1|mult_duq:auto_generated|mac_mult1                                     ; DATAA            ;                       ;
; vga_video_csc_0:video_csc_0|altera_up_YCrCb_to_RGB_converter:YCrCb_to_RGB|Cb_sub[7]~_Duplicate_11 ; Duplicated      ; Register Packing ; Timing optimization ; Q         ;                ; vga_video_csc_0:video_csc_0|altera_up_YCrCb_to_RGB_converter:YCrCb_to_RGB|Cb_sub[7]~_Duplicate_12                                                                             ; Q                ;                       ;
; vga_video_csc_0:video_csc_0|altera_up_YCrCb_to_RGB_converter:YCrCb_to_RGB|Cb_sub[7]~_Duplicate_12 ; Packed Register ; Register Packing ; Timing optimization ; Q         ;                ; vga_video_csc_0:video_csc_0|altera_up_YCrCb_to_RGB_converter:YCrCb_to_RGB|lpm_mult:lpm_mult_component_1|mult_duq:auto_generated|mac_mult1                                     ; DATAA            ;                       ;
; vga_video_csc_0:video_csc_0|altera_up_YCrCb_to_RGB_converter:YCrCb_to_RGB|Cb_sub[7]~_Duplicate_12 ; Duplicated      ; Register Packing ; Timing optimization ; Q         ;                ; vga_video_csc_0:video_csc_0|altera_up_YCrCb_to_RGB_converter:YCrCb_to_RGB|Cb_sub[7]~_Duplicate_13                                                                             ; Q                ;                       ;
; vga_video_csc_0:video_csc_0|altera_up_YCrCb_to_RGB_converter:YCrCb_to_RGB|Cb_sub[7]~_Duplicate_13 ; Packed Register ; Register Packing ; Timing optimization ; Q         ;                ; vga_video_csc_0:video_csc_0|altera_up_YCrCb_to_RGB_converter:YCrCb_to_RGB|lpm_mult:lpm_mult_component_1|mult_duq:auto_generated|mac_mult1                                     ; DATAA            ;                       ;
; vga_video_csc_0:video_csc_0|altera_up_YCrCb_to_RGB_converter:YCrCb_to_RGB|Cb_sub[7]~_Duplicate_13 ; Duplicated      ; Register Packing ; Timing optimization ; Q         ;                ; vga_video_csc_0:video_csc_0|altera_up_YCrCb_to_RGB_converter:YCrCb_to_RGB|Cb_sub[7]~_Duplicate_14                                                                             ; Q                ;                       ;
; vga_video_csc_0:video_csc_0|altera_up_YCrCb_to_RGB_converter:YCrCb_to_RGB|Cb_sub[7]~_Duplicate_14 ; Packed Register ; Register Packing ; Timing optimization ; Q         ;                ; vga_video_csc_0:video_csc_0|altera_up_YCrCb_to_RGB_converter:YCrCb_to_RGB|lpm_mult:lpm_mult_component_1|mult_duq:auto_generated|mac_mult1                                     ; DATAA            ;                       ;
; vga_video_csc_0:video_csc_0|altera_up_YCrCb_to_RGB_converter:YCrCb_to_RGB|Cb_sub[7]~_Duplicate_14 ; Duplicated      ; Register Packing ; Timing optimization ; Q         ;                ; vga_video_csc_0:video_csc_0|altera_up_YCrCb_to_RGB_converter:YCrCb_to_RGB|Cb_sub[7]~_Duplicate_15                                                                             ; Q                ;                       ;
; vga_video_csc_0:video_csc_0|altera_up_YCrCb_to_RGB_converter:YCrCb_to_RGB|Cb_sub[7]~_Duplicate_15 ; Packed Register ; Register Packing ; Timing optimization ; Q         ;                ; vga_video_csc_0:video_csc_0|altera_up_YCrCb_to_RGB_converter:YCrCb_to_RGB|lpm_mult:lpm_mult_component_1|mult_duq:auto_generated|mac_mult1                                     ; DATAA            ;                       ;
; vga_video_csc_0:video_csc_0|altera_up_YCrCb_to_RGB_converter:YCrCb_to_RGB|Cb_sub[7]~_Duplicate_15 ; Duplicated      ; Register Packing ; Timing optimization ; Q         ;                ; vga_video_csc_0:video_csc_0|altera_up_YCrCb_to_RGB_converter:YCrCb_to_RGB|Cb_sub[7]~_Duplicate_16                                                                             ; Q                ;                       ;
; vga_video_csc_0:video_csc_0|altera_up_YCrCb_to_RGB_converter:YCrCb_to_RGB|Cb_sub[7]~_Duplicate_16 ; Packed Register ; Register Packing ; Timing optimization ; Q         ;                ; vga_video_csc_0:video_csc_0|altera_up_YCrCb_to_RGB_converter:YCrCb_to_RGB|lpm_mult:lpm_mult_component_1|mult_duq:auto_generated|mac_mult1                                     ; DATAA            ;                       ;
; vga_video_csc_0:video_csc_0|altera_up_YCrCb_to_RGB_converter:YCrCb_to_RGB|Cb_sub[7]~_Duplicate_16 ; Duplicated      ; Register Packing ; Timing optimization ; Q         ;                ; vga_video_csc_0:video_csc_0|altera_up_YCrCb_to_RGB_converter:YCrCb_to_RGB|Cb_sub[7]~_Duplicate_17                                                                             ; Q                ;                       ;
; vga_video_csc_0:video_csc_0|altera_up_YCrCb_to_RGB_converter:YCrCb_to_RGB|Cb_sub[7]~_Duplicate_17 ; Packed Register ; Register Packing ; Timing optimization ; Q         ;                ; vga_video_csc_0:video_csc_0|altera_up_YCrCb_to_RGB_converter:YCrCb_to_RGB|lpm_mult:lpm_mult_component_1|mult_duq:auto_generated|mac_mult1                                     ; DATAA            ;                       ;
; vga_video_csc_0:video_csc_0|altera_up_YCrCb_to_RGB_converter:YCrCb_to_RGB|Cb_sub[7]~_Duplicate_17 ; Duplicated      ; Register Packing ; Timing optimization ; Q         ;                ; vga_video_csc_0:video_csc_0|altera_up_YCrCb_to_RGB_converter:YCrCb_to_RGB|Cb_sub[7]~_Duplicate_18                                                                             ; Q                ;                       ;
; vga_video_csc_0:video_csc_0|altera_up_YCrCb_to_RGB_converter:YCrCb_to_RGB|Cb_sub[7]~_Duplicate_18 ; Packed Register ; Register Packing ; Timing optimization ; Q         ;                ; vga_video_csc_0:video_csc_0|altera_up_YCrCb_to_RGB_converter:YCrCb_to_RGB|lpm_mult:lpm_mult_component_1|mult_duq:auto_generated|mac_mult1                                     ; DATAA            ;                       ;
; vga_video_csc_0:video_csc_0|altera_up_YCrCb_to_RGB_converter:YCrCb_to_RGB|Cb_sub[7]~_Duplicate_18 ; Duplicated      ; Register Packing ; Timing optimization ; Q         ;                ; vga_video_csc_0:video_csc_0|altera_up_YCrCb_to_RGB_converter:YCrCb_to_RGB|Cb_sub[7]~_Duplicate_19                                                                             ; Q                ;                       ;
; vga_video_csc_0:video_csc_0|altera_up_YCrCb_to_RGB_converter:YCrCb_to_RGB|Cb_sub[7]~_Duplicate_19 ; Packed Register ; Register Packing ; Timing optimization ; Q         ;                ; vga_video_csc_0:video_csc_0|altera_up_YCrCb_to_RGB_converter:YCrCb_to_RGB|lpm_mult:lpm_mult_component_1|mult_duq:auto_generated|mac_mult1                                     ; DATAA            ;                       ;
; vga_video_csc_0:video_csc_0|altera_up_YCrCb_to_RGB_converter:YCrCb_to_RGB|Cb_sub[7]~_Duplicate_19 ; Duplicated      ; Register Packing ; Timing optimization ; Q         ;                ; vga_video_csc_0:video_csc_0|altera_up_YCrCb_to_RGB_converter:YCrCb_to_RGB|Cb_sub[7]~_Duplicate_20                                                                             ; Q                ;                       ;
; vga_video_csc_0:video_csc_0|altera_up_YCrCb_to_RGB_converter:YCrCb_to_RGB|Cb_sub[7]~_Duplicate_20 ; Packed Register ; Register Packing ; Timing optimization ; Q         ;                ; vga_video_csc_0:video_csc_0|altera_up_YCrCb_to_RGB_converter:YCrCb_to_RGB|lpm_mult:lpm_mult_component_1|mult_duq:auto_generated|mac_mult1                                     ; DATAA            ;                       ;
; vga_video_csc_0:video_csc_0|altera_up_YCrCb_to_RGB_converter:YCrCb_to_RGB|Cb_sub[7]~_Duplicate_20 ; Duplicated      ; Register Packing ; Timing optimization ; Q         ;                ; vga_video_csc_0:video_csc_0|altera_up_YCrCb_to_RGB_converter:YCrCb_to_RGB|Cb_sub[7]~_Duplicate_21                                                                             ; Q                ;                       ;
; vga_video_csc_0:video_csc_0|altera_up_YCrCb_to_RGB_converter:YCrCb_to_RGB|Cb_sub[7]~_Duplicate_21 ; Packed Register ; Register Packing ; Timing optimization ; Q         ;                ; vga_video_csc_0:video_csc_0|altera_up_YCrCb_to_RGB_converter:YCrCb_to_RGB|lpm_mult:lpm_mult_component_1|mult_duq:auto_generated|mac_mult1                                     ; DATAA            ;                       ;
; vga_video_csc_0:video_csc_0|altera_up_YCrCb_to_RGB_converter:YCrCb_to_RGB|Cb_sub[7]~_Duplicate_21 ; Duplicated      ; Register Packing ; Timing optimization ; Q         ;                ; vga_video_csc_0:video_csc_0|altera_up_YCrCb_to_RGB_converter:YCrCb_to_RGB|Cb_sub[7]~_Duplicate_22                                                                             ; Q                ;                       ;
; vga_video_csc_0:video_csc_0|altera_up_YCrCb_to_RGB_converter:YCrCb_to_RGB|Cb_sub[7]~_Duplicate_22 ; Packed Register ; Register Packing ; Timing optimization ; Q         ;                ; vga_video_csc_0:video_csc_0|altera_up_YCrCb_to_RGB_converter:YCrCb_to_RGB|lpm_mult:lpm_mult_component_4|mult_duq:auto_generated|mac_mult1                                     ; DATAA            ;                       ;
; vga_video_csc_0:video_csc_0|altera_up_YCrCb_to_RGB_converter:YCrCb_to_RGB|Cb_sub[7]~_Duplicate_22 ; Duplicated      ; Register Packing ; Timing optimization ; Q         ;                ; vga_video_csc_0:video_csc_0|altera_up_YCrCb_to_RGB_converter:YCrCb_to_RGB|Cb_sub[7]~_Duplicate_23                                                                             ; Q                ;                       ;
; vga_video_csc_0:video_csc_0|altera_up_YCrCb_to_RGB_converter:YCrCb_to_RGB|Cb_sub[7]~_Duplicate_23 ; Packed Register ; Register Packing ; Timing optimization ; Q         ;                ; vga_video_csc_0:video_csc_0|altera_up_YCrCb_to_RGB_converter:YCrCb_to_RGB|lpm_mult:lpm_mult_component_4|mult_duq:auto_generated|mac_mult1                                     ; DATAA            ;                       ;
; vga_video_csc_0:video_csc_0|altera_up_YCrCb_to_RGB_converter:YCrCb_to_RGB|Cb_sub[7]~_Duplicate_23 ; Duplicated      ; Register Packing ; Timing optimization ; Q         ;                ; vga_video_csc_0:video_csc_0|altera_up_YCrCb_to_RGB_converter:YCrCb_to_RGB|Cb_sub[7]~_Duplicate_24                                                                             ; Q                ;                       ;
; vga_video_csc_0:video_csc_0|altera_up_YCrCb_to_RGB_converter:YCrCb_to_RGB|Cb_sub[7]~_Duplicate_24 ; Packed Register ; Register Packing ; Timing optimization ; Q         ;                ; vga_video_csc_0:video_csc_0|altera_up_YCrCb_to_RGB_converter:YCrCb_to_RGB|lpm_mult:lpm_mult_component_4|mult_duq:auto_generated|mac_mult1                                     ; DATAA            ;                       ;
; vga_video_csc_0:video_csc_0|altera_up_YCrCb_to_RGB_converter:YCrCb_to_RGB|Cb_sub[7]~_Duplicate_24 ; Duplicated      ; Register Packing ; Timing optimization ; Q         ;                ; vga_video_csc_0:video_csc_0|altera_up_YCrCb_to_RGB_converter:YCrCb_to_RGB|Cb_sub[7]~_Duplicate_25                                                                             ; Q                ;                       ;
; vga_video_csc_0:video_csc_0|altera_up_YCrCb_to_RGB_converter:YCrCb_to_RGB|Cb_sub[7]~_Duplicate_25 ; Packed Register ; Register Packing ; Timing optimization ; Q         ;                ; vga_video_csc_0:video_csc_0|altera_up_YCrCb_to_RGB_converter:YCrCb_to_RGB|lpm_mult:lpm_mult_component_4|mult_duq:auto_generated|mac_mult1                                     ; DATAA            ;                       ;
; vga_video_csc_0:video_csc_0|altera_up_YCrCb_to_RGB_converter:YCrCb_to_RGB|Cb_sub[7]~_Duplicate_25 ; Duplicated      ; Register Packing ; Timing optimization ; Q         ;                ; vga_video_csc_0:video_csc_0|altera_up_YCrCb_to_RGB_converter:YCrCb_to_RGB|Cb_sub[7]~_Duplicate_26                                                                             ; Q                ;                       ;
; vga_video_csc_0:video_csc_0|altera_up_YCrCb_to_RGB_converter:YCrCb_to_RGB|Cb_sub[7]~_Duplicate_26 ; Packed Register ; Register Packing ; Timing optimization ; Q         ;                ; vga_video_csc_0:video_csc_0|altera_up_YCrCb_to_RGB_converter:YCrCb_to_RGB|lpm_mult:lpm_mult_component_4|mult_duq:auto_generated|mac_mult1                                     ; DATAA            ;                       ;
; vga_video_csc_0:video_csc_0|altera_up_YCrCb_to_RGB_converter:YCrCb_to_RGB|Cb_sub[7]~_Duplicate_26 ; Duplicated      ; Register Packing ; Timing optimization ; Q         ;                ; vga_video_csc_0:video_csc_0|altera_up_YCrCb_to_RGB_converter:YCrCb_to_RGB|Cb_sub[7]~_Duplicate_27                                                                             ; Q                ;                       ;
; vga_video_csc_0:video_csc_0|altera_up_YCrCb_to_RGB_converter:YCrCb_to_RGB|Cb_sub[7]~_Duplicate_27 ; Packed Register ; Register Packing ; Timing optimization ; Q         ;                ; vga_video_csc_0:video_csc_0|altera_up_YCrCb_to_RGB_converter:YCrCb_to_RGB|lpm_mult:lpm_mult_component_4|mult_duq:auto_generated|mac_mult1                                     ; DATAA            ;                       ;
; vga_video_csc_0:video_csc_0|altera_up_YCrCb_to_RGB_converter:YCrCb_to_RGB|Cb_sub[7]~_Duplicate_27 ; Duplicated      ; Register Packing ; Timing optimization ; Q         ;                ; vga_video_csc_0:video_csc_0|altera_up_YCrCb_to_RGB_converter:YCrCb_to_RGB|Cb_sub[7]~_Duplicate_28                                                                             ; Q                ;                       ;
; vga_video_csc_0:video_csc_0|altera_up_YCrCb_to_RGB_converter:YCrCb_to_RGB|Cb_sub[7]~_Duplicate_28 ; Packed Register ; Register Packing ; Timing optimization ; Q         ;                ; vga_video_csc_0:video_csc_0|altera_up_YCrCb_to_RGB_converter:YCrCb_to_RGB|lpm_mult:lpm_mult_component_4|mult_duq:auto_generated|mac_mult1                                     ; DATAA            ;                       ;
; vga_video_csc_0:video_csc_0|altera_up_YCrCb_to_RGB_converter:YCrCb_to_RGB|Cb_sub[7]~_Duplicate_28 ; Duplicated      ; Register Packing ; Timing optimization ; Q         ;                ; vga_video_csc_0:video_csc_0|altera_up_YCrCb_to_RGB_converter:YCrCb_to_RGB|Cb_sub[7]~_Duplicate_29                                                                             ; Q                ;                       ;
; vga_video_csc_0:video_csc_0|altera_up_YCrCb_to_RGB_converter:YCrCb_to_RGB|Cb_sub[7]~_Duplicate_29 ; Packed Register ; Register Packing ; Timing optimization ; Q         ;                ; vga_video_csc_0:video_csc_0|altera_up_YCrCb_to_RGB_converter:YCrCb_to_RGB|lpm_mult:lpm_mult_component_4|mult_duq:auto_generated|mac_mult1                                     ; DATAA            ;                       ;
; vga_video_csc_0:video_csc_0|altera_up_YCrCb_to_RGB_converter:YCrCb_to_RGB|Cb_sub[7]~_Duplicate_29 ; Duplicated      ; Register Packing ; Timing optimization ; Q         ;                ; vga_video_csc_0:video_csc_0|altera_up_YCrCb_to_RGB_converter:YCrCb_to_RGB|Cb_sub[7]~_Duplicate_30                                                                             ; Q                ;                       ;
; vga_video_csc_0:video_csc_0|altera_up_YCrCb_to_RGB_converter:YCrCb_to_RGB|Cb_sub[7]~_Duplicate_30 ; Packed Register ; Register Packing ; Timing optimization ; Q         ;                ; vga_video_csc_0:video_csc_0|altera_up_YCrCb_to_RGB_converter:YCrCb_to_RGB|lpm_mult:lpm_mult_component_4|mult_duq:auto_generated|mac_mult1                                     ; DATAA            ;                       ;
; vga_video_csc_0:video_csc_0|altera_up_YCrCb_to_RGB_converter:YCrCb_to_RGB|Cb_sub[7]~_Duplicate_30 ; Duplicated      ; Register Packing ; Timing optimization ; Q         ;                ; vga_video_csc_0:video_csc_0|altera_up_YCrCb_to_RGB_converter:YCrCb_to_RGB|Cb_sub[7]~_Duplicate_31                                                                             ; Q                ;                       ;
; vga_video_csc_0:video_csc_0|altera_up_YCrCb_to_RGB_converter:YCrCb_to_RGB|Cb_sub[7]~_Duplicate_31 ; Packed Register ; Register Packing ; Timing optimization ; Q         ;                ; vga_video_csc_0:video_csc_0|altera_up_YCrCb_to_RGB_converter:YCrCb_to_RGB|lpm_mult:lpm_mult_component_4|mult_duq:auto_generated|mac_mult1                                     ; DATAA            ;                       ;
; vga_video_csc_0:video_csc_0|altera_up_YCrCb_to_RGB_converter:YCrCb_to_RGB|Cb_sub[7]~_Duplicate_31 ; Duplicated      ; Register Packing ; Timing optimization ; Q         ;                ; vga_video_csc_0:video_csc_0|altera_up_YCrCb_to_RGB_converter:YCrCb_to_RGB|Cb_sub[7]~_Duplicate_32                                                                             ; Q                ;                       ;
; vga_video_csc_0:video_csc_0|altera_up_YCrCb_to_RGB_converter:YCrCb_to_RGB|Cb_sub[7]~_Duplicate_32 ; Packed Register ; Register Packing ; Timing optimization ; Q         ;                ; vga_video_csc_0:video_csc_0|altera_up_YCrCb_to_RGB_converter:YCrCb_to_RGB|lpm_mult:lpm_mult_component_4|mult_duq:auto_generated|mac_mult1                                     ; DATAA            ;                       ;
; vga_video_csc_0:video_csc_0|altera_up_YCrCb_to_RGB_converter:YCrCb_to_RGB|Cb_sub[7]~_Duplicate_32 ; Duplicated      ; Register Packing ; Timing optimization ; Q         ;                ; vga_video_csc_0:video_csc_0|altera_up_YCrCb_to_RGB_converter:YCrCb_to_RGB|Cb_sub[7]~_Duplicate_33                                                                             ; Q                ;                       ;
; vga_video_csc_0:video_csc_0|altera_up_YCrCb_to_RGB_converter:YCrCb_to_RGB|Cb_sub[7]~_Duplicate_33 ; Packed Register ; Register Packing ; Timing optimization ; Q         ;                ; vga_video_csc_0:video_csc_0|altera_up_YCrCb_to_RGB_converter:YCrCb_to_RGB|lpm_mult:lpm_mult_component_2|mult_duq:auto_generated|mac_mult1                                     ; DATAA            ;                       ;
; vga_video_csc_0:video_csc_0|altera_up_YCrCb_to_RGB_converter:YCrCb_to_RGB|Cb_sub[7]~_Duplicate_33 ; Duplicated      ; Register Packing ; Timing optimization ; Q         ;                ; vga_video_csc_0:video_csc_0|altera_up_YCrCb_to_RGB_converter:YCrCb_to_RGB|Cb_sub[7]~_Duplicate_34                                                                             ; Q                ;                       ;
; vga_video_csc_0:video_csc_0|altera_up_YCrCb_to_RGB_converter:YCrCb_to_RGB|Cb_sub[7]~_Duplicate_34 ; Packed Register ; Register Packing ; Timing optimization ; Q         ;                ; vga_video_csc_0:video_csc_0|altera_up_YCrCb_to_RGB_converter:YCrCb_to_RGB|lpm_mult:lpm_mult_component_2|mult_duq:auto_generated|mac_mult1                                     ; DATAA            ;                       ;
; vga_video_csc_0:video_csc_0|altera_up_YCrCb_to_RGB_converter:YCrCb_to_RGB|Cb_sub[7]~_Duplicate_34 ; Duplicated      ; Register Packing ; Timing optimization ; Q         ;                ; vga_video_csc_0:video_csc_0|altera_up_YCrCb_to_RGB_converter:YCrCb_to_RGB|Cb_sub[7]~_Duplicate_35                                                                             ; Q                ;                       ;
; vga_video_csc_0:video_csc_0|altera_up_YCrCb_to_RGB_converter:YCrCb_to_RGB|Cb_sub[7]~_Duplicate_35 ; Packed Register ; Register Packing ; Timing optimization ; Q         ;                ; vga_video_csc_0:video_csc_0|altera_up_YCrCb_to_RGB_converter:YCrCb_to_RGB|lpm_mult:lpm_mult_component_2|mult_duq:auto_generated|mac_mult1                                     ; DATAA            ;                       ;
; vga_video_csc_0:video_csc_0|altera_up_YCrCb_to_RGB_converter:YCrCb_to_RGB|Cb_sub[7]~_Duplicate_35 ; Duplicated      ; Register Packing ; Timing optimization ; Q         ;                ; vga_video_csc_0:video_csc_0|altera_up_YCrCb_to_RGB_converter:YCrCb_to_RGB|Cb_sub[7]~_Duplicate_36                                                                             ; Q                ;                       ;
; vga_video_csc_0:video_csc_0|altera_up_YCrCb_to_RGB_converter:YCrCb_to_RGB|Cb_sub[7]~_Duplicate_36 ; Packed Register ; Register Packing ; Timing optimization ; Q         ;                ; vga_video_csc_0:video_csc_0|altera_up_YCrCb_to_RGB_converter:YCrCb_to_RGB|lpm_mult:lpm_mult_component_2|mult_duq:auto_generated|mac_mult1                                     ; DATAA            ;                       ;
; vga_video_csc_0:video_csc_0|altera_up_YCrCb_to_RGB_converter:YCrCb_to_RGB|Cb_sub[7]~_Duplicate_36 ; Duplicated      ; Register Packing ; Timing optimization ; Q         ;                ; vga_video_csc_0:video_csc_0|altera_up_YCrCb_to_RGB_converter:YCrCb_to_RGB|Cb_sub[7]~_Duplicate_37                                                                             ; Q                ;                       ;
; vga_video_csc_0:video_csc_0|altera_up_YCrCb_to_RGB_converter:YCrCb_to_RGB|Cb_sub[7]~_Duplicate_37 ; Packed Register ; Register Packing ; Timing optimization ; Q         ;                ; vga_video_csc_0:video_csc_0|altera_up_YCrCb_to_RGB_converter:YCrCb_to_RGB|lpm_mult:lpm_mult_component_2|mult_duq:auto_generated|mac_mult1                                     ; DATAA            ;                       ;
; vga_video_csc_0:video_csc_0|altera_up_YCrCb_to_RGB_converter:YCrCb_to_RGB|Cb_sub[7]~_Duplicate_37 ; Duplicated      ; Register Packing ; Timing optimization ; Q         ;                ; vga_video_csc_0:video_csc_0|altera_up_YCrCb_to_RGB_converter:YCrCb_to_RGB|Cb_sub[7]~_Duplicate_38                                                                             ; Q                ;                       ;
; vga_video_csc_0:video_csc_0|altera_up_YCrCb_to_RGB_converter:YCrCb_to_RGB|Cb_sub[7]~_Duplicate_38 ; Packed Register ; Register Packing ; Timing optimization ; Q         ;                ; vga_video_csc_0:video_csc_0|altera_up_YCrCb_to_RGB_converter:YCrCb_to_RGB|lpm_mult:lpm_mult_component_2|mult_duq:auto_generated|mac_mult1                                     ; DATAA            ;                       ;
; vga_video_csc_0:video_csc_0|altera_up_YCrCb_to_RGB_converter:YCrCb_to_RGB|Cb_sub[7]~_Duplicate_38 ; Duplicated      ; Register Packing ; Timing optimization ; Q         ;                ; vga_video_csc_0:video_csc_0|altera_up_YCrCb_to_RGB_converter:YCrCb_to_RGB|Cb_sub[7]~_Duplicate_39                                                                             ; Q                ;                       ;
; vga_video_csc_0:video_csc_0|altera_up_YCrCb_to_RGB_converter:YCrCb_to_RGB|Cb_sub[7]~_Duplicate_39 ; Packed Register ; Register Packing ; Timing optimization ; Q         ;                ; vga_video_csc_0:video_csc_0|altera_up_YCrCb_to_RGB_converter:YCrCb_to_RGB|lpm_mult:lpm_mult_component_2|mult_duq:auto_generated|mac_mult1                                     ; DATAA            ;                       ;
; vga_video_csc_0:video_csc_0|altera_up_YCrCb_to_RGB_converter:YCrCb_to_RGB|Cb_sub[7]~_Duplicate_39 ; Duplicated      ; Register Packing ; Timing optimization ; Q         ;                ; vga_video_csc_0:video_csc_0|altera_up_YCrCb_to_RGB_converter:YCrCb_to_RGB|Cb_sub[7]~_Duplicate_40                                                                             ; Q                ;                       ;
; vga_video_csc_0:video_csc_0|altera_up_YCrCb_to_RGB_converter:YCrCb_to_RGB|Cb_sub[7]~_Duplicate_40 ; Packed Register ; Register Packing ; Timing optimization ; Q         ;                ; vga_video_csc_0:video_csc_0|altera_up_YCrCb_to_RGB_converter:YCrCb_to_RGB|lpm_mult:lpm_mult_component_2|mult_duq:auto_generated|mac_mult1                                     ; DATAA            ;                       ;
; vga_video_csc_0:video_csc_0|altera_up_YCrCb_to_RGB_converter:YCrCb_to_RGB|Cb_sub[7]~_Duplicate_40 ; Duplicated      ; Register Packing ; Timing optimization ; Q         ;                ; vga_video_csc_0:video_csc_0|altera_up_YCrCb_to_RGB_converter:YCrCb_to_RGB|Cb_sub[7]~_Duplicate_41                                                                             ; Q                ;                       ;
; vga_video_csc_0:video_csc_0|altera_up_YCrCb_to_RGB_converter:YCrCb_to_RGB|Cb_sub[7]~_Duplicate_41 ; Packed Register ; Register Packing ; Timing optimization ; Q         ;                ; vga_video_csc_0:video_csc_0|altera_up_YCrCb_to_RGB_converter:YCrCb_to_RGB|lpm_mult:lpm_mult_component_2|mult_duq:auto_generated|mac_mult1                                     ; DATAA            ;                       ;
; vga_video_csc_0:video_csc_0|altera_up_YCrCb_to_RGB_converter:YCrCb_to_RGB|Cb_sub[7]~_Duplicate_41 ; Duplicated      ; Register Packing ; Timing optimization ; Q         ;                ; vga_video_csc_0:video_csc_0|altera_up_YCrCb_to_RGB_converter:YCrCb_to_RGB|Cb_sub[7]~_Duplicate_42                                                                             ; Q                ;                       ;
; vga_video_csc_0:video_csc_0|altera_up_YCrCb_to_RGB_converter:YCrCb_to_RGB|Cb_sub[7]~_Duplicate_42 ; Packed Register ; Register Packing ; Timing optimization ; Q         ;                ; vga_video_csc_0:video_csc_0|altera_up_YCrCb_to_RGB_converter:YCrCb_to_RGB|lpm_mult:lpm_mult_component_2|mult_duq:auto_generated|mac_mult1                                     ; DATAA            ;                       ;
; vga_video_csc_0:video_csc_0|altera_up_YCrCb_to_RGB_converter:YCrCb_to_RGB|Cb_sub[7]~_Duplicate_42 ; Duplicated      ; Register Packing ; Timing optimization ; Q         ;                ; vga_video_csc_0:video_csc_0|altera_up_YCrCb_to_RGB_converter:YCrCb_to_RGB|Cb_sub[7]~_Duplicate_43                                                                             ; Q                ;                       ;
; vga_video_csc_0:video_csc_0|altera_up_YCrCb_to_RGB_converter:YCrCb_to_RGB|Cb_sub[7]~_Duplicate_43 ; Packed Register ; Register Packing ; Timing optimization ; Q         ;                ; vga_video_csc_0:video_csc_0|altera_up_YCrCb_to_RGB_converter:YCrCb_to_RGB|lpm_mult:lpm_mult_component_2|mult_duq:auto_generated|mac_mult1                                     ; DATAA            ;                       ;
; vga_video_csc_0:video_csc_0|altera_up_YCrCb_to_RGB_converter:YCrCb_to_RGB|Y_sub[0]                ; Packed Register ; Register Packing ; Timing optimization ; Q         ;                ; vga_video_csc_0:video_csc_0|altera_up_YCrCb_to_RGB_converter:YCrCb_to_RGB|lpm_mult:lpm_mult_component_0|mult_duq:auto_generated|mac_mult1                                     ; DATAA            ;                       ;
; vga_video_csc_0:video_csc_0|altera_up_YCrCb_to_RGB_converter:YCrCb_to_RGB|Y_sub[0]                ; Duplicated      ; Register Packing ; Timing optimization ; Q         ;                ; vga_video_csc_0:video_csc_0|altera_up_YCrCb_to_RGB_converter:YCrCb_to_RGB|Y_sub[0]~_Duplicate_1                                                                               ; Q                ;                       ;
; vga_video_csc_0:video_csc_0|altera_up_YCrCb_to_RGB_converter:YCrCb_to_RGB|Y_sub[0]~_Duplicate_1   ; Packed Register ; Register Packing ; Timing optimization ; Q         ;                ; vga_video_csc_0:video_csc_0|altera_up_YCrCb_to_RGB_converter:YCrCb_to_RGB|lpm_mult:lpm_mult_component_0|mult_duq:auto_generated|mac_mult1                                     ; DATAA            ;                       ;
; vga_video_csc_0:video_csc_0|altera_up_YCrCb_to_RGB_converter:YCrCb_to_RGB|Y_sub[0]~_Duplicate_1   ; Duplicated      ; Register Packing ; Timing optimization ; Q         ;                ; vga_video_csc_0:video_csc_0|altera_up_YCrCb_to_RGB_converter:YCrCb_to_RGB|Y_sub[0]~_Duplicate_2                                                                               ; Q                ;                       ;
; vga_video_csc_0:video_csc_0|altera_up_YCrCb_to_RGB_converter:YCrCb_to_RGB|Y_sub[0]~_Duplicate_2   ; Packed Register ; Register Packing ; Timing optimization ; Q         ;                ; vga_video_csc_0:video_csc_0|altera_up_YCrCb_to_RGB_converter:YCrCb_to_RGB|lpm_mult:lpm_mult_component_0|mult_duq:auto_generated|mac_mult1                                     ; DATAA            ;                       ;
; vga_video_csc_0:video_csc_0|altera_up_YCrCb_to_RGB_converter:YCrCb_to_RGB|Y_sub[0]~_Duplicate_2   ; Duplicated      ; Register Packing ; Timing optimization ; Q         ;                ; vga_video_csc_0:video_csc_0|altera_up_YCrCb_to_RGB_converter:YCrCb_to_RGB|Y_sub[0]~_Duplicate_3                                                                               ; Q                ;                       ;
; vga_video_csc_0:video_csc_0|altera_up_YCrCb_to_RGB_converter:YCrCb_to_RGB|Y_sub[0]~_Duplicate_3   ; Packed Register ; Register Packing ; Timing optimization ; Q         ;                ; vga_video_csc_0:video_csc_0|altera_up_YCrCb_to_RGB_converter:YCrCb_to_RGB|lpm_mult:lpm_mult_component_0|mult_duq:auto_generated|mac_mult1                                     ; DATAA            ;                       ;
; vga_video_csc_0:video_csc_0|altera_up_YCrCb_to_RGB_converter:YCrCb_to_RGB|Y_sub[4]                ; Packed Register ; Register Packing ; Timing optimization ; Q         ;                ; vga_video_csc_0:video_csc_0|altera_up_YCrCb_to_RGB_converter:YCrCb_to_RGB|lpm_mult:lpm_mult_component_0|mult_duq:auto_generated|mac_mult1                                     ; DATAA            ;                       ;
; vga_video_csc_0:video_csc_0|altera_up_YCrCb_to_RGB_converter:YCrCb_to_RGB|Y_sub[5]                ; Packed Register ; Register Packing ; Timing optimization ; Q         ;                ; vga_video_csc_0:video_csc_0|altera_up_YCrCb_to_RGB_converter:YCrCb_to_RGB|lpm_mult:lpm_mult_component_0|mult_duq:auto_generated|mac_mult1                                     ; DATAA            ;                       ;
; vga_video_csc_0:video_csc_0|altera_up_YCrCb_to_RGB_converter:YCrCb_to_RGB|Y_sub[5]~SCLR_LUT       ; Created         ; Register Packing ; Timing optimization ;           ;                ;                                                                                                                                                                               ;                  ;                       ;
; vga_video_csc_0:video_csc_0|altera_up_YCrCb_to_RGB_converter:YCrCb_to_RGB|Y_sub[6]                ; Packed Register ; Register Packing ; Timing optimization ; Q         ;                ; vga_video_csc_0:video_csc_0|altera_up_YCrCb_to_RGB_converter:YCrCb_to_RGB|lpm_mult:lpm_mult_component_0|mult_duq:auto_generated|mac_mult1                                     ; DATAA            ;                       ;
; vga_video_csc_0:video_csc_0|altera_up_YCrCb_to_RGB_converter:YCrCb_to_RGB|Y_sub[6]                ; Duplicated      ; Register Packing ; Timing optimization ; Q         ;                ; vga_video_csc_0:video_csc_0|altera_up_YCrCb_to_RGB_converter:YCrCb_to_RGB|Y_sub[6]~_Duplicate_1                                                                               ; Q                ;                       ;
; vga_video_csc_0:video_csc_0|altera_up_YCrCb_to_RGB_converter:YCrCb_to_RGB|Y_sub[6]~SCLR_LUT       ; Created         ; Register Packing ; Timing optimization ;           ;                ;                                                                                                                                                                               ;                  ;                       ;
; vga_video_csc_0:video_csc_0|altera_up_YCrCb_to_RGB_converter:YCrCb_to_RGB|Y_sub[6]~_Duplicate_1   ; Packed Register ; Register Packing ; Timing optimization ; Q         ;                ; vga_video_csc_0:video_csc_0|altera_up_YCrCb_to_RGB_converter:YCrCb_to_RGB|lpm_mult:lpm_mult_component_0|mult_duq:auto_generated|mac_mult1                                     ; DATAA            ;                       ;
; vga_video_csc_0:video_csc_0|altera_up_YCrCb_to_RGB_converter:YCrCb_to_RGB|Y_sub[8]                ; Packed Register ; Register Packing ; Timing optimization ; Q         ;                ; vga_video_csc_0:video_csc_0|altera_up_YCrCb_to_RGB_converter:YCrCb_to_RGB|lpm_mult:lpm_mult_component_0|mult_duq:auto_generated|mac_mult1                                     ; DATAA            ;                       ;
; vga_video_csc_0:video_csc_0|altera_up_YCrCb_to_RGB_converter:YCrCb_to_RGB|Y_sub[8]                ; Duplicated      ; Register Packing ; Timing optimization ; Q         ;                ; vga_video_csc_0:video_csc_0|altera_up_YCrCb_to_RGB_converter:YCrCb_to_RGB|Y_sub[8]~_Duplicate_1                                                                               ; Q                ;                       ;
; vga_video_csc_0:video_csc_0|altera_up_YCrCb_to_RGB_converter:YCrCb_to_RGB|Y_sub[8]~SCLR_LUT       ; Created         ; Register Packing ; Timing optimization ;           ;                ;                                                                                                                                                                               ;                  ;                       ;
; vga_video_csc_0:video_csc_0|altera_up_YCrCb_to_RGB_converter:YCrCb_to_RGB|Y_sub[8]~_Duplicate_1   ; Packed Register ; Register Packing ; Timing optimization ; Q         ;                ; vga_video_csc_0:video_csc_0|altera_up_YCrCb_to_RGB_converter:YCrCb_to_RGB|lpm_mult:lpm_mult_component_0|mult_duq:auto_generated|mac_mult1                                     ; DATAA            ;                       ;
; vga_video_csc_0:video_csc_0|altera_up_YCrCb_to_RGB_converter:YCrCb_to_RGB|Y_sub[8]~_Duplicate_1   ; Duplicated      ; Register Packing ; Timing optimization ; Q         ;                ; vga_video_csc_0:video_csc_0|altera_up_YCrCb_to_RGB_converter:YCrCb_to_RGB|Y_sub[8]~_Duplicate_2                                                                               ; Q                ;                       ;
; vga_video_csc_0:video_csc_0|altera_up_YCrCb_to_RGB_converter:YCrCb_to_RGB|Y_sub[8]~_Duplicate_2   ; Packed Register ; Register Packing ; Timing optimization ; Q         ;                ; vga_video_csc_0:video_csc_0|altera_up_YCrCb_to_RGB_converter:YCrCb_to_RGB|lpm_mult:lpm_mult_component_0|mult_duq:auto_generated|mac_mult1                                     ; DATAA            ;                       ;
; vga_video_csc_0:video_csc_0|altera_up_YCrCb_to_RGB_converter:YCrCb_to_RGB|Y_sub[8]~_Duplicate_2   ; Duplicated      ; Register Packing ; Timing optimization ; Q         ;                ; vga_video_csc_0:video_csc_0|altera_up_YCrCb_to_RGB_converter:YCrCb_to_RGB|Y_sub[8]~_Duplicate_3                                                                               ; Q                ;                       ;
; vga_video_csc_0:video_csc_0|altera_up_YCrCb_to_RGB_converter:YCrCb_to_RGB|Y_sub[8]~_Duplicate_3   ; Packed Register ; Register Packing ; Timing optimization ; Q         ;                ; vga_video_csc_0:video_csc_0|altera_up_YCrCb_to_RGB_converter:YCrCb_to_RGB|lpm_mult:lpm_mult_component_0|mult_duq:auto_generated|mac_mult1                                     ; DATAA            ;                       ;
; vga_video_csc_0:video_csc_0|altera_up_YCrCb_to_RGB_converter:YCrCb_to_RGB|Y_sub[8]~_Duplicate_3   ; Duplicated      ; Register Packing ; Timing optimization ; Q         ;                ; vga_video_csc_0:video_csc_0|altera_up_YCrCb_to_RGB_converter:YCrCb_to_RGB|Y_sub[8]~_Duplicate_4                                                                               ; Q                ;                       ;
; vga_video_csc_0:video_csc_0|altera_up_YCrCb_to_RGB_converter:YCrCb_to_RGB|Y_sub[8]~_Duplicate_4   ; Packed Register ; Register Packing ; Timing optimization ; Q         ;                ; vga_video_csc_0:video_csc_0|altera_up_YCrCb_to_RGB_converter:YCrCb_to_RGB|lpm_mult:lpm_mult_component_0|mult_duq:auto_generated|mac_mult1                                     ; DATAA            ;                       ;
; vga_video_csc_0:video_csc_0|altera_up_YCrCb_to_RGB_converter:YCrCb_to_RGB|Y_sub[8]~_Duplicate_4   ; Duplicated      ; Register Packing ; Timing optimization ; Q         ;                ; vga_video_csc_0:video_csc_0|altera_up_YCrCb_to_RGB_converter:YCrCb_to_RGB|Y_sub[8]~_Duplicate_5                                                                               ; Q                ;                       ;
; vga_video_csc_0:video_csc_0|altera_up_YCrCb_to_RGB_converter:YCrCb_to_RGB|Y_sub[8]~_Duplicate_5   ; Packed Register ; Register Packing ; Timing optimization ; Q         ;                ; vga_video_csc_0:video_csc_0|altera_up_YCrCb_to_RGB_converter:YCrCb_to_RGB|lpm_mult:lpm_mult_component_0|mult_duq:auto_generated|mac_mult1                                     ; DATAA            ;                       ;
; vga_video_csc_0:video_csc_0|altera_up_YCrCb_to_RGB_converter:YCrCb_to_RGB|Y_sub[8]~_Duplicate_5   ; Duplicated      ; Register Packing ; Timing optimization ; Q         ;                ; vga_video_csc_0:video_csc_0|altera_up_YCrCb_to_RGB_converter:YCrCb_to_RGB|Y_sub[8]~_Duplicate_6                                                                               ; Q                ;                       ;
; vga_video_csc_0:video_csc_0|altera_up_YCrCb_to_RGB_converter:YCrCb_to_RGB|Y_sub[8]~_Duplicate_6   ; Packed Register ; Register Packing ; Timing optimization ; Q         ;                ; vga_video_csc_0:video_csc_0|altera_up_YCrCb_to_RGB_converter:YCrCb_to_RGB|lpm_mult:lpm_mult_component_0|mult_duq:auto_generated|mac_mult1                                     ; DATAA            ;                       ;
; vga_video_csc_0:video_csc_0|altera_up_YCrCb_to_RGB_converter:YCrCb_to_RGB|Y_sub[8]~_Duplicate_6   ; Duplicated      ; Register Packing ; Timing optimization ; Q         ;                ; vga_video_csc_0:video_csc_0|altera_up_YCrCb_to_RGB_converter:YCrCb_to_RGB|Y_sub[8]~_Duplicate_7                                                                               ; Q                ;                       ;
; vga_video_csc_0:video_csc_0|altera_up_YCrCb_to_RGB_converter:YCrCb_to_RGB|Y_sub[8]~_Duplicate_7   ; Packed Register ; Register Packing ; Timing optimization ; Q         ;                ; vga_video_csc_0:video_csc_0|altera_up_YCrCb_to_RGB_converter:YCrCb_to_RGB|lpm_mult:lpm_mult_component_0|mult_duq:auto_generated|mac_mult1                                     ; DATAA            ;                       ;
; vga_video_csc_0:video_csc_0|altera_up_YCrCb_to_RGB_converter:YCrCb_to_RGB|Y_sub[8]~_Duplicate_7   ; Duplicated      ; Register Packing ; Timing optimization ; Q         ;                ; vga_video_csc_0:video_csc_0|altera_up_YCrCb_to_RGB_converter:YCrCb_to_RGB|Y_sub[8]~_Duplicate_8                                                                               ; Q                ;                       ;
; vga_video_csc_0:video_csc_0|altera_up_YCrCb_to_RGB_converter:YCrCb_to_RGB|Y_sub[8]~_Duplicate_8   ; Packed Register ; Register Packing ; Timing optimization ; Q         ;                ; vga_video_csc_0:video_csc_0|altera_up_YCrCb_to_RGB_converter:YCrCb_to_RGB|lpm_mult:lpm_mult_component_0|mult_duq:auto_generated|mac_mult1                                     ; DATAA            ;                       ;
; vga_video_csc_0:video_csc_0|altera_up_YCrCb_to_RGB_converter:YCrCb_to_RGB|Y_sub[8]~_Duplicate_8   ; Duplicated      ; Register Packing ; Timing optimization ; Q         ;                ; vga_video_csc_0:video_csc_0|altera_up_YCrCb_to_RGB_converter:YCrCb_to_RGB|Y_sub[8]~_Duplicate_9                                                                               ; Q                ;                       ;
; vga_video_csc_0:video_csc_0|altera_up_YCrCb_to_RGB_converter:YCrCb_to_RGB|Y_sub[8]~_Duplicate_9   ; Packed Register ; Register Packing ; Timing optimization ; Q         ;                ; vga_video_csc_0:video_csc_0|altera_up_YCrCb_to_RGB_converter:YCrCb_to_RGB|lpm_mult:lpm_mult_component_0|mult_duq:auto_generated|mac_mult1                                     ; DATAA            ;                       ;
+---------------------------------------------------------------------------------------------------+-----------------+------------------+---------------------+-----------+----------------+-------------------------------------------------------------------------------------------------------------------------------------------------------------------------------+------------------+-----------------------+


+--------------------------------------------------------------------------------------------------+
; Ignored Assignments                                                                              ;
+--------------+----------------+--------------+------------------+---------------+----------------+
; Name         ; Ignored Entity ; Ignored From ; Ignored To       ; Ignored Value ; Ignored Source ;
+--------------+----------------+--------------+------------------+---------------+----------------+
; Location     ;                ;              ; AUD_ADCDAT       ; PIN_D2        ; QSF Assignment ;
; Location     ;                ;              ; AUD_ADCLRCK      ; PIN_C2        ; QSF Assignment ;
; Location     ;                ;              ; AUD_BCLK         ; PIN_F2        ; QSF Assignment ;
; Location     ;                ;              ; AUD_DACDAT       ; PIN_D1        ; QSF Assignment ;
; Location     ;                ;              ; AUD_DACLRCK      ; PIN_E3        ; QSF Assignment ;
; Location     ;                ;              ; AUD_XCK          ; PIN_E1        ; QSF Assignment ;
; Location     ;                ;              ; CLOCK2_50        ; PIN_AG14      ; QSF Assignment ;
; Location     ;                ;              ; CLOCK3_50        ; PIN_AG15      ; QSF Assignment ;
; Location     ;                ;              ; DRAM_ADDR[0]     ; PIN_R6        ; QSF Assignment ;
; Location     ;                ;              ; DRAM_ADDR[10]    ; PIN_R5        ; QSF Assignment ;
; Location     ;                ;              ; DRAM_ADDR[11]    ; PIN_AA5       ; QSF Assignment ;
; Location     ;                ;              ; DRAM_ADDR[12]    ; PIN_Y7        ; QSF Assignment ;
; Location     ;                ;              ; DRAM_ADDR[1]     ; PIN_V8        ; QSF Assignment ;
; Location     ;                ;              ; DRAM_ADDR[2]     ; PIN_U8        ; QSF Assignment ;
; Location     ;                ;              ; DRAM_ADDR[3]     ; PIN_P1        ; QSF Assignment ;
; Location     ;                ;              ; DRAM_ADDR[4]     ; PIN_V5        ; QSF Assignment ;
; Location     ;                ;              ; DRAM_ADDR[5]     ; PIN_W8        ; QSF Assignment ;
; Location     ;                ;              ; DRAM_ADDR[6]     ; PIN_W7        ; QSF Assignment ;
; Location     ;                ;              ; DRAM_ADDR[7]     ; PIN_AA7       ; QSF Assignment ;
; Location     ;                ;              ; DRAM_ADDR[8]     ; PIN_Y5        ; QSF Assignment ;
; Location     ;                ;              ; DRAM_ADDR[9]     ; PIN_Y6        ; QSF Assignment ;
; Location     ;                ;              ; DRAM_BA[0]       ; PIN_U7        ; QSF Assignment ;
; Location     ;                ;              ; DRAM_BA[1]       ; PIN_R4        ; QSF Assignment ;
; Location     ;                ;              ; DRAM_CAS_N       ; PIN_V7        ; QSF Assignment ;
; Location     ;                ;              ; DRAM_CKE         ; PIN_AA6       ; QSF Assignment ;
; Location     ;                ;              ; DRAM_CLK         ; PIN_AE5       ; QSF Assignment ;
; Location     ;                ;              ; DRAM_CS_N        ; PIN_T4        ; QSF Assignment ;
; Location     ;                ;              ; DRAM_DQM[0]      ; PIN_U2        ; QSF Assignment ;
; Location     ;                ;              ; DRAM_DQM[1]      ; PIN_W4        ; QSF Assignment ;
; Location     ;                ;              ; DRAM_DQM[2]      ; PIN_K8        ; QSF Assignment ;
; Location     ;                ;              ; DRAM_DQM[3]      ; PIN_N8        ; QSF Assignment ;
; Location     ;                ;              ; DRAM_DQ[0]       ; PIN_W3        ; QSF Assignment ;
; Location     ;                ;              ; DRAM_DQ[10]      ; PIN_AB1       ; QSF Assignment ;
; Location     ;                ;              ; DRAM_DQ[11]      ; PIN_AA3       ; QSF Assignment ;
; Location     ;                ;              ; DRAM_DQ[12]      ; PIN_AB2       ; QSF Assignment ;
; Location     ;                ;              ; DRAM_DQ[13]      ; PIN_AC1       ; QSF Assignment ;
; Location     ;                ;              ; DRAM_DQ[14]      ; PIN_AB3       ; QSF Assignment ;
; Location     ;                ;              ; DRAM_DQ[15]      ; PIN_AC2       ; QSF Assignment ;
; Location     ;                ;              ; DRAM_DQ[16]      ; PIN_M8        ; QSF Assignment ;
; Location     ;                ;              ; DRAM_DQ[17]      ; PIN_L8        ; QSF Assignment ;
; Location     ;                ;              ; DRAM_DQ[18]      ; PIN_P2        ; QSF Assignment ;
; Location     ;                ;              ; DRAM_DQ[19]      ; PIN_N3        ; QSF Assignment ;
; Location     ;                ;              ; DRAM_DQ[1]       ; PIN_W2        ; QSF Assignment ;
; Location     ;                ;              ; DRAM_DQ[20]      ; PIN_N4        ; QSF Assignment ;
; Location     ;                ;              ; DRAM_DQ[21]      ; PIN_M4        ; QSF Assignment ;
; Location     ;                ;              ; DRAM_DQ[22]      ; PIN_M7        ; QSF Assignment ;
; Location     ;                ;              ; DRAM_DQ[23]      ; PIN_L7        ; QSF Assignment ;
; Location     ;                ;              ; DRAM_DQ[24]      ; PIN_U5        ; QSF Assignment ;
; Location     ;                ;              ; DRAM_DQ[25]      ; PIN_R7        ; QSF Assignment ;
; Location     ;                ;              ; DRAM_DQ[26]      ; PIN_R1        ; QSF Assignment ;
; Location     ;                ;              ; DRAM_DQ[27]      ; PIN_R2        ; QSF Assignment ;
; Location     ;                ;              ; DRAM_DQ[28]      ; PIN_R3        ; QSF Assignment ;
; Location     ;                ;              ; DRAM_DQ[29]      ; PIN_T3        ; QSF Assignment ;
; Location     ;                ;              ; DRAM_DQ[2]       ; PIN_V4        ; QSF Assignment ;
; Location     ;                ;              ; DRAM_DQ[30]      ; PIN_U4        ; QSF Assignment ;
; Location     ;                ;              ; DRAM_DQ[31]      ; PIN_U1        ; QSF Assignment ;
; Location     ;                ;              ; DRAM_DQ[3]       ; PIN_W1        ; QSF Assignment ;
; Location     ;                ;              ; DRAM_DQ[4]       ; PIN_V3        ; QSF Assignment ;
; Location     ;                ;              ; DRAM_DQ[5]       ; PIN_V2        ; QSF Assignment ;
; Location     ;                ;              ; DRAM_DQ[6]       ; PIN_V1        ; QSF Assignment ;
; Location     ;                ;              ; DRAM_DQ[7]       ; PIN_U3        ; QSF Assignment ;
; Location     ;                ;              ; DRAM_DQ[8]       ; PIN_Y3        ; QSF Assignment ;
; Location     ;                ;              ; DRAM_DQ[9]       ; PIN_Y4        ; QSF Assignment ;
; Location     ;                ;              ; DRAM_RAS_N       ; PIN_U6        ; QSF Assignment ;
; Location     ;                ;              ; DRAM_WE_N        ; PIN_V6        ; QSF Assignment ;
; Location     ;                ;              ; EEP_I2C_SCLK     ; PIN_D14       ; QSF Assignment ;
; Location     ;                ;              ; EEP_I2C_SDAT     ; PIN_E14       ; QSF Assignment ;
; Location     ;                ;              ; ENET0_GTX_CLK    ; PIN_A17       ; QSF Assignment ;
; Location     ;                ;              ; ENET0_INT_N      ; PIN_A21       ; QSF Assignment ;
; Location     ;                ;              ; ENET0_LINK100    ; PIN_C14       ; QSF Assignment ;
; Location     ;                ;              ; ENET0_MDC        ; PIN_C20       ; QSF Assignment ;
; Location     ;                ;              ; ENET0_MDIO       ; PIN_B21       ; QSF Assignment ;
; Location     ;                ;              ; ENET0_RST_N      ; PIN_C19       ; QSF Assignment ;
; Location     ;                ;              ; ENET0_RX_CLK     ; PIN_A15       ; QSF Assignment ;
; Location     ;                ;              ; ENET0_RX_COL     ; PIN_E15       ; QSF Assignment ;
; Location     ;                ;              ; ENET0_RX_CRS     ; PIN_D15       ; QSF Assignment ;
; Location     ;                ;              ; ENET0_RX_DATA[0] ; PIN_C16       ; QSF Assignment ;
; Location     ;                ;              ; ENET0_RX_DATA[1] ; PIN_D16       ; QSF Assignment ;
; Location     ;                ;              ; ENET0_RX_DATA[2] ; PIN_D17       ; QSF Assignment ;
; Location     ;                ;              ; ENET0_RX_DATA[3] ; PIN_C15       ; QSF Assignment ;
; Location     ;                ;              ; ENET0_RX_DV      ; PIN_C17       ; QSF Assignment ;
; Location     ;                ;              ; ENET0_RX_ER      ; PIN_D18       ; QSF Assignment ;
; Location     ;                ;              ; ENET0_TX_CLK     ; PIN_B17       ; QSF Assignment ;
; Location     ;                ;              ; ENET0_TX_DATA[0] ; PIN_C18       ; QSF Assignment ;
; Location     ;                ;              ; ENET0_TX_DATA[1] ; PIN_D19       ; QSF Assignment ;
; Location     ;                ;              ; ENET0_TX_DATA[2] ; PIN_A19       ; QSF Assignment ;
; Location     ;                ;              ; ENET0_TX_DATA[3] ; PIN_B19       ; QSF Assignment ;
; Location     ;                ;              ; ENET0_TX_EN      ; PIN_A18       ; QSF Assignment ;
; Location     ;                ;              ; ENET0_TX_ER      ; PIN_B18       ; QSF Assignment ;
; Location     ;                ;              ; ENET1_GTX_CLK    ; PIN_C23       ; QSF Assignment ;
; Location     ;                ;              ; ENET1_INT_N      ; PIN_D24       ; QSF Assignment ;
; Location     ;                ;              ; ENET1_LINK100    ; PIN_D13       ; QSF Assignment ;
; Location     ;                ;              ; ENET1_MDC        ; PIN_D23       ; QSF Assignment ;
; Location     ;                ;              ; ENET1_MDIO       ; PIN_D25       ; QSF Assignment ;
; Location     ;                ;              ; ENET1_RST_N      ; PIN_D22       ; QSF Assignment ;
; Location     ;                ;              ; ENET1_RX_CLK     ; PIN_B15       ; QSF Assignment ;
; Location     ;                ;              ; ENET1_RX_COL     ; PIN_B22       ; QSF Assignment ;
; Location     ;                ;              ; ENET1_RX_CRS     ; PIN_D20       ; QSF Assignment ;
; Location     ;                ;              ; ENET1_RX_DATA[0] ; PIN_B23       ; QSF Assignment ;
; Location     ;                ;              ; ENET1_RX_DATA[1] ; PIN_C21       ; QSF Assignment ;
; Location     ;                ;              ; ENET1_RX_DATA[2] ; PIN_A23       ; QSF Assignment ;
; Location     ;                ;              ; ENET1_RX_DATA[3] ; PIN_D21       ; QSF Assignment ;
; Location     ;                ;              ; ENET1_RX_DV      ; PIN_A22       ; QSF Assignment ;
; Location     ;                ;              ; ENET1_RX_ER      ; PIN_C24       ; QSF Assignment ;
; Location     ;                ;              ; ENET1_TX_CLK     ; PIN_C22       ; QSF Assignment ;
; Location     ;                ;              ; ENET1_TX_DATA[0] ; PIN_C25       ; QSF Assignment ;
; Location     ;                ;              ; ENET1_TX_DATA[1] ; PIN_A26       ; QSF Assignment ;
; Location     ;                ;              ; ENET1_TX_DATA[2] ; PIN_B26       ; QSF Assignment ;
; Location     ;                ;              ; ENET1_TX_DATA[3] ; PIN_C26       ; QSF Assignment ;
; Location     ;                ;              ; ENET1_TX_EN      ; PIN_B25       ; QSF Assignment ;
; Location     ;                ;              ; ENET1_TX_ER      ; PIN_A25       ; QSF Assignment ;
; Location     ;                ;              ; ENETCLK_25       ; PIN_A14       ; QSF Assignment ;
; Location     ;                ;              ; EX_IO[0]         ; PIN_J10       ; QSF Assignment ;
; Location     ;                ;              ; EX_IO[1]         ; PIN_J14       ; QSF Assignment ;
; Location     ;                ;              ; EX_IO[2]         ; PIN_H13       ; QSF Assignment ;
; Location     ;                ;              ; EX_IO[3]         ; PIN_H14       ; QSF Assignment ;
; Location     ;                ;              ; EX_IO[4]         ; PIN_F14       ; QSF Assignment ;
; Location     ;                ;              ; EX_IO[5]         ; PIN_E10       ; QSF Assignment ;
; Location     ;                ;              ; EX_IO[6]         ; PIN_D9        ; QSF Assignment ;
; Location     ;                ;              ; FL_ADDR[0]       ; PIN_AG12      ; QSF Assignment ;
; Location     ;                ;              ; FL_ADDR[10]      ; PIN_AE9       ; QSF Assignment ;
; Location     ;                ;              ; FL_ADDR[11]      ; PIN_AF9       ; QSF Assignment ;
; Location     ;                ;              ; FL_ADDR[12]      ; PIN_AA10      ; QSF Assignment ;
; Location     ;                ;              ; FL_ADDR[13]      ; PIN_AD8       ; QSF Assignment ;
; Location     ;                ;              ; FL_ADDR[14]      ; PIN_AC8       ; QSF Assignment ;
; Location     ;                ;              ; FL_ADDR[15]      ; PIN_Y10       ; QSF Assignment ;
; Location     ;                ;              ; FL_ADDR[16]      ; PIN_AA8       ; QSF Assignment ;
; Location     ;                ;              ; FL_ADDR[17]      ; PIN_AH12      ; QSF Assignment ;
; Location     ;                ;              ; FL_ADDR[18]      ; PIN_AC12      ; QSF Assignment ;
; Location     ;                ;              ; FL_ADDR[19]      ; PIN_AD12      ; QSF Assignment ;
; Location     ;                ;              ; FL_ADDR[1]       ; PIN_AH7       ; QSF Assignment ;
; Location     ;                ;              ; FL_ADDR[20]      ; PIN_AE10      ; QSF Assignment ;
; Location     ;                ;              ; FL_ADDR[21]      ; PIN_AD10      ; QSF Assignment ;
; Location     ;                ;              ; FL_ADDR[22]      ; PIN_AD11      ; QSF Assignment ;
; Location     ;                ;              ; FL_ADDR[2]       ; PIN_Y13       ; QSF Assignment ;
; Location     ;                ;              ; FL_ADDR[3]       ; PIN_Y14       ; QSF Assignment ;
; Location     ;                ;              ; FL_ADDR[4]       ; PIN_Y12       ; QSF Assignment ;
; Location     ;                ;              ; FL_ADDR[5]       ; PIN_AA13      ; QSF Assignment ;
; Location     ;                ;              ; FL_ADDR[6]       ; PIN_AA12      ; QSF Assignment ;
; Location     ;                ;              ; FL_ADDR[7]       ; PIN_AB13      ; QSF Assignment ;
; Location     ;                ;              ; FL_ADDR[8]       ; PIN_AB12      ; QSF Assignment ;
; Location     ;                ;              ; FL_ADDR[9]       ; PIN_AB10      ; QSF Assignment ;
; Location     ;                ;              ; FL_CE_N          ; PIN_AG7       ; QSF Assignment ;
; Location     ;                ;              ; FL_DQ[0]         ; PIN_AH8       ; QSF Assignment ;
; Location     ;                ;              ; FL_DQ[1]         ; PIN_AF10      ; QSF Assignment ;
; Location     ;                ;              ; FL_DQ[2]         ; PIN_AG10      ; QSF Assignment ;
; Location     ;                ;              ; FL_DQ[3]         ; PIN_AH10      ; QSF Assignment ;
; Location     ;                ;              ; FL_DQ[4]         ; PIN_AF11      ; QSF Assignment ;
; Location     ;                ;              ; FL_DQ[5]         ; PIN_AG11      ; QSF Assignment ;
; Location     ;                ;              ; FL_DQ[6]         ; PIN_AH11      ; QSF Assignment ;
; Location     ;                ;              ; FL_DQ[7]         ; PIN_AF12      ; QSF Assignment ;
; Location     ;                ;              ; FL_OE_N          ; PIN_AG8       ; QSF Assignment ;
; Location     ;                ;              ; FL_RST_N         ; PIN_AE11      ; QSF Assignment ;
; Location     ;                ;              ; FL_RY            ; PIN_Y1        ; QSF Assignment ;
; Location     ;                ;              ; FL_WE_N          ; PIN_AC10      ; QSF Assignment ;
; Location     ;                ;              ; FL_WP_N          ; PIN_AE12      ; QSF Assignment ;
; Location     ;                ;              ; GPIO[0]          ; PIN_AB22      ; QSF Assignment ;
; Location     ;                ;              ; GPIO[10]         ; PIN_AC19      ; QSF Assignment ;
; Location     ;                ;              ; GPIO[11]         ; PIN_AF16      ; QSF Assignment ;
; Location     ;                ;              ; GPIO[12]         ; PIN_AD19      ; QSF Assignment ;
; Location     ;                ;              ; GPIO[13]         ; PIN_AF15      ; QSF Assignment ;
; Location     ;                ;              ; GPIO[14]         ; PIN_AF24      ; QSF Assignment ;
; Location     ;                ;              ; GPIO[15]         ; PIN_AE21      ; QSF Assignment ;
; Location     ;                ;              ; GPIO[16]         ; PIN_AF25      ; QSF Assignment ;
; Location     ;                ;              ; GPIO[17]         ; PIN_AC22      ; QSF Assignment ;
; Location     ;                ;              ; GPIO[18]         ; PIN_AE22      ; QSF Assignment ;
; Location     ;                ;              ; GPIO[19]         ; PIN_AF21      ; QSF Assignment ;
; Location     ;                ;              ; GPIO[1]          ; PIN_AC15      ; QSF Assignment ;
; Location     ;                ;              ; GPIO[20]         ; PIN_AF22      ; QSF Assignment ;
; Location     ;                ;              ; GPIO[21]         ; PIN_AD22      ; QSF Assignment ;
; Location     ;                ;              ; GPIO[22]         ; PIN_AG25      ; QSF Assignment ;
; Location     ;                ;              ; GPIO[23]         ; PIN_AD25      ; QSF Assignment ;
; Location     ;                ;              ; GPIO[24]         ; PIN_AH25      ; QSF Assignment ;
; Location     ;                ;              ; GPIO[25]         ; PIN_AE25      ; QSF Assignment ;
; Location     ;                ;              ; GPIO[26]         ; PIN_AG22      ; QSF Assignment ;
; Location     ;                ;              ; GPIO[27]         ; PIN_AE24      ; QSF Assignment ;
; Location     ;                ;              ; GPIO[28]         ; PIN_AH22      ; QSF Assignment ;
; Location     ;                ;              ; GPIO[29]         ; PIN_AF26      ; QSF Assignment ;
; Location     ;                ;              ; GPIO[2]          ; PIN_AB21      ; QSF Assignment ;
; Location     ;                ;              ; GPIO[30]         ; PIN_AE20      ; QSF Assignment ;
; Location     ;                ;              ; GPIO[31]         ; PIN_AG23      ; QSF Assignment ;
; Location     ;                ;              ; GPIO[32]         ; PIN_AF20      ; QSF Assignment ;
; Location     ;                ;              ; GPIO[33]         ; PIN_AH26      ; QSF Assignment ;
; Location     ;                ;              ; GPIO[34]         ; PIN_AH23      ; QSF Assignment ;
; Location     ;                ;              ; GPIO[35]         ; PIN_AG26      ; QSF Assignment ;
; Location     ;                ;              ; GPIO[3]          ; PIN_Y17       ; QSF Assignment ;
; Location     ;                ;              ; GPIO[4]          ; PIN_AC21      ; QSF Assignment ;
; Location     ;                ;              ; GPIO[5]          ; PIN_Y16       ; QSF Assignment ;
; Location     ;                ;              ; GPIO[6]          ; PIN_AD21      ; QSF Assignment ;
; Location     ;                ;              ; GPIO[7]          ; PIN_AE16      ; QSF Assignment ;
; Location     ;                ;              ; GPIO[8]          ; PIN_AD15      ; QSF Assignment ;
; Location     ;                ;              ; GPIO[9]          ; PIN_AE15      ; QSF Assignment ;
; Location     ;                ;              ; HEX0[0]          ; PIN_G18       ; QSF Assignment ;
; Location     ;                ;              ; HEX0[1]          ; PIN_F22       ; QSF Assignment ;
; Location     ;                ;              ; HEX0[2]          ; PIN_E17       ; QSF Assignment ;
; Location     ;                ;              ; HEX0[3]          ; PIN_L26       ; QSF Assignment ;
; Location     ;                ;              ; HEX0[4]          ; PIN_L25       ; QSF Assignment ;
; Location     ;                ;              ; HEX0[5]          ; PIN_J22       ; QSF Assignment ;
; Location     ;                ;              ; HEX0[6]          ; PIN_H22       ; QSF Assignment ;
; Location     ;                ;              ; HEX1[0]          ; PIN_M24       ; QSF Assignment ;
; Location     ;                ;              ; HEX1[1]          ; PIN_Y22       ; QSF Assignment ;
; Location     ;                ;              ; HEX1[2]          ; PIN_W21       ; QSF Assignment ;
; Location     ;                ;              ; HEX1[3]          ; PIN_W22       ; QSF Assignment ;
; Location     ;                ;              ; HEX1[4]          ; PIN_W25       ; QSF Assignment ;
; Location     ;                ;              ; HEX1[5]          ; PIN_U23       ; QSF Assignment ;
; Location     ;                ;              ; HEX1[6]          ; PIN_U24       ; QSF Assignment ;
; Location     ;                ;              ; HEX2[0]          ; PIN_AA25      ; QSF Assignment ;
; Location     ;                ;              ; HEX2[1]          ; PIN_AA26      ; QSF Assignment ;
; Location     ;                ;              ; HEX2[2]          ; PIN_Y25       ; QSF Assignment ;
; Location     ;                ;              ; HEX2[3]          ; PIN_W26       ; QSF Assignment ;
; Location     ;                ;              ; HEX2[4]          ; PIN_Y26       ; QSF Assignment ;
; Location     ;                ;              ; HEX2[5]          ; PIN_W27       ; QSF Assignment ;
; Location     ;                ;              ; HEX2[6]          ; PIN_W28       ; QSF Assignment ;
; Location     ;                ;              ; HEX3[0]          ; PIN_V21       ; QSF Assignment ;
; Location     ;                ;              ; HEX3[1]          ; PIN_U21       ; QSF Assignment ;
; Location     ;                ;              ; HEX3[2]          ; PIN_AB20      ; QSF Assignment ;
; Location     ;                ;              ; HEX3[3]          ; PIN_AA21      ; QSF Assignment ;
; Location     ;                ;              ; HEX3[4]          ; PIN_AD24      ; QSF Assignment ;
; Location     ;                ;              ; HEX3[5]          ; PIN_AF23      ; QSF Assignment ;
; Location     ;                ;              ; HEX3[6]          ; PIN_Y19       ; QSF Assignment ;
; Location     ;                ;              ; HEX4[0]          ; PIN_AB19      ; QSF Assignment ;
; Location     ;                ;              ; HEX4[1]          ; PIN_AA19      ; QSF Assignment ;
; Location     ;                ;              ; HEX4[2]          ; PIN_AG21      ; QSF Assignment ;
; Location     ;                ;              ; HEX4[3]          ; PIN_AH21      ; QSF Assignment ;
; Location     ;                ;              ; HEX4[4]          ; PIN_AE19      ; QSF Assignment ;
; Location     ;                ;              ; HEX4[5]          ; PIN_AF19      ; QSF Assignment ;
; Location     ;                ;              ; HEX4[6]          ; PIN_AE18      ; QSF Assignment ;
; Location     ;                ;              ; HEX5[0]          ; PIN_AD18      ; QSF Assignment ;
; Location     ;                ;              ; HEX5[1]          ; PIN_AC18      ; QSF Assignment ;
; Location     ;                ;              ; HEX5[2]          ; PIN_AB18      ; QSF Assignment ;
; Location     ;                ;              ; HEX5[3]          ; PIN_AH19      ; QSF Assignment ;
; Location     ;                ;              ; HEX5[4]          ; PIN_AG19      ; QSF Assignment ;
; Location     ;                ;              ; HEX5[5]          ; PIN_AF18      ; QSF Assignment ;
; Location     ;                ;              ; HEX5[6]          ; PIN_AH18      ; QSF Assignment ;
; Location     ;                ;              ; HEX6[0]          ; PIN_AA17      ; QSF Assignment ;
; Location     ;                ;              ; HEX6[1]          ; PIN_AB16      ; QSF Assignment ;
; Location     ;                ;              ; HEX6[2]          ; PIN_AA16      ; QSF Assignment ;
; Location     ;                ;              ; HEX6[3]          ; PIN_AB17      ; QSF Assignment ;
; Location     ;                ;              ; HEX6[4]          ; PIN_AB15      ; QSF Assignment ;
; Location     ;                ;              ; HEX6[5]          ; PIN_AA15      ; QSF Assignment ;
; Location     ;                ;              ; HEX6[6]          ; PIN_AC17      ; QSF Assignment ;
; Location     ;                ;              ; HEX7[0]          ; PIN_AD17      ; QSF Assignment ;
; Location     ;                ;              ; HEX7[1]          ; PIN_AE17      ; QSF Assignment ;
; Location     ;                ;              ; HEX7[2]          ; PIN_AG17      ; QSF Assignment ;
; Location     ;                ;              ; HEX7[3]          ; PIN_AH17      ; QSF Assignment ;
; Location     ;                ;              ; HEX7[4]          ; PIN_AF17      ; QSF Assignment ;
; Location     ;                ;              ; HEX7[5]          ; PIN_AG18      ; QSF Assignment ;
; Location     ;                ;              ; HEX7[6]          ; PIN_AA14      ; QSF Assignment ;
; Location     ;                ;              ; HSMC_CLKIN0      ; PIN_AH15      ; QSF Assignment ;
; Location     ;                ;              ; HSMC_CLKIN_N1    ; PIN_J28       ; QSF Assignment ;
; Location     ;                ;              ; HSMC_CLKIN_N2    ; PIN_Y28       ; QSF Assignment ;
; Location     ;                ;              ; HSMC_CLKIN_P1    ; PIN_J27       ; QSF Assignment ;
; Location     ;                ;              ; HSMC_CLKIN_P2    ; PIN_Y27       ; QSF Assignment ;
; Location     ;                ;              ; HSMC_CLKOUT0     ; PIN_AD28      ; QSF Assignment ;
; Location     ;                ;              ; HSMC_CLKOUT_N1   ; PIN_G24       ; QSF Assignment ;
; Location     ;                ;              ; HSMC_CLKOUT_N2   ; PIN_V24       ; QSF Assignment ;
; Location     ;                ;              ; HSMC_CLKOUT_P1   ; PIN_G23       ; QSF Assignment ;
; Location     ;                ;              ; HSMC_CLKOUT_P2   ; PIN_V23       ; QSF Assignment ;
; Location     ;                ;              ; HSMC_D[0]        ; PIN_AE26      ; QSF Assignment ;
; Location     ;                ;              ; HSMC_D[1]        ; PIN_AE28      ; QSF Assignment ;
; Location     ;                ;              ; HSMC_D[2]        ; PIN_AE27      ; QSF Assignment ;
; Location     ;                ;              ; HSMC_D[3]        ; PIN_AF27      ; QSF Assignment ;
; Location     ;                ;              ; HSMC_RX_D_N[0]   ; PIN_F25       ; QSF Assignment ;
; Location     ;                ;              ; HSMC_RX_D_N[10]  ; PIN_U26       ; QSF Assignment ;
; Location     ;                ;              ; HSMC_RX_D_N[11]  ; PIN_L22       ; QSF Assignment ;
; Location     ;                ;              ; HSMC_RX_D_N[12]  ; PIN_N26       ; QSF Assignment ;
; Location     ;                ;              ; HSMC_RX_D_N[13]  ; PIN_P26       ; QSF Assignment ;
; Location     ;                ;              ; HSMC_RX_D_N[14]  ; PIN_R21       ; QSF Assignment ;
; Location     ;                ;              ; HSMC_RX_D_N[15]  ; PIN_R23       ; QSF Assignment ;
; Location     ;                ;              ; HSMC_RX_D_N[16]  ; PIN_T22       ; QSF Assignment ;
; Location     ;                ;              ; HSMC_RX_D_N[1]   ; PIN_C27       ; QSF Assignment ;
; Location     ;                ;              ; HSMC_RX_D_N[2]   ; PIN_E26       ; QSF Assignment ;
; Location     ;                ;              ; HSMC_RX_D_N[3]   ; PIN_G26       ; QSF Assignment ;
; Location     ;                ;              ; HSMC_RX_D_N[4]   ; PIN_H26       ; QSF Assignment ;
; Location     ;                ;              ; HSMC_RX_D_N[5]   ; PIN_K26       ; QSF Assignment ;
; Location     ;                ;              ; HSMC_RX_D_N[6]   ; PIN_L24       ; QSF Assignment ;
; Location     ;                ;              ; HSMC_RX_D_N[7]   ; PIN_M26       ; QSF Assignment ;
; Location     ;                ;              ; HSMC_RX_D_N[8]   ; PIN_R26       ; QSF Assignment ;
; Location     ;                ;              ; HSMC_RX_D_N[9]   ; PIN_T26       ; QSF Assignment ;
; Location     ;                ;              ; HSMC_RX_D_P[0]   ; PIN_F24       ; QSF Assignment ;
; Location     ;                ;              ; HSMC_RX_D_P[10]  ; PIN_U25       ; QSF Assignment ;
; Location     ;                ;              ; HSMC_RX_D_P[11]  ; PIN_L21       ; QSF Assignment ;
; Location     ;                ;              ; HSMC_RX_D_P[12]  ; PIN_N25       ; QSF Assignment ;
; Location     ;                ;              ; HSMC_RX_D_P[13]  ; PIN_P25       ; QSF Assignment ;
; Location     ;                ;              ; HSMC_RX_D_P[14]  ; PIN_P21       ; QSF Assignment ;
; Location     ;                ;              ; HSMC_RX_D_P[15]  ; PIN_R22       ; QSF Assignment ;
; Location     ;                ;              ; HSMC_RX_D_P[16]  ; PIN_T21       ; QSF Assignment ;
; Location     ;                ;              ; HSMC_RX_D_P[1]   ; PIN_D26       ; QSF Assignment ;
; Location     ;                ;              ; HSMC_RX_D_P[2]   ; PIN_F26       ; QSF Assignment ;
; Location     ;                ;              ; HSMC_RX_D_P[3]   ; PIN_G25       ; QSF Assignment ;
; Location     ;                ;              ; HSMC_RX_D_P[4]   ; PIN_H25       ; QSF Assignment ;
; Location     ;                ;              ; HSMC_RX_D_P[5]   ; PIN_K25       ; QSF Assignment ;
; Location     ;                ;              ; HSMC_RX_D_P[6]   ; PIN_L23       ; QSF Assignment ;
; Location     ;                ;              ; HSMC_RX_D_P[7]   ; PIN_M25       ; QSF Assignment ;
; Location     ;                ;              ; HSMC_RX_D_P[8]   ; PIN_R25       ; QSF Assignment ;
; Location     ;                ;              ; HSMC_RX_D_P[9]   ; PIN_T25       ; QSF Assignment ;
; Location     ;                ;              ; HSMC_TX_D_N[0]   ; PIN_D28       ; QSF Assignment ;
; Location     ;                ;              ; HSMC_TX_D_N[10]  ; PIN_J26       ; QSF Assignment ;
; Location     ;                ;              ; HSMC_TX_D_N[11]  ; PIN_L28       ; QSF Assignment ;
; Location     ;                ;              ; HSMC_TX_D_N[12]  ; PIN_V26       ; QSF Assignment ;
; Location     ;                ;              ; HSMC_TX_D_N[13]  ; PIN_R28       ; QSF Assignment ;
; Location     ;                ;              ; HSMC_TX_D_N[14]  ; PIN_U28       ; QSF Assignment ;
; Location     ;                ;              ; HSMC_TX_D_N[15]  ; PIN_V28       ; QSF Assignment ;
; Location     ;                ;              ; HSMC_TX_D_N[16]  ; PIN_V22       ; QSF Assignment ;
; Location     ;                ;              ; HSMC_TX_D_N[1]   ; PIN_E28       ; QSF Assignment ;
; Location     ;                ;              ; HSMC_TX_D_N[2]   ; PIN_F28       ; QSF Assignment ;
; Location     ;                ;              ; HSMC_TX_D_N[3]   ; PIN_G28       ; QSF Assignment ;
; Location     ;                ;              ; HSMC_TX_D_N[4]   ; PIN_K28       ; QSF Assignment ;
; Location     ;                ;              ; HSMC_TX_D_N[5]   ; PIN_M28       ; QSF Assignment ;
; Location     ;                ;              ; HSMC_TX_D_N[6]   ; PIN_K22       ; QSF Assignment ;
; Location     ;                ;              ; HSMC_TX_D_N[7]   ; PIN_H24       ; QSF Assignment ;
; Location     ;                ;              ; HSMC_TX_D_N[8]   ; PIN_J24       ; QSF Assignment ;
; Location     ;                ;              ; HSMC_TX_D_N[9]   ; PIN_P28       ; QSF Assignment ;
; Location     ;                ;              ; HSMC_TX_D_P[0]   ; PIN_D27       ; QSF Assignment ;
; Location     ;                ;              ; HSMC_TX_D_P[10]  ; PIN_J25       ; QSF Assignment ;
; Location     ;                ;              ; HSMC_TX_D_P[11]  ; PIN_L27       ; QSF Assignment ;
; Location     ;                ;              ; HSMC_TX_D_P[12]  ; PIN_V25       ; QSF Assignment ;
; Location     ;                ;              ; HSMC_TX_D_P[13]  ; PIN_R27       ; QSF Assignment ;
; Location     ;                ;              ; HSMC_TX_D_P[14]  ; PIN_U27       ; QSF Assignment ;
; Location     ;                ;              ; HSMC_TX_D_P[15]  ; PIN_V27       ; QSF Assignment ;
; Location     ;                ;              ; HSMC_TX_D_P[16]  ; PIN_U22       ; QSF Assignment ;
; Location     ;                ;              ; HSMC_TX_D_P[1]   ; PIN_E27       ; QSF Assignment ;
; Location     ;                ;              ; HSMC_TX_D_P[2]   ; PIN_F27       ; QSF Assignment ;
; Location     ;                ;              ; HSMC_TX_D_P[3]   ; PIN_G27       ; QSF Assignment ;
; Location     ;                ;              ; HSMC_TX_D_P[4]   ; PIN_K27       ; QSF Assignment ;
; Location     ;                ;              ; HSMC_TX_D_P[5]   ; PIN_M27       ; QSF Assignment ;
; Location     ;                ;              ; HSMC_TX_D_P[6]   ; PIN_K21       ; QSF Assignment ;
; Location     ;                ;              ; HSMC_TX_D_P[7]   ; PIN_H23       ; QSF Assignment ;
; Location     ;                ;              ; HSMC_TX_D_P[8]   ; PIN_J23       ; QSF Assignment ;
; Location     ;                ;              ; HSMC_TX_D_P[9]   ; PIN_P27       ; QSF Assignment ;
; Location     ;                ;              ; IRDA_RXD         ; PIN_Y15       ; QSF Assignment ;
; Location     ;                ;              ; KEY[1]           ; PIN_M21       ; QSF Assignment ;
; Location     ;                ;              ; KEY[2]           ; PIN_N21       ; QSF Assignment ;
; Location     ;                ;              ; KEY[3]           ; PIN_R24       ; QSF Assignment ;
; Location     ;                ;              ; LCD_BLON         ; PIN_L6        ; QSF Assignment ;
; Location     ;                ;              ; LCD_DATA[0]      ; PIN_L3        ; QSF Assignment ;
; Location     ;                ;              ; LCD_DATA[1]      ; PIN_L1        ; QSF Assignment ;
; Location     ;                ;              ; LCD_DATA[2]      ; PIN_L2        ; QSF Assignment ;
; Location     ;                ;              ; LCD_DATA[3]      ; PIN_K7        ; QSF Assignment ;
; Location     ;                ;              ; LCD_DATA[4]      ; PIN_K1        ; QSF Assignment ;
; Location     ;                ;              ; LCD_DATA[5]      ; PIN_K2        ; QSF Assignment ;
; Location     ;                ;              ; LCD_DATA[6]      ; PIN_M3        ; QSF Assignment ;
; Location     ;                ;              ; LCD_DATA[7]      ; PIN_M5        ; QSF Assignment ;
; Location     ;                ;              ; LCD_EN           ; PIN_L4        ; QSF Assignment ;
; Location     ;                ;              ; LCD_ON           ; PIN_L5        ; QSF Assignment ;
; Location     ;                ;              ; LCD_RS           ; PIN_M2        ; QSF Assignment ;
; Location     ;                ;              ; LCD_RW           ; PIN_M1        ; QSF Assignment ;
; Location     ;                ;              ; LEDG[0]          ; PIN_E21       ; QSF Assignment ;
; Location     ;                ;              ; LEDG[1]          ; PIN_E22       ; QSF Assignment ;
; Location     ;                ;              ; LEDG[2]          ; PIN_E25       ; QSF Assignment ;
; Location     ;                ;              ; LEDG[3]          ; PIN_E24       ; QSF Assignment ;
; Location     ;                ;              ; LEDG[4]          ; PIN_H21       ; QSF Assignment ;
; Location     ;                ;              ; LEDG[5]          ; PIN_G20       ; QSF Assignment ;
; Location     ;                ;              ; LEDG[6]          ; PIN_G22       ; QSF Assignment ;
; Location     ;                ;              ; LEDG[7]          ; PIN_G21       ; QSF Assignment ;
; Location     ;                ;              ; LEDG[8]          ; PIN_F17       ; QSF Assignment ;
; Location     ;                ;              ; LEDR[10]         ; PIN_J15       ; QSF Assignment ;
; Location     ;                ;              ; LEDR[11]         ; PIN_H16       ; QSF Assignment ;
; Location     ;                ;              ; LEDR[12]         ; PIN_J16       ; QSF Assignment ;
; Location     ;                ;              ; LEDR[13]         ; PIN_H17       ; QSF Assignment ;
; Location     ;                ;              ; LEDR[14]         ; PIN_F15       ; QSF Assignment ;
; Location     ;                ;              ; LEDR[15]         ; PIN_G15       ; QSF Assignment ;
; Location     ;                ;              ; LEDR[16]         ; PIN_G16       ; QSF Assignment ;
; Location     ;                ;              ; LEDR[17]         ; PIN_H15       ; QSF Assignment ;
; Location     ;                ;              ; LEDR[1]          ; PIN_F19       ; QSF Assignment ;
; Location     ;                ;              ; LEDR[2]          ; PIN_E19       ; QSF Assignment ;
; Location     ;                ;              ; LEDR[3]          ; PIN_F21       ; QSF Assignment ;
; Location     ;                ;              ; LEDR[4]          ; PIN_F18       ; QSF Assignment ;
; Location     ;                ;              ; LEDR[5]          ; PIN_E18       ; QSF Assignment ;
; Location     ;                ;              ; LEDR[6]          ; PIN_J19       ; QSF Assignment ;
; Location     ;                ;              ; LEDR[7]          ; PIN_H19       ; QSF Assignment ;
; Location     ;                ;              ; LEDR[8]          ; PIN_J17       ; QSF Assignment ;
; Location     ;                ;              ; LEDR[9]          ; PIN_G17       ; QSF Assignment ;
; Location     ;                ;              ; OTG_ADDR[0]      ; PIN_H7        ; QSF Assignment ;
; Location     ;                ;              ; OTG_ADDR[1]      ; PIN_C3        ; QSF Assignment ;
; Location     ;                ;              ; OTG_CS_N         ; PIN_A3        ; QSF Assignment ;
; Location     ;                ;              ; OTG_DACK_N[0]    ; PIN_C4        ; QSF Assignment ;
; Location     ;                ;              ; OTG_DACK_N[1]    ; PIN_D4        ; QSF Assignment ;
; Location     ;                ;              ; OTG_DATA[0]      ; PIN_J6        ; QSF Assignment ;
; Location     ;                ;              ; OTG_DATA[10]     ; PIN_G1        ; QSF Assignment ;
; Location     ;                ;              ; OTG_DATA[11]     ; PIN_G2        ; QSF Assignment ;
; Location     ;                ;              ; OTG_DATA[12]     ; PIN_G3        ; QSF Assignment ;
; Location     ;                ;              ; OTG_DATA[13]     ; PIN_F1        ; QSF Assignment ;
; Location     ;                ;              ; OTG_DATA[14]     ; PIN_F3        ; QSF Assignment ;
; Location     ;                ;              ; OTG_DATA[15]     ; PIN_G4        ; QSF Assignment ;
; Location     ;                ;              ; OTG_DATA[1]      ; PIN_K4        ; QSF Assignment ;
; Location     ;                ;              ; OTG_DATA[2]      ; PIN_J5        ; QSF Assignment ;
; Location     ;                ;              ; OTG_DATA[3]      ; PIN_K3        ; QSF Assignment ;
; Location     ;                ;              ; OTG_DATA[4]      ; PIN_J4        ; QSF Assignment ;
; Location     ;                ;              ; OTG_DATA[5]      ; PIN_J3        ; QSF Assignment ;
; Location     ;                ;              ; OTG_DATA[6]      ; PIN_J7        ; QSF Assignment ;
; Location     ;                ;              ; OTG_DATA[7]      ; PIN_H6        ; QSF Assignment ;
; Location     ;                ;              ; OTG_DATA[8]      ; PIN_H3        ; QSF Assignment ;
; Location     ;                ;              ; OTG_DATA[9]      ; PIN_H4        ; QSF Assignment ;
; Location     ;                ;              ; OTG_DREQ[0]      ; PIN_J1        ; QSF Assignment ;
; Location     ;                ;              ; OTG_DREQ[1]      ; PIN_B4        ; QSF Assignment ;
; Location     ;                ;              ; OTG_FSPEED       ; PIN_C6        ; QSF Assignment ;
; Location     ;                ;              ; OTG_INT[0]       ; PIN_A6        ; QSF Assignment ;
; Location     ;                ;              ; OTG_INT[1]       ; PIN_D5        ; QSF Assignment ;
; Location     ;                ;              ; OTG_LSPEED       ; PIN_B6        ; QSF Assignment ;
; Location     ;                ;              ; OTG_RD_N         ; PIN_B3        ; QSF Assignment ;
; Location     ;                ;              ; OTG_RST_N        ; PIN_C5        ; QSF Assignment ;
; Location     ;                ;              ; OTG_WR_N         ; PIN_A4        ; QSF Assignment ;
; Location     ;                ;              ; PS2_CLK          ; PIN_G6        ; QSF Assignment ;
; Location     ;                ;              ; PS2_CLK2         ; PIN_G5        ; QSF Assignment ;
; Location     ;                ;              ; PS2_DAT          ; PIN_H5        ; QSF Assignment ;
; Location     ;                ;              ; PS2_DAT2         ; PIN_F5        ; QSF Assignment ;
; Location     ;                ;              ; SD_CLK           ; PIN_AE13      ; QSF Assignment ;
; Location     ;                ;              ; SD_CMD           ; PIN_AD14      ; QSF Assignment ;
; Location     ;                ;              ; SD_DAT[0]        ; PIN_AE14      ; QSF Assignment ;
; Location     ;                ;              ; SD_DAT[1]        ; PIN_AF13      ; QSF Assignment ;
; Location     ;                ;              ; SD_DAT[2]        ; PIN_AB14      ; QSF Assignment ;
; Location     ;                ;              ; SD_DAT[3]        ; PIN_AC14      ; QSF Assignment ;
; Location     ;                ;              ; SD_WP_N          ; PIN_AF14      ; QSF Assignment ;
; Location     ;                ;              ; SMA_CLKIN        ; PIN_AH14      ; QSF Assignment ;
; Location     ;                ;              ; SMA_CLKOUT       ; PIN_AE23      ; QSF Assignment ;
; Location     ;                ;              ; SW[10]           ; PIN_AC24      ; QSF Assignment ;
; Location     ;                ;              ; SW[11]           ; PIN_AB24      ; QSF Assignment ;
; Location     ;                ;              ; SW[12]           ; PIN_AB23      ; QSF Assignment ;
; Location     ;                ;              ; SW[13]           ; PIN_AA24      ; QSF Assignment ;
; Location     ;                ;              ; SW[14]           ; PIN_AA23      ; QSF Assignment ;
; Location     ;                ;              ; SW[15]           ; PIN_AA22      ; QSF Assignment ;
; Location     ;                ;              ; SW[16]           ; PIN_Y24       ; QSF Assignment ;
; Location     ;                ;              ; SW[17]           ; PIN_Y23       ; QSF Assignment ;
; Location     ;                ;              ; SW[1]            ; PIN_AC28      ; QSF Assignment ;
; Location     ;                ;              ; SW[2]            ; PIN_AC27      ; QSF Assignment ;
; Location     ;                ;              ; SW[3]            ; PIN_AD27      ; QSF Assignment ;
; Location     ;                ;              ; SW[4]            ; PIN_AB27      ; QSF Assignment ;
; Location     ;                ;              ; SW[5]            ; PIN_AC26      ; QSF Assignment ;
; Location     ;                ;              ; SW[6]            ; PIN_AD26      ; QSF Assignment ;
; Location     ;                ;              ; SW[7]            ; PIN_AB26      ; QSF Assignment ;
; Location     ;                ;              ; SW[8]            ; PIN_AC25      ; QSF Assignment ;
; Location     ;                ;              ; SW[9]            ; PIN_AB25      ; QSF Assignment ;
; Location     ;                ;              ; TD_RESET_N       ; PIN_G7        ; QSF Assignment ;
; Location     ;                ;              ; UART_CTS         ; PIN_G14       ; QSF Assignment ;
; Location     ;                ;              ; UART_RTS         ; PIN_J13       ; QSF Assignment ;
; Location     ;                ;              ; UART_RXD         ; PIN_G12       ; QSF Assignment ;
; Location     ;                ;              ; UART_TXD         ; PIN_G9        ; QSF Assignment ;
; I/O Standard ; vga            ;              ; AUD_ADCDAT       ; 3.3-V LVTTL   ; QSF Assignment ;
; I/O Standard ; vga            ;              ; AUD_ADCLRCK      ; 3.3-V LVTTL   ; QSF Assignment ;
; I/O Standard ; vga            ;              ; AUD_BCLK         ; 3.3-V LVTTL   ; QSF Assignment ;
; I/O Standard ; vga            ;              ; AUD_DACDAT       ; 3.3-V LVTTL   ; QSF Assignment ;
; I/O Standard ; vga            ;              ; AUD_DACLRCK      ; 3.3-V LVTTL   ; QSF Assignment ;
; I/O Standard ; vga            ;              ; AUD_XCK          ; 3.3-V LVTTL   ; QSF Assignment ;
; I/O Standard ; vga            ;              ; CLOCK2_50        ; 3.3-V LVTTL   ; QSF Assignment ;
; I/O Standard ; vga            ;              ; CLOCK3_50        ; 3.3-V LVTTL   ; QSF Assignment ;
; I/O Standard ; vga            ;              ; CLOCK_50         ; 3.3-V LVTTL   ; QSF Assignment ;
; I/O Standard ; vga            ;              ; DRAM_ADDR[0]     ; 3.3-V LVTTL   ; QSF Assignment ;
; I/O Standard ; vga            ;              ; DRAM_ADDR[10]    ; 3.3-V LVTTL   ; QSF Assignment ;
; I/O Standard ; vga            ;              ; DRAM_ADDR[11]    ; 3.3-V LVTTL   ; QSF Assignment ;
; I/O Standard ; vga            ;              ; DRAM_ADDR[12]    ; 3.3-V LVTTL   ; QSF Assignment ;
; I/O Standard ; vga            ;              ; DRAM_ADDR[1]     ; 3.3-V LVTTL   ; QSF Assignment ;
; I/O Standard ; vga            ;              ; DRAM_ADDR[2]     ; 3.3-V LVTTL   ; QSF Assignment ;
; I/O Standard ; vga            ;              ; DRAM_ADDR[3]     ; 3.3-V LVTTL   ; QSF Assignment ;
; I/O Standard ; vga            ;              ; DRAM_ADDR[4]     ; 3.3-V LVTTL   ; QSF Assignment ;
; I/O Standard ; vga            ;              ; DRAM_ADDR[5]     ; 3.3-V LVTTL   ; QSF Assignment ;
; I/O Standard ; vga            ;              ; DRAM_ADDR[6]     ; 3.3-V LVTTL   ; QSF Assignment ;
; I/O Standard ; vga            ;              ; DRAM_ADDR[7]     ; 3.3-V LVTTL   ; QSF Assignment ;
; I/O Standard ; vga            ;              ; DRAM_ADDR[8]     ; 3.3-V LVTTL   ; QSF Assignment ;
; I/O Standard ; vga            ;              ; DRAM_ADDR[9]     ; 3.3-V LVTTL   ; QSF Assignment ;
; I/O Standard ; vga            ;              ; DRAM_BA[0]       ; 3.3-V LVTTL   ; QSF Assignment ;
; I/O Standard ; vga            ;              ; DRAM_BA[1]       ; 3.3-V LVTTL   ; QSF Assignment ;
; I/O Standard ; vga            ;              ; DRAM_CAS_N       ; 3.3-V LVTTL   ; QSF Assignment ;
; I/O Standard ; vga            ;              ; DRAM_CKE         ; 3.3-V LVTTL   ; QSF Assignment ;
; I/O Standard ; vga            ;              ; DRAM_CLK         ; 3.3-V LVTTL   ; QSF Assignment ;
; I/O Standard ; vga            ;              ; DRAM_CS_N        ; 3.3-V LVTTL   ; QSF Assignment ;
; I/O Standard ; vga            ;              ; DRAM_DQM[0]      ; 3.3-V LVTTL   ; QSF Assignment ;
; I/O Standard ; vga            ;              ; DRAM_DQM[1]      ; 3.3-V LVTTL   ; QSF Assignment ;
; I/O Standard ; vga            ;              ; DRAM_DQM[2]      ; 3.3-V LVTTL   ; QSF Assignment ;
; I/O Standard ; vga            ;              ; DRAM_DQM[3]      ; 3.3-V LVTTL   ; QSF Assignment ;
; I/O Standard ; vga            ;              ; DRAM_DQ[0]       ; 3.3-V LVTTL   ; QSF Assignment ;
; I/O Standard ; vga            ;              ; DRAM_DQ[10]      ; 3.3-V LVTTL   ; QSF Assignment ;
; I/O Standard ; vga            ;              ; DRAM_DQ[11]      ; 3.3-V LVTTL   ; QSF Assignment ;
; I/O Standard ; vga            ;              ; DRAM_DQ[12]      ; 3.3-V LVTTL   ; QSF Assignment ;
; I/O Standard ; vga            ;              ; DRAM_DQ[13]      ; 3.3-V LVTTL   ; QSF Assignment ;
; I/O Standard ; vga            ;              ; DRAM_DQ[14]      ; 3.3-V LVTTL   ; QSF Assignment ;
; I/O Standard ; vga            ;              ; DRAM_DQ[15]      ; 3.3-V LVTTL   ; QSF Assignment ;
; I/O Standard ; vga            ;              ; DRAM_DQ[16]      ; 3.3-V LVTTL   ; QSF Assignment ;
; I/O Standard ; vga            ;              ; DRAM_DQ[17]      ; 3.3-V LVTTL   ; QSF Assignment ;
; I/O Standard ; vga            ;              ; DRAM_DQ[18]      ; 3.3-V LVTTL   ; QSF Assignment ;
; I/O Standard ; vga            ;              ; DRAM_DQ[19]      ; 3.3-V LVTTL   ; QSF Assignment ;
; I/O Standard ; vga            ;              ; DRAM_DQ[1]       ; 3.3-V LVTTL   ; QSF Assignment ;
; I/O Standard ; vga            ;              ; DRAM_DQ[20]      ; 3.3-V LVTTL   ; QSF Assignment ;
; I/O Standard ; vga            ;              ; DRAM_DQ[21]      ; 3.3-V LVTTL   ; QSF Assignment ;
; I/O Standard ; vga            ;              ; DRAM_DQ[22]      ; 3.3-V LVTTL   ; QSF Assignment ;
; I/O Standard ; vga            ;              ; DRAM_DQ[23]      ; 3.3-V LVTTL   ; QSF Assignment ;
; I/O Standard ; vga            ;              ; DRAM_DQ[24]      ; 3.3-V LVTTL   ; QSF Assignment ;
; I/O Standard ; vga            ;              ; DRAM_DQ[25]      ; 3.3-V LVTTL   ; QSF Assignment ;
; I/O Standard ; vga            ;              ; DRAM_DQ[26]      ; 3.3-V LVTTL   ; QSF Assignment ;
; I/O Standard ; vga            ;              ; DRAM_DQ[27]      ; 3.3-V LVTTL   ; QSF Assignment ;
; I/O Standard ; vga            ;              ; DRAM_DQ[28]      ; 3.3-V LVTTL   ; QSF Assignment ;
; I/O Standard ; vga            ;              ; DRAM_DQ[29]      ; 3.3-V LVTTL   ; QSF Assignment ;
; I/O Standard ; vga            ;              ; DRAM_DQ[2]       ; 3.3-V LVTTL   ; QSF Assignment ;
; I/O Standard ; vga            ;              ; DRAM_DQ[30]      ; 3.3-V LVTTL   ; QSF Assignment ;
; I/O Standard ; vga            ;              ; DRAM_DQ[31]      ; 3.3-V LVTTL   ; QSF Assignment ;
; I/O Standard ; vga            ;              ; DRAM_DQ[3]       ; 3.3-V LVTTL   ; QSF Assignment ;
; I/O Standard ; vga            ;              ; DRAM_DQ[4]       ; 3.3-V LVTTL   ; QSF Assignment ;
; I/O Standard ; vga            ;              ; DRAM_DQ[5]       ; 3.3-V LVTTL   ; QSF Assignment ;
; I/O Standard ; vga            ;              ; DRAM_DQ[6]       ; 3.3-V LVTTL   ; QSF Assignment ;
; I/O Standard ; vga            ;              ; DRAM_DQ[7]       ; 3.3-V LVTTL   ; QSF Assignment ;
; I/O Standard ; vga            ;              ; DRAM_DQ[8]       ; 3.3-V LVTTL   ; QSF Assignment ;
; I/O Standard ; vga            ;              ; DRAM_DQ[9]       ; 3.3-V LVTTL   ; QSF Assignment ;
; I/O Standard ; vga            ;              ; DRAM_RAS_N       ; 3.3-V LVTTL   ; QSF Assignment ;
; I/O Standard ; vga            ;              ; DRAM_WE_N        ; 3.3-V LVTTL   ; QSF Assignment ;
; I/O Standard ; vga            ;              ; EEP_I2C_SCLK     ; 3.3-V LVTTL   ; QSF Assignment ;
; I/O Standard ; vga            ;              ; EEP_I2C_SDAT     ; 3.3-V LVTTL   ; QSF Assignment ;
; I/O Standard ; vga            ;              ; ENET0_GTX_CLK    ; 2.5 V         ; QSF Assignment ;
; I/O Standard ; vga            ;              ; ENET0_INT_N      ; 2.5 V         ; QSF Assignment ;
; I/O Standard ; vga            ;              ; ENET0_LINK100    ; 3.3-V LVTTL   ; QSF Assignment ;
; I/O Standard ; vga            ;              ; ENET0_MDC        ; 2.5 V         ; QSF Assignment ;
; I/O Standard ; vga            ;              ; ENET0_MDIO       ; 2.5 V         ; QSF Assignment ;
; I/O Standard ; vga            ;              ; ENET0_RST_N      ; 2.5 V         ; QSF Assignment ;
; I/O Standard ; vga            ;              ; ENET0_RX_CLK     ; 2.5 V         ; QSF Assignment ;
; I/O Standard ; vga            ;              ; ENET0_RX_COL     ; 2.5 V         ; QSF Assignment ;
; I/O Standard ; vga            ;              ; ENET0_RX_CRS     ; 2.5 V         ; QSF Assignment ;
; I/O Standard ; vga            ;              ; ENET0_RX_DATA[0] ; 2.5 V         ; QSF Assignment ;
; I/O Standard ; vga            ;              ; ENET0_RX_DATA[1] ; 2.5 V         ; QSF Assignment ;
; I/O Standard ; vga            ;              ; ENET0_RX_DATA[2] ; 2.5 V         ; QSF Assignment ;
; I/O Standard ; vga            ;              ; ENET0_RX_DATA[3] ; 2.5 V         ; QSF Assignment ;
; I/O Standard ; vga            ;              ; ENET0_RX_DV      ; 2.5 V         ; QSF Assignment ;
; I/O Standard ; vga            ;              ; ENET0_RX_ER      ; 2.5 V         ; QSF Assignment ;
; I/O Standard ; vga            ;              ; ENET0_TX_CLK     ; 2.5 V         ; QSF Assignment ;
; I/O Standard ; vga            ;              ; ENET0_TX_DATA[0] ; 2.5 V         ; QSF Assignment ;
; I/O Standard ; vga            ;              ; ENET0_TX_DATA[1] ; 2.5 V         ; QSF Assignment ;
; I/O Standard ; vga            ;              ; ENET0_TX_DATA[2] ; 2.5 V         ; QSF Assignment ;
; I/O Standard ; vga            ;              ; ENET0_TX_DATA[3] ; 2.5 V         ; QSF Assignment ;
; I/O Standard ; vga            ;              ; ENET0_TX_EN      ; 2.5 V         ; QSF Assignment ;
; I/O Standard ; vga            ;              ; ENET0_TX_ER      ; 2.5 V         ; QSF Assignment ;
; I/O Standard ; vga            ;              ; ENET1_GTX_CLK    ; 2.5 V         ; QSF Assignment ;
; I/O Standard ; vga            ;              ; ENET1_INT_N      ; 2.5 V         ; QSF Assignment ;
; I/O Standard ; vga            ;              ; ENET1_LINK100    ; 3.3-V LVTTL   ; QSF Assignment ;
; I/O Standard ; vga            ;              ; ENET1_MDC        ; 2.5 V         ; QSF Assignment ;
; I/O Standard ; vga            ;              ; ENET1_MDIO       ; 2.5 V         ; QSF Assignment ;
; I/O Standard ; vga            ;              ; ENET1_RST_N      ; 2.5 V         ; QSF Assignment ;
; I/O Standard ; vga            ;              ; ENET1_RX_CLK     ; 2.5 V         ; QSF Assignment ;
; I/O Standard ; vga            ;              ; ENET1_RX_COL     ; 2.5 V         ; QSF Assignment ;
; I/O Standard ; vga            ;              ; ENET1_RX_CRS     ; 2.5 V         ; QSF Assignment ;
; I/O Standard ; vga            ;              ; ENET1_RX_DATA[0] ; 2.5 V         ; QSF Assignment ;
; I/O Standard ; vga            ;              ; ENET1_RX_DATA[1] ; 2.5 V         ; QSF Assignment ;
; I/O Standard ; vga            ;              ; ENET1_RX_DATA[2] ; 2.5 V         ; QSF Assignment ;
; I/O Standard ; vga            ;              ; ENET1_RX_DATA[3] ; 2.5 V         ; QSF Assignment ;
; I/O Standard ; vga            ;              ; ENET1_RX_DV      ; 2.5 V         ; QSF Assignment ;
; I/O Standard ; vga            ;              ; ENET1_RX_ER      ; 2.5 V         ; QSF Assignment ;
; I/O Standard ; vga            ;              ; ENET1_TX_CLK     ; 2.5 V         ; QSF Assignment ;
; I/O Standard ; vga            ;              ; ENET1_TX_DATA[0] ; 2.5 V         ; QSF Assignment ;
; I/O Standard ; vga            ;              ; ENET1_TX_DATA[1] ; 2.5 V         ; QSF Assignment ;
; I/O Standard ; vga            ;              ; ENET1_TX_DATA[2] ; 2.5 V         ; QSF Assignment ;
; I/O Standard ; vga            ;              ; ENET1_TX_DATA[3] ; 2.5 V         ; QSF Assignment ;
; I/O Standard ; vga            ;              ; ENET1_TX_EN      ; 2.5 V         ; QSF Assignment ;
; I/O Standard ; vga            ;              ; ENET1_TX_ER      ; 2.5 V         ; QSF Assignment ;
; I/O Standard ; vga            ;              ; ENETCLK_25       ; 3.3-V LVTTL   ; QSF Assignment ;
; I/O Standard ; vga            ;              ; EX_IO[0]         ; 3.3-V LVTTL   ; QSF Assignment ;
; I/O Standard ; vga            ;              ; EX_IO[1]         ; 3.3-V LVTTL   ; QSF Assignment ;
; I/O Standard ; vga            ;              ; EX_IO[2]         ; 3.3-V LVTTL   ; QSF Assignment ;
; I/O Standard ; vga            ;              ; EX_IO[3]         ; 3.3-V LVTTL   ; QSF Assignment ;
; I/O Standard ; vga            ;              ; EX_IO[4]         ; 3.3-V LVTTL   ; QSF Assignment ;
; I/O Standard ; vga            ;              ; EX_IO[5]         ; 3.3-V LVTTL   ; QSF Assignment ;
; I/O Standard ; vga            ;              ; EX_IO[6]         ; 3.3-V LVTTL   ; QSF Assignment ;
; I/O Standard ; vga            ;              ; FL_ADDR[0]       ; 3.3-V LVTTL   ; QSF Assignment ;
; I/O Standard ; vga            ;              ; FL_ADDR[10]      ; 3.3-V LVTTL   ; QSF Assignment ;
; I/O Standard ; vga            ;              ; FL_ADDR[11]      ; 3.3-V LVTTL   ; QSF Assignment ;
; I/O Standard ; vga            ;              ; FL_ADDR[12]      ; 3.3-V LVTTL   ; QSF Assignment ;
; I/O Standard ; vga            ;              ; FL_ADDR[13]      ; 3.3-V LVTTL   ; QSF Assignment ;
; I/O Standard ; vga            ;              ; FL_ADDR[14]      ; 3.3-V LVTTL   ; QSF Assignment ;
; I/O Standard ; vga            ;              ; FL_ADDR[15]      ; 3.3-V LVTTL   ; QSF Assignment ;
; I/O Standard ; vga            ;              ; FL_ADDR[16]      ; 3.3-V LVTTL   ; QSF Assignment ;
; I/O Standard ; vga            ;              ; FL_ADDR[17]      ; 3.3-V LVTTL   ; QSF Assignment ;
; I/O Standard ; vga            ;              ; FL_ADDR[18]      ; 3.3-V LVTTL   ; QSF Assignment ;
; I/O Standard ; vga            ;              ; FL_ADDR[19]      ; 3.3-V LVTTL   ; QSF Assignment ;
; I/O Standard ; vga            ;              ; FL_ADDR[1]       ; 3.3-V LVTTL   ; QSF Assignment ;
; I/O Standard ; vga            ;              ; FL_ADDR[20]      ; 3.3-V LVTTL   ; QSF Assignment ;
; I/O Standard ; vga            ;              ; FL_ADDR[21]      ; 3.3-V LVTTL   ; QSF Assignment ;
; I/O Standard ; vga            ;              ; FL_ADDR[22]      ; 3.3-V LVTTL   ; QSF Assignment ;
; I/O Standard ; vga            ;              ; FL_ADDR[2]       ; 3.3-V LVTTL   ; QSF Assignment ;
; I/O Standard ; vga            ;              ; FL_ADDR[3]       ; 3.3-V LVTTL   ; QSF Assignment ;
; I/O Standard ; vga            ;              ; FL_ADDR[4]       ; 3.3-V LVTTL   ; QSF Assignment ;
; I/O Standard ; vga            ;              ; FL_ADDR[5]       ; 3.3-V LVTTL   ; QSF Assignment ;
; I/O Standard ; vga            ;              ; FL_ADDR[6]       ; 3.3-V LVTTL   ; QSF Assignment ;
; I/O Standard ; vga            ;              ; FL_ADDR[7]       ; 3.3-V LVTTL   ; QSF Assignment ;
; I/O Standard ; vga            ;              ; FL_ADDR[8]       ; 3.3-V LVTTL   ; QSF Assignment ;
; I/O Standard ; vga            ;              ; FL_ADDR[9]       ; 3.3-V LVTTL   ; QSF Assignment ;
; I/O Standard ; vga            ;              ; FL_CE_N          ; 3.3-V LVTTL   ; QSF Assignment ;
; I/O Standard ; vga            ;              ; FL_DQ[0]         ; 3.3-V LVTTL   ; QSF Assignment ;
; I/O Standard ; vga            ;              ; FL_DQ[1]         ; 3.3-V LVTTL   ; QSF Assignment ;
; I/O Standard ; vga            ;              ; FL_DQ[2]         ; 3.3-V LVTTL   ; QSF Assignment ;
; I/O Standard ; vga            ;              ; FL_DQ[3]         ; 3.3-V LVTTL   ; QSF Assignment ;
; I/O Standard ; vga            ;              ; FL_DQ[4]         ; 3.3-V LVTTL   ; QSF Assignment ;
; I/O Standard ; vga            ;              ; FL_DQ[5]         ; 3.3-V LVTTL   ; QSF Assignment ;
; I/O Standard ; vga            ;              ; FL_DQ[6]         ; 3.3-V LVTTL   ; QSF Assignment ;
; I/O Standard ; vga            ;              ; FL_DQ[7]         ; 3.3-V LVTTL   ; QSF Assignment ;
; I/O Standard ; vga            ;              ; FL_OE_N          ; 3.3-V LVTTL   ; QSF Assignment ;
; I/O Standard ; vga            ;              ; FL_RST_N         ; 3.3-V LVTTL   ; QSF Assignment ;
; I/O Standard ; vga            ;              ; FL_RY            ; 3.3-V LVTTL   ; QSF Assignment ;
; I/O Standard ; vga            ;              ; FL_WE_N          ; 3.3-V LVTTL   ; QSF Assignment ;
; I/O Standard ; vga            ;              ; FL_WP_N          ; 3.3-V LVTTL   ; QSF Assignment ;
; I/O Standard ; vga            ;              ; GPIO[0]          ; 3.3-V LVTTL   ; QSF Assignment ;
; I/O Standard ; vga            ;              ; GPIO[10]         ; 3.3-V LVTTL   ; QSF Assignment ;
; I/O Standard ; vga            ;              ; GPIO[11]         ; 3.3-V LVTTL   ; QSF Assignment ;
; I/O Standard ; vga            ;              ; GPIO[12]         ; 3.3-V LVTTL   ; QSF Assignment ;
; I/O Standard ; vga            ;              ; GPIO[13]         ; 3.3-V LVTTL   ; QSF Assignment ;
; I/O Standard ; vga            ;              ; GPIO[14]         ; 3.3-V LVTTL   ; QSF Assignment ;
; I/O Standard ; vga            ;              ; GPIO[15]         ; 3.3-V LVTTL   ; QSF Assignment ;
; I/O Standard ; vga            ;              ; GPIO[16]         ; 3.3-V LVTTL   ; QSF Assignment ;
; I/O Standard ; vga            ;              ; GPIO[17]         ; 3.3-V LVTTL   ; QSF Assignment ;
; I/O Standard ; vga            ;              ; GPIO[18]         ; 3.3-V LVTTL   ; QSF Assignment ;
; I/O Standard ; vga            ;              ; GPIO[19]         ; 3.3-V LVTTL   ; QSF Assignment ;
; I/O Standard ; vga            ;              ; GPIO[1]          ; 3.3-V LVTTL   ; QSF Assignment ;
; I/O Standard ; vga            ;              ; GPIO[20]         ; 3.3-V LVTTL   ; QSF Assignment ;
; I/O Standard ; vga            ;              ; GPIO[21]         ; 3.3-V LVTTL   ; QSF Assignment ;
; I/O Standard ; vga            ;              ; GPIO[22]         ; 3.3-V LVTTL   ; QSF Assignment ;
; I/O Standard ; vga            ;              ; GPIO[23]         ; 3.3-V LVTTL   ; QSF Assignment ;
; I/O Standard ; vga            ;              ; GPIO[24]         ; 3.3-V LVTTL   ; QSF Assignment ;
; I/O Standard ; vga            ;              ; GPIO[25]         ; 3.3-V LVTTL   ; QSF Assignment ;
; I/O Standard ; vga            ;              ; GPIO[26]         ; 3.3-V LVTTL   ; QSF Assignment ;
; I/O Standard ; vga            ;              ; GPIO[27]         ; 3.3-V LVTTL   ; QSF Assignment ;
; I/O Standard ; vga            ;              ; GPIO[28]         ; 3.3-V LVTTL   ; QSF Assignment ;
; I/O Standard ; vga            ;              ; GPIO[29]         ; 3.3-V LVTTL   ; QSF Assignment ;
; I/O Standard ; vga            ;              ; GPIO[2]          ; 3.3-V LVTTL   ; QSF Assignment ;
; I/O Standard ; vga            ;              ; GPIO[30]         ; 3.3-V LVTTL   ; QSF Assignment ;
; I/O Standard ; vga            ;              ; GPIO[31]         ; 3.3-V LVTTL   ; QSF Assignment ;
; I/O Standard ; vga            ;              ; GPIO[32]         ; 3.3-V LVTTL   ; QSF Assignment ;
; I/O Standard ; vga            ;              ; GPIO[33]         ; 3.3-V LVTTL   ; QSF Assignment ;
; I/O Standard ; vga            ;              ; GPIO[34]         ; 3.3-V LVTTL   ; QSF Assignment ;
; I/O Standard ; vga            ;              ; GPIO[35]         ; 3.3-V LVTTL   ; QSF Assignment ;
; I/O Standard ; vga            ;              ; GPIO[3]          ; 3.3-V LVTTL   ; QSF Assignment ;
; I/O Standard ; vga            ;              ; GPIO[4]          ; 3.3-V LVTTL   ; QSF Assignment ;
; I/O Standard ; vga            ;              ; GPIO[5]          ; 3.3-V LVTTL   ; QSF Assignment ;
; I/O Standard ; vga            ;              ; GPIO[6]          ; 3.3-V LVTTL   ; QSF Assignment ;
; I/O Standard ; vga            ;              ; GPIO[7]          ; 3.3-V LVTTL   ; QSF Assignment ;
; I/O Standard ; vga            ;              ; GPIO[8]          ; 3.3-V LVTTL   ; QSF Assignment ;
; I/O Standard ; vga            ;              ; GPIO[9]          ; 3.3-V LVTTL   ; QSF Assignment ;
; I/O Standard ; vga            ;              ; HEX0[0]          ; 2.5 V         ; QSF Assignment ;
; I/O Standard ; vga            ;              ; HEX0[1]          ; 2.5 V         ; QSF Assignment ;
; I/O Standard ; vga            ;              ; HEX0[2]          ; 2.5 V         ; QSF Assignment ;
; I/O Standard ; vga            ;              ; HEX0[3]          ; 2.5 V         ; QSF Assignment ;
; I/O Standard ; vga            ;              ; HEX0[4]          ; 2.5 V         ; QSF Assignment ;
; I/O Standard ; vga            ;              ; HEX0[5]          ; 2.5 V         ; QSF Assignment ;
; I/O Standard ; vga            ;              ; HEX0[6]          ; 2.5 V         ; QSF Assignment ;
; I/O Standard ; vga            ;              ; HEX1[0]          ; 2.5 V         ; QSF Assignment ;
; I/O Standard ; vga            ;              ; HEX1[1]          ; 2.5 V         ; QSF Assignment ;
; I/O Standard ; vga            ;              ; HEX1[2]          ; 2.5 V         ; QSF Assignment ;
; I/O Standard ; vga            ;              ; HEX1[3]          ; 2.5 V         ; QSF Assignment ;
; I/O Standard ; vga            ;              ; HEX1[4]          ; 2.5 V         ; QSF Assignment ;
; I/O Standard ; vga            ;              ; HEX1[5]          ; 2.5 V         ; QSF Assignment ;
; I/O Standard ; vga            ;              ; HEX1[6]          ; 2.5 V         ; QSF Assignment ;
; I/O Standard ; vga            ;              ; HEX2[0]          ; 2.5 V         ; QSF Assignment ;
; I/O Standard ; vga            ;              ; HEX2[1]          ; 2.5 V         ; QSF Assignment ;
; I/O Standard ; vga            ;              ; HEX2[2]          ; 2.5 V         ; QSF Assignment ;
; I/O Standard ; vga            ;              ; HEX2[3]          ; 2.5 V         ; QSF Assignment ;
; I/O Standard ; vga            ;              ; HEX2[4]          ; 2.5 V         ; QSF Assignment ;
; I/O Standard ; vga            ;              ; HEX2[5]          ; 2.5 V         ; QSF Assignment ;
; I/O Standard ; vga            ;              ; HEX2[6]          ; 2.5 V         ; QSF Assignment ;
; I/O Standard ; vga            ;              ; HEX3[0]          ; 2.5 V         ; QSF Assignment ;
; I/O Standard ; vga            ;              ; HEX3[1]          ; 2.5 V         ; QSF Assignment ;
; I/O Standard ; vga            ;              ; HEX3[2]          ; 3.3-V LVTTL   ; QSF Assignment ;
; I/O Standard ; vga            ;              ; HEX3[3]          ; 3.3-V LVTTL   ; QSF Assignment ;
; I/O Standard ; vga            ;              ; HEX3[4]          ; 3.3-V LVTTL   ; QSF Assignment ;
; I/O Standard ; vga            ;              ; HEX3[5]          ; 3.3-V LVTTL   ; QSF Assignment ;
; I/O Standard ; vga            ;              ; HEX3[6]          ; 3.3-V LVTTL   ; QSF Assignment ;
; I/O Standard ; vga            ;              ; HEX4[0]          ; 3.3-V LVTTL   ; QSF Assignment ;
; I/O Standard ; vga            ;              ; HEX4[1]          ; 3.3-V LVTTL   ; QSF Assignment ;
; I/O Standard ; vga            ;              ; HEX4[2]          ; 3.3-V LVTTL   ; QSF Assignment ;
; I/O Standard ; vga            ;              ; HEX4[3]          ; 3.3-V LVTTL   ; QSF Assignment ;
; I/O Standard ; vga            ;              ; HEX4[4]          ; 3.3-V LVTTL   ; QSF Assignment ;
; I/O Standard ; vga            ;              ; HEX4[5]          ; 3.3-V LVTTL   ; QSF Assignment ;
; I/O Standard ; vga            ;              ; HEX4[6]          ; 3.3-V LVTTL   ; QSF Assignment ;
; I/O Standard ; vga            ;              ; HEX5[0]          ; 3.3-V LVTTL   ; QSF Assignment ;
; I/O Standard ; vga            ;              ; HEX5[1]          ; 3.3-V LVTTL   ; QSF Assignment ;
; I/O Standard ; vga            ;              ; HEX5[2]          ; 3.3-V LVTTL   ; QSF Assignment ;
; I/O Standard ; vga            ;              ; HEX5[3]          ; 3.3-V LVTTL   ; QSF Assignment ;
; I/O Standard ; vga            ;              ; HEX5[4]          ; 3.3-V LVTTL   ; QSF Assignment ;
; I/O Standard ; vga            ;              ; HEX5[5]          ; 3.3-V LVTTL   ; QSF Assignment ;
; I/O Standard ; vga            ;              ; HEX5[6]          ; 3.3-V LVTTL   ; QSF Assignment ;
; I/O Standard ; vga            ;              ; HEX6[0]          ; 3.3-V LVTTL   ; QSF Assignment ;
; I/O Standard ; vga            ;              ; HEX6[1]          ; 3.3-V LVTTL   ; QSF Assignment ;
; I/O Standard ; vga            ;              ; HEX6[2]          ; 3.3-V LVTTL   ; QSF Assignment ;
; I/O Standard ; vga            ;              ; HEX6[3]          ; 3.3-V LVTTL   ; QSF Assignment ;
; I/O Standard ; vga            ;              ; HEX6[4]          ; 3.3-V LVTTL   ; QSF Assignment ;
; I/O Standard ; vga            ;              ; HEX6[5]          ; 3.3-V LVTTL   ; QSF Assignment ;
; I/O Standard ; vga            ;              ; HEX6[6]          ; 3.3-V LVTTL   ; QSF Assignment ;
; I/O Standard ; vga            ;              ; HEX7[0]          ; 3.3-V LVTTL   ; QSF Assignment ;
; I/O Standard ; vga            ;              ; HEX7[1]          ; 3.3-V LVTTL   ; QSF Assignment ;
; I/O Standard ; vga            ;              ; HEX7[2]          ; 3.3-V LVTTL   ; QSF Assignment ;
; I/O Standard ; vga            ;              ; HEX7[3]          ; 3.3-V LVTTL   ; QSF Assignment ;
; I/O Standard ; vga            ;              ; HEX7[4]          ; 3.3-V LVTTL   ; QSF Assignment ;
; I/O Standard ; vga            ;              ; HEX7[5]          ; 3.3-V LVTTL   ; QSF Assignment ;
; I/O Standard ; vga            ;              ; HEX7[6]          ; 3.3-V LVTTL   ; QSF Assignment ;
; I/O Standard ; vga            ;              ; HSMC_CLKIN0      ; 3.0-V LVTTL   ; QSF Assignment ;
; I/O Standard ; vga            ;              ; HSMC_CLKIN_N1    ; LVDS          ; QSF Assignment ;
; I/O Standard ; vga            ;              ; HSMC_CLKIN_N2    ; LVDS          ; QSF Assignment ;
; I/O Standard ; vga            ;              ; HSMC_CLKIN_P1    ; LVDS          ; QSF Assignment ;
; I/O Standard ; vga            ;              ; HSMC_CLKIN_P2    ; LVDS          ; QSF Assignment ;
; I/O Standard ; vga            ;              ; HSMC_CLKOUT0     ; 2.5 V         ; QSF Assignment ;
; I/O Standard ; vga            ;              ; HSMC_CLKOUT_N1   ; LVDS          ; QSF Assignment ;
; I/O Standard ; vga            ;              ; HSMC_CLKOUT_N2   ; LVDS          ; QSF Assignment ;
; I/O Standard ; vga            ;              ; HSMC_CLKOUT_P1   ; LVDS          ; QSF Assignment ;
; I/O Standard ; vga            ;              ; HSMC_CLKOUT_P2   ; LVDS          ; QSF Assignment ;
; I/O Standard ; vga            ;              ; HSMC_D[0]        ; 2.5 V         ; QSF Assignment ;
; I/O Standard ; vga            ;              ; HSMC_D[1]        ; 2.5 V         ; QSF Assignment ;
; I/O Standard ; vga            ;              ; HSMC_D[2]        ; 2.5 V         ; QSF Assignment ;
; I/O Standard ; vga            ;              ; HSMC_D[3]        ; 2.5 V         ; QSF Assignment ;
; I/O Standard ; vga            ;              ; HSMC_RX_D_N[0]   ; LVDS          ; QSF Assignment ;
; I/O Standard ; vga            ;              ; HSMC_RX_D_N[10]  ; LVDS          ; QSF Assignment ;
; I/O Standard ; vga            ;              ; HSMC_RX_D_N[11]  ; LVDS          ; QSF Assignment ;
; I/O Standard ; vga            ;              ; HSMC_RX_D_N[12]  ; LVDS          ; QSF Assignment ;
; I/O Standard ; vga            ;              ; HSMC_RX_D_N[13]  ; LVDS          ; QSF Assignment ;
; I/O Standard ; vga            ;              ; HSMC_RX_D_N[14]  ; LVDS          ; QSF Assignment ;
; I/O Standard ; vga            ;              ; HSMC_RX_D_N[15]  ; LVDS          ; QSF Assignment ;
; I/O Standard ; vga            ;              ; HSMC_RX_D_N[16]  ; LVDS          ; QSF Assignment ;
; I/O Standard ; vga            ;              ; HSMC_RX_D_N[1]   ; LVDS          ; QSF Assignment ;
; I/O Standard ; vga            ;              ; HSMC_RX_D_N[2]   ; LVDS          ; QSF Assignment ;
; I/O Standard ; vga            ;              ; HSMC_RX_D_N[3]   ; LVDS          ; QSF Assignment ;
; I/O Standard ; vga            ;              ; HSMC_RX_D_N[4]   ; LVDS          ; QSF Assignment ;
; I/O Standard ; vga            ;              ; HSMC_RX_D_N[5]   ; LVDS          ; QSF Assignment ;
; I/O Standard ; vga            ;              ; HSMC_RX_D_N[6]   ; LVDS          ; QSF Assignment ;
; I/O Standard ; vga            ;              ; HSMC_RX_D_N[7]   ; LVDS          ; QSF Assignment ;
; I/O Standard ; vga            ;              ; HSMC_RX_D_N[8]   ; LVDS          ; QSF Assignment ;
; I/O Standard ; vga            ;              ; HSMC_RX_D_N[9]   ; LVDS          ; QSF Assignment ;
; I/O Standard ; vga            ;              ; HSMC_RX_D_P[0]   ; LVDS          ; QSF Assignment ;
; I/O Standard ; vga            ;              ; HSMC_RX_D_P[10]  ; LVDS          ; QSF Assignment ;
; I/O Standard ; vga            ;              ; HSMC_RX_D_P[11]  ; LVDS          ; QSF Assignment ;
; I/O Standard ; vga            ;              ; HSMC_RX_D_P[12]  ; LVDS          ; QSF Assignment ;
; I/O Standard ; vga            ;              ; HSMC_RX_D_P[13]  ; LVDS          ; QSF Assignment ;
; I/O Standard ; vga            ;              ; HSMC_RX_D_P[14]  ; LVDS          ; QSF Assignment ;
; I/O Standard ; vga            ;              ; HSMC_RX_D_P[15]  ; LVDS          ; QSF Assignment ;
; I/O Standard ; vga            ;              ; HSMC_RX_D_P[16]  ; LVDS          ; QSF Assignment ;
; I/O Standard ; vga            ;              ; HSMC_RX_D_P[1]   ; LVDS          ; QSF Assignment ;
; I/O Standard ; vga            ;              ; HSMC_RX_D_P[2]   ; LVDS          ; QSF Assignment ;
; I/O Standard ; vga            ;              ; HSMC_RX_D_P[3]   ; LVDS          ; QSF Assignment ;
; I/O Standard ; vga            ;              ; HSMC_RX_D_P[4]   ; LVDS          ; QSF Assignment ;
; I/O Standard ; vga            ;              ; HSMC_RX_D_P[5]   ; LVDS          ; QSF Assignment ;
; I/O Standard ; vga            ;              ; HSMC_RX_D_P[6]   ; LVDS          ; QSF Assignment ;
; I/O Standard ; vga            ;              ; HSMC_RX_D_P[7]   ; LVDS          ; QSF Assignment ;
; I/O Standard ; vga            ;              ; HSMC_RX_D_P[8]   ; LVDS          ; QSF Assignment ;
; I/O Standard ; vga            ;              ; HSMC_RX_D_P[9]   ; LVDS          ; QSF Assignment ;
; I/O Standard ; vga            ;              ; HSMC_TX_D_N[0]   ; LVDS          ; QSF Assignment ;
; I/O Standard ; vga            ;              ; HSMC_TX_D_N[10]  ; LVDS          ; QSF Assignment ;
; I/O Standard ; vga            ;              ; HSMC_TX_D_N[11]  ; LVDS          ; QSF Assignment ;
; I/O Standard ; vga            ;              ; HSMC_TX_D_N[12]  ; LVDS          ; QSF Assignment ;
; I/O Standard ; vga            ;              ; HSMC_TX_D_N[13]  ; LVDS          ; QSF Assignment ;
; I/O Standard ; vga            ;              ; HSMC_TX_D_N[14]  ; LVDS          ; QSF Assignment ;
; I/O Standard ; vga            ;              ; HSMC_TX_D_N[15]  ; LVDS          ; QSF Assignment ;
; I/O Standard ; vga            ;              ; HSMC_TX_D_N[16]  ; LVDS          ; QSF Assignment ;
; I/O Standard ; vga            ;              ; HSMC_TX_D_N[1]   ; LVDS          ; QSF Assignment ;
; I/O Standard ; vga            ;              ; HSMC_TX_D_N[2]   ; LVDS          ; QSF Assignment ;
; I/O Standard ; vga            ;              ; HSMC_TX_D_N[3]   ; LVDS          ; QSF Assignment ;
; I/O Standard ; vga            ;              ; HSMC_TX_D_N[4]   ; LVDS          ; QSF Assignment ;
; I/O Standard ; vga            ;              ; HSMC_TX_D_N[5]   ; LVDS          ; QSF Assignment ;
; I/O Standard ; vga            ;              ; HSMC_TX_D_N[6]   ; LVDS          ; QSF Assignment ;
; I/O Standard ; vga            ;              ; HSMC_TX_D_N[7]   ; LVDS          ; QSF Assignment ;
; I/O Standard ; vga            ;              ; HSMC_TX_D_N[8]   ; LVDS          ; QSF Assignment ;
; I/O Standard ; vga            ;              ; HSMC_TX_D_N[9]   ; LVDS          ; QSF Assignment ;
; I/O Standard ; vga            ;              ; HSMC_TX_D_P[0]   ; LVDS          ; QSF Assignment ;
; I/O Standard ; vga            ;              ; HSMC_TX_D_P[10]  ; LVDS          ; QSF Assignment ;
; I/O Standard ; vga            ;              ; HSMC_TX_D_P[11]  ; LVDS          ; QSF Assignment ;
; I/O Standard ; vga            ;              ; HSMC_TX_D_P[12]  ; LVDS          ; QSF Assignment ;
; I/O Standard ; vga            ;              ; HSMC_TX_D_P[13]  ; LVDS          ; QSF Assignment ;
; I/O Standard ; vga            ;              ; HSMC_TX_D_P[14]  ; LVDS          ; QSF Assignment ;
; I/O Standard ; vga            ;              ; HSMC_TX_D_P[15]  ; LVDS          ; QSF Assignment ;
; I/O Standard ; vga            ;              ; HSMC_TX_D_P[16]  ; LVDS          ; QSF Assignment ;
; I/O Standard ; vga            ;              ; HSMC_TX_D_P[1]   ; LVDS          ; QSF Assignment ;
; I/O Standard ; vga            ;              ; HSMC_TX_D_P[2]   ; LVDS          ; QSF Assignment ;
; I/O Standard ; vga            ;              ; HSMC_TX_D_P[3]   ; LVDS          ; QSF Assignment ;
; I/O Standard ; vga            ;              ; HSMC_TX_D_P[4]   ; LVDS          ; QSF Assignment ;
; I/O Standard ; vga            ;              ; HSMC_TX_D_P[5]   ; LVDS          ; QSF Assignment ;
; I/O Standard ; vga            ;              ; HSMC_TX_D_P[6]   ; LVDS          ; QSF Assignment ;
; I/O Standard ; vga            ;              ; HSMC_TX_D_P[7]   ; LVDS          ; QSF Assignment ;
; I/O Standard ; vga            ;              ; HSMC_TX_D_P[8]   ; LVDS          ; QSF Assignment ;
; I/O Standard ; vga            ;              ; HSMC_TX_D_P[9]   ; LVDS          ; QSF Assignment ;
; I/O Standard ; vga            ;              ; I2C_SCLK         ; 3.3-V LVTTL   ; QSF Assignment ;
; I/O Standard ; vga            ;              ; I2C_SDAT         ; 3.3-V LVTTL   ; QSF Assignment ;
; I/O Standard ; vga            ;              ; IRDA_RXD         ; 3.3-V LVTTL   ; QSF Assignment ;
; I/O Standard ; vga            ;              ; KEY[0]           ; 2.5 V         ; QSF Assignment ;
; I/O Standard ; vga            ;              ; KEY[1]           ; 2.5 V         ; QSF Assignment ;
; I/O Standard ; vga            ;              ; KEY[2]           ; 2.5 V         ; QSF Assignment ;
; I/O Standard ; vga            ;              ; KEY[3]           ; 2.5 V         ; QSF Assignment ;
; I/O Standard ; vga            ;              ; LCD_BLON         ; 3.3-V LVTTL   ; QSF Assignment ;
; I/O Standard ; vga            ;              ; LCD_DATA[0]      ; 3.3-V LVTTL   ; QSF Assignment ;
; I/O Standard ; vga            ;              ; LCD_DATA[1]      ; 3.3-V LVTTL   ; QSF Assignment ;
; I/O Standard ; vga            ;              ; LCD_DATA[2]      ; 3.3-V LVTTL   ; QSF Assignment ;
; I/O Standard ; vga            ;              ; LCD_DATA[3]      ; 3.3-V LVTTL   ; QSF Assignment ;
; I/O Standard ; vga            ;              ; LCD_DATA[4]      ; 3.3-V LVTTL   ; QSF Assignment ;
; I/O Standard ; vga            ;              ; LCD_DATA[5]      ; 3.3-V LVTTL   ; QSF Assignment ;
; I/O Standard ; vga            ;              ; LCD_DATA[6]      ; 3.3-V LVTTL   ; QSF Assignment ;
; I/O Standard ; vga            ;              ; LCD_DATA[7]      ; 3.3-V LVTTL   ; QSF Assignment ;
; I/O Standard ; vga            ;              ; LCD_EN           ; 3.3-V LVTTL   ; QSF Assignment ;
; I/O Standard ; vga            ;              ; LCD_ON           ; 3.3-V LVTTL   ; QSF Assignment ;
; I/O Standard ; vga            ;              ; LCD_RS           ; 3.3-V LVTTL   ; QSF Assignment ;
; I/O Standard ; vga            ;              ; LCD_RW           ; 3.3-V LVTTL   ; QSF Assignment ;
; I/O Standard ; vga            ;              ; LEDG[0]          ; 2.5 V         ; QSF Assignment ;
; I/O Standard ; vga            ;              ; LEDG[1]          ; 2.5 V         ; QSF Assignment ;
; I/O Standard ; vga            ;              ; LEDG[2]          ; 2.5 V         ; QSF Assignment ;
; I/O Standard ; vga            ;              ; LEDG[3]          ; 2.5 V         ; QSF Assignment ;
; I/O Standard ; vga            ;              ; LEDG[4]          ; 2.5 V         ; QSF Assignment ;
; I/O Standard ; vga            ;              ; LEDG[5]          ; 2.5 V         ; QSF Assignment ;
; I/O Standard ; vga            ;              ; LEDG[6]          ; 2.5 V         ; QSF Assignment ;
; I/O Standard ; vga            ;              ; LEDG[7]          ; 2.5 V         ; QSF Assignment ;
; I/O Standard ; vga            ;              ; LEDG[8]          ; 2.5 V         ; QSF Assignment ;
; I/O Standard ; vga            ;              ; LEDR[0]          ; 2.5 V         ; QSF Assignment ;
; I/O Standard ; vga            ;              ; LEDR[10]         ; 2.5 V         ; QSF Assignment ;
; I/O Standard ; vga            ;              ; LEDR[11]         ; 2.5 V         ; QSF Assignment ;
; I/O Standard ; vga            ;              ; LEDR[12]         ; 2.5 V         ; QSF Assignment ;
; I/O Standard ; vga            ;              ; LEDR[13]         ; 2.5 V         ; QSF Assignment ;
; I/O Standard ; vga            ;              ; LEDR[14]         ; 2.5 V         ; QSF Assignment ;
; I/O Standard ; vga            ;              ; LEDR[15]         ; 2.5 V         ; QSF Assignment ;
; I/O Standard ; vga            ;              ; LEDR[16]         ; 2.5 V         ; QSF Assignment ;
; I/O Standard ; vga            ;              ; LEDR[17]         ; 2.5 V         ; QSF Assignment ;
; I/O Standard ; vga            ;              ; LEDR[1]          ; 2.5 V         ; QSF Assignment ;
; I/O Standard ; vga            ;              ; LEDR[2]          ; 2.5 V         ; QSF Assignment ;
; I/O Standard ; vga            ;              ; LEDR[3]          ; 2.5 V         ; QSF Assignment ;
; I/O Standard ; vga            ;              ; LEDR[4]          ; 2.5 V         ; QSF Assignment ;
; I/O Standard ; vga            ;              ; LEDR[5]          ; 2.5 V         ; QSF Assignment ;
; I/O Standard ; vga            ;              ; LEDR[6]          ; 2.5 V         ; QSF Assignment ;
; I/O Standard ; vga            ;              ; LEDR[7]          ; 2.5 V         ; QSF Assignment ;
; I/O Standard ; vga            ;              ; LEDR[8]          ; 2.5 V         ; QSF Assignment ;
; I/O Standard ; vga            ;              ; LEDR[9]          ; 2.5 V         ; QSF Assignment ;
; I/O Standard ; vga            ;              ; OTG_ADDR[0]      ; 3.3-V LVTTL   ; QSF Assignment ;
; I/O Standard ; vga            ;              ; OTG_ADDR[1]      ; 3.3-V LVTTL   ; QSF Assignment ;
; I/O Standard ; vga            ;              ; OTG_CS_N         ; 3.3-V LVTTL   ; QSF Assignment ;
; I/O Standard ; vga            ;              ; OTG_DACK_N[0]    ; 3.3-V LVTTL   ; QSF Assignment ;
; I/O Standard ; vga            ;              ; OTG_DACK_N[1]    ; 3.3-V LVTTL   ; QSF Assignment ;
; I/O Standard ; vga            ;              ; OTG_DATA[0]      ; 3.3-V LVTTL   ; QSF Assignment ;
; I/O Standard ; vga            ;              ; OTG_DATA[10]     ; 3.3-V LVTTL   ; QSF Assignment ;
; I/O Standard ; vga            ;              ; OTG_DATA[11]     ; 3.3-V LVTTL   ; QSF Assignment ;
; I/O Standard ; vga            ;              ; OTG_DATA[12]     ; 3.3-V LVTTL   ; QSF Assignment ;
; I/O Standard ; vga            ;              ; OTG_DATA[13]     ; 3.3-V LVTTL   ; QSF Assignment ;
; I/O Standard ; vga            ;              ; OTG_DATA[14]     ; 3.3-V LVTTL   ; QSF Assignment ;
; I/O Standard ; vga            ;              ; OTG_DATA[15]     ; 3.3-V LVTTL   ; QSF Assignment ;
; I/O Standard ; vga            ;              ; OTG_DATA[1]      ; 3.3-V LVTTL   ; QSF Assignment ;
; I/O Standard ; vga            ;              ; OTG_DATA[2]      ; 3.3-V LVTTL   ; QSF Assignment ;
; I/O Standard ; vga            ;              ; OTG_DATA[3]      ; 3.3-V LVTTL   ; QSF Assignment ;
; I/O Standard ; vga            ;              ; OTG_DATA[4]      ; 3.3-V LVTTL   ; QSF Assignment ;
; I/O Standard ; vga            ;              ; OTG_DATA[5]      ; 3.3-V LVTTL   ; QSF Assignment ;
; I/O Standard ; vga            ;              ; OTG_DATA[6]      ; 3.3-V LVTTL   ; QSF Assignment ;
; I/O Standard ; vga            ;              ; OTG_DATA[7]      ; 3.3-V LVTTL   ; QSF Assignment ;
; I/O Standard ; vga            ;              ; OTG_DATA[8]      ; 3.3-V LVTTL   ; QSF Assignment ;
; I/O Standard ; vga            ;              ; OTG_DATA[9]      ; 3.3-V LVTTL   ; QSF Assignment ;
; I/O Standard ; vga            ;              ; OTG_DREQ[0]      ; 3.3-V LVTTL   ; QSF Assignment ;
; I/O Standard ; vga            ;              ; OTG_DREQ[1]      ; 3.3-V LVTTL   ; QSF Assignment ;
; I/O Standard ; vga            ;              ; OTG_FSPEED       ; 3.3-V LVTTL   ; QSF Assignment ;
; I/O Standard ; vga            ;              ; OTG_INT[0]       ; 3.3-V LVTTL   ; QSF Assignment ;
; I/O Standard ; vga            ;              ; OTG_INT[1]       ; 3.3-V LVTTL   ; QSF Assignment ;
; I/O Standard ; vga            ;              ; OTG_LSPEED       ; 3.3-V LVTTL   ; QSF Assignment ;
; I/O Standard ; vga            ;              ; OTG_RD_N         ; 3.3-V LVTTL   ; QSF Assignment ;
; I/O Standard ; vga            ;              ; OTG_RST_N        ; 3.3-V LVTTL   ; QSF Assignment ;
; I/O Standard ; vga            ;              ; OTG_WR_N         ; 3.3-V LVTTL   ; QSF Assignment ;
; I/O Standard ; vga            ;              ; PS2_CLK          ; 3.3-V LVTTL   ; QSF Assignment ;
; I/O Standard ; vga            ;              ; PS2_CLK2         ; 3.3-V LVTTL   ; QSF Assignment ;
; I/O Standard ; vga            ;              ; PS2_DAT          ; 3.3-V LVTTL   ; QSF Assignment ;
; I/O Standard ; vga            ;              ; PS2_DAT2         ; 3.3-V LVTTL   ; QSF Assignment ;
; I/O Standard ; vga            ;              ; SD_CLK           ; 3.3-V LVTTL   ; QSF Assignment ;
; I/O Standard ; vga            ;              ; SD_CMD           ; 3.3-V LVTTL   ; QSF Assignment ;
; I/O Standard ; vga            ;              ; SD_DAT[0]        ; 3.3-V LVTTL   ; QSF Assignment ;
; I/O Standard ; vga            ;              ; SD_DAT[1]        ; 3.3-V LVTTL   ; QSF Assignment ;
; I/O Standard ; vga            ;              ; SD_DAT[2]        ; 3.3-V LVTTL   ; QSF Assignment ;
; I/O Standard ; vga            ;              ; SD_DAT[3]        ; 3.3-V LVTTL   ; QSF Assignment ;
; I/O Standard ; vga            ;              ; SD_WP_N          ; 3.3-V LVTTL   ; QSF Assignment ;
; I/O Standard ; vga            ;              ; SMA_CLKIN        ; 3.3-V LVTTL   ; QSF Assignment ;
; I/O Standard ; vga            ;              ; SMA_CLKOUT       ; 3.3-V LVTTL   ; QSF Assignment ;
; I/O Standard ; vga            ;              ; SRAM_ADDR[0]     ; 3.3-V LVTTL   ; QSF Assignment ;
; I/O Standard ; vga            ;              ; SRAM_ADDR[10]    ; 3.3-V LVTTL   ; QSF Assignment ;
; I/O Standard ; vga            ;              ; SRAM_ADDR[11]    ; 3.3-V LVTTL   ; QSF Assignment ;
; I/O Standard ; vga            ;              ; SRAM_ADDR[12]    ; 3.3-V LVTTL   ; QSF Assignment ;
; I/O Standard ; vga            ;              ; SRAM_ADDR[13]    ; 3.3-V LVTTL   ; QSF Assignment ;
; I/O Standard ; vga            ;              ; SRAM_ADDR[14]    ; 3.3-V LVTTL   ; QSF Assignment ;
; I/O Standard ; vga            ;              ; SRAM_ADDR[15]    ; 3.3-V LVTTL   ; QSF Assignment ;
; I/O Standard ; vga            ;              ; SRAM_ADDR[16]    ; 3.3-V LVTTL   ; QSF Assignment ;
; I/O Standard ; vga            ;              ; SRAM_ADDR[17]    ; 3.3-V LVTTL   ; QSF Assignment ;
; I/O Standard ; vga            ;              ; SRAM_ADDR[18]    ; 3.3-V LVTTL   ; QSF Assignment ;
; I/O Standard ; vga            ;              ; SRAM_ADDR[19]    ; 3.3-V LVTTL   ; QSF Assignment ;
; I/O Standard ; vga            ;              ; SRAM_ADDR[1]     ; 3.3-V LVTTL   ; QSF Assignment ;
; I/O Standard ; vga            ;              ; SRAM_ADDR[2]     ; 3.3-V LVTTL   ; QSF Assignment ;
; I/O Standard ; vga            ;              ; SRAM_ADDR[3]     ; 3.3-V LVTTL   ; QSF Assignment ;
; I/O Standard ; vga            ;              ; SRAM_ADDR[4]     ; 3.3-V LVTTL   ; QSF Assignment ;
; I/O Standard ; vga            ;              ; SRAM_ADDR[5]     ; 3.3-V LVTTL   ; QSF Assignment ;
; I/O Standard ; vga            ;              ; SRAM_ADDR[6]     ; 3.3-V LVTTL   ; QSF Assignment ;
; I/O Standard ; vga            ;              ; SRAM_ADDR[7]     ; 3.3-V LVTTL   ; QSF Assignment ;
; I/O Standard ; vga            ;              ; SRAM_ADDR[8]     ; 3.3-V LVTTL   ; QSF Assignment ;
; I/O Standard ; vga            ;              ; SRAM_ADDR[9]     ; 3.3-V LVTTL   ; QSF Assignment ;
; I/O Standard ; vga            ;              ; SRAM_CE_N        ; 3.3-V LVTTL   ; QSF Assignment ;
; I/O Standard ; vga            ;              ; SRAM_DQ[0]       ; 3.3-V LVTTL   ; QSF Assignment ;
; I/O Standard ; vga            ;              ; SRAM_DQ[10]      ; 3.3-V LVTTL   ; QSF Assignment ;
; I/O Standard ; vga            ;              ; SRAM_DQ[11]      ; 3.3-V LVTTL   ; QSF Assignment ;
; I/O Standard ; vga            ;              ; SRAM_DQ[12]      ; 3.3-V LVTTL   ; QSF Assignment ;
; I/O Standard ; vga            ;              ; SRAM_DQ[13]      ; 3.3-V LVTTL   ; QSF Assignment ;
; I/O Standard ; vga            ;              ; SRAM_DQ[14]      ; 3.3-V LVTTL   ; QSF Assignment ;
; I/O Standard ; vga            ;              ; SRAM_DQ[15]      ; 3.3-V LVTTL   ; QSF Assignment ;
; I/O Standard ; vga            ;              ; SRAM_DQ[1]       ; 3.3-V LVTTL   ; QSF Assignment ;
; I/O Standard ; vga            ;              ; SRAM_DQ[2]       ; 3.3-V LVTTL   ; QSF Assignment ;
; I/O Standard ; vga            ;              ; SRAM_DQ[3]       ; 3.3-V LVTTL   ; QSF Assignment ;
; I/O Standard ; vga            ;              ; SRAM_DQ[4]       ; 3.3-V LVTTL   ; QSF Assignment ;
; I/O Standard ; vga            ;              ; SRAM_DQ[5]       ; 3.3-V LVTTL   ; QSF Assignment ;
; I/O Standard ; vga            ;              ; SRAM_DQ[6]       ; 3.3-V LVTTL   ; QSF Assignment ;
; I/O Standard ; vga            ;              ; SRAM_DQ[7]       ; 3.3-V LVTTL   ; QSF Assignment ;
; I/O Standard ; vga            ;              ; SRAM_DQ[8]       ; 3.3-V LVTTL   ; QSF Assignment ;
; I/O Standard ; vga            ;              ; SRAM_DQ[9]       ; 3.3-V LVTTL   ; QSF Assignment ;
; I/O Standard ; vga            ;              ; SRAM_LB_N        ; 3.3-V LVTTL   ; QSF Assignment ;
; I/O Standard ; vga            ;              ; SRAM_OE_N        ; 3.3-V LVTTL   ; QSF Assignment ;
; I/O Standard ; vga            ;              ; SRAM_UB_N        ; 3.3-V LVTTL   ; QSF Assignment ;
; I/O Standard ; vga            ;              ; SRAM_WE_N        ; 3.3-V LVTTL   ; QSF Assignment ;
; I/O Standard ; vga            ;              ; SW[0]            ; 2.5 V         ; QSF Assignment ;
; I/O Standard ; vga            ;              ; SW[10]           ; 2.5 V         ; QSF Assignment ;
; I/O Standard ; vga            ;              ; SW[11]           ; 2.5 V         ; QSF Assignment ;
; I/O Standard ; vga            ;              ; SW[12]           ; 2.5 V         ; QSF Assignment ;
; I/O Standard ; vga            ;              ; SW[13]           ; 2.5 V         ; QSF Assignment ;
; I/O Standard ; vga            ;              ; SW[14]           ; 2.5 V         ; QSF Assignment ;
; I/O Standard ; vga            ;              ; SW[15]           ; 2.5 V         ; QSF Assignment ;
; I/O Standard ; vga            ;              ; SW[16]           ; 2.5 V         ; QSF Assignment ;
; I/O Standard ; vga            ;              ; SW[17]           ; 2.5 V         ; QSF Assignment ;
; I/O Standard ; vga            ;              ; SW[1]            ; 2.5 V         ; QSF Assignment ;
; I/O Standard ; vga            ;              ; SW[2]            ; 2.5 V         ; QSF Assignment ;
; I/O Standard ; vga            ;              ; SW[3]            ; 2.5 V         ; QSF Assignment ;
; I/O Standard ; vga            ;              ; SW[4]            ; 2.5 V         ; QSF Assignment ;
; I/O Standard ; vga            ;              ; SW[5]            ; 2.5 V         ; QSF Assignment ;
; I/O Standard ; vga            ;              ; SW[6]            ; 2.5 V         ; QSF Assignment ;
; I/O Standard ; vga            ;              ; SW[7]            ; 2.5 V         ; QSF Assignment ;
; I/O Standard ; vga            ;              ; SW[8]            ; 2.5 V         ; QSF Assignment ;
; I/O Standard ; vga            ;              ; SW[9]            ; 2.5 V         ; QSF Assignment ;
; I/O Standard ; vga            ;              ; TD_CLK27         ; 3.3-V LVTTL   ; QSF Assignment ;
; I/O Standard ; vga            ;              ; TD_DATA[0]       ; 3.3-V LVTTL   ; QSF Assignment ;
; I/O Standard ; vga            ;              ; TD_DATA[1]       ; 3.3-V LVTTL   ; QSF Assignment ;
; I/O Standard ; vga            ;              ; TD_DATA[2]       ; 3.3-V LVTTL   ; QSF Assignment ;
; I/O Standard ; vga            ;              ; TD_DATA[3]       ; 3.3-V LVTTL   ; QSF Assignment ;
; I/O Standard ; vga            ;              ; TD_DATA[4]       ; 3.3-V LVTTL   ; QSF Assignment ;
; I/O Standard ; vga            ;              ; TD_DATA[5]       ; 3.3-V LVTTL   ; QSF Assignment ;
; I/O Standard ; vga            ;              ; TD_DATA[6]       ; 3.3-V LVTTL   ; QSF Assignment ;
; I/O Standard ; vga            ;              ; TD_DATA[7]       ; 3.3-V LVTTL   ; QSF Assignment ;
; I/O Standard ; vga            ;              ; TD_HS            ; 3.3-V LVTTL   ; QSF Assignment ;
; I/O Standard ; vga            ;              ; TD_RESET_N       ; 3.3-V LVTTL   ; QSF Assignment ;
; I/O Standard ; vga            ;              ; TD_VS            ; 3.3-V LVTTL   ; QSF Assignment ;
; I/O Standard ; vga            ;              ; UART_CTS         ; 3.3-V LVTTL   ; QSF Assignment ;
; I/O Standard ; vga            ;              ; UART_RTS         ; 3.3-V LVTTL   ; QSF Assignment ;
; I/O Standard ; vga            ;              ; UART_RXD         ; 3.3-V LVTTL   ; QSF Assignment ;
; I/O Standard ; vga            ;              ; UART_TXD         ; 3.3-V LVTTL   ; QSF Assignment ;
; I/O Standard ; vga            ;              ; VGA_BLANK_N      ; 3.3-V LVTTL   ; QSF Assignment ;
; I/O Standard ; vga            ;              ; VGA_B[0]         ; 3.3-V LVTTL   ; QSF Assignment ;
; I/O Standard ; vga            ;              ; VGA_B[1]         ; 3.3-V LVTTL   ; QSF Assignment ;
; I/O Standard ; vga            ;              ; VGA_B[2]         ; 3.3-V LVTTL   ; QSF Assignment ;
; I/O Standard ; vga            ;              ; VGA_B[3]         ; 3.3-V LVTTL   ; QSF Assignment ;
; I/O Standard ; vga            ;              ; VGA_B[4]         ; 3.3-V LVTTL   ; QSF Assignment ;
; I/O Standard ; vga            ;              ; VGA_B[5]         ; 3.3-V LVTTL   ; QSF Assignment ;
; I/O Standard ; vga            ;              ; VGA_B[6]         ; 3.3-V LVTTL   ; QSF Assignment ;
; I/O Standard ; vga            ;              ; VGA_B[7]         ; 3.3-V LVTTL   ; QSF Assignment ;
; I/O Standard ; vga            ;              ; VGA_CLK          ; 3.3-V LVTTL   ; QSF Assignment ;
; I/O Standard ; vga            ;              ; VGA_G[0]         ; 3.3-V LVTTL   ; QSF Assignment ;
; I/O Standard ; vga            ;              ; VGA_G[1]         ; 3.3-V LVTTL   ; QSF Assignment ;
; I/O Standard ; vga            ;              ; VGA_G[2]         ; 3.3-V LVTTL   ; QSF Assignment ;
; I/O Standard ; vga            ;              ; VGA_G[3]         ; 3.3-V LVTTL   ; QSF Assignment ;
; I/O Standard ; vga            ;              ; VGA_G[4]         ; 3.3-V LVTTL   ; QSF Assignment ;
; I/O Standard ; vga            ;              ; VGA_G[5]         ; 3.3-V LVTTL   ; QSF Assignment ;
; I/O Standard ; vga            ;              ; VGA_G[6]         ; 3.3-V LVTTL   ; QSF Assignment ;
; I/O Standard ; vga            ;              ; VGA_G[7]         ; 3.3-V LVTTL   ; QSF Assignment ;
; I/O Standard ; vga            ;              ; VGA_HS           ; 3.3-V LVTTL   ; QSF Assignment ;
; I/O Standard ; vga            ;              ; VGA_R[0]         ; 3.3-V LVTTL   ; QSF Assignment ;
; I/O Standard ; vga            ;              ; VGA_R[1]         ; 3.3-V LVTTL   ; QSF Assignment ;
; I/O Standard ; vga            ;              ; VGA_R[2]         ; 3.3-V LVTTL   ; QSF Assignment ;
; I/O Standard ; vga            ;              ; VGA_R[3]         ; 3.3-V LVTTL   ; QSF Assignment ;
; I/O Standard ; vga            ;              ; VGA_R[4]         ; 3.3-V LVTTL   ; QSF Assignment ;
; I/O Standard ; vga            ;              ; VGA_R[5]         ; 3.3-V LVTTL   ; QSF Assignment ;
; I/O Standard ; vga            ;              ; VGA_R[6]         ; 3.3-V LVTTL   ; QSF Assignment ;
; I/O Standard ; vga            ;              ; VGA_R[7]         ; 3.3-V LVTTL   ; QSF Assignment ;
; I/O Standard ; vga            ;              ; VGA_SYNC_N       ; 3.3-V LVTTL   ; QSF Assignment ;
; I/O Standard ; vga            ;              ; VGA_VS           ; 3.3-V LVTTL   ; QSF Assignment ;
+--------------+----------------+--------------+------------------+---------------+----------------+


+----------------------------------------------------------------------------------------------------+
; Incremental Compilation Preservation Summary                                                       ;
+---------------------+----------------------+----------------------------+--------------------------+
; Type                ; Total [A + B]        ; From Design Partitions [A] ; From Rapid Recompile [B] ;
+---------------------+----------------------+----------------------------+--------------------------+
; Placement (by node) ;                      ;                            ;                          ;
;     -- Requested    ; 0.00 % ( 0 / 11722 ) ; 0.00 % ( 0 / 11722 )       ; 0.00 % ( 0 / 11722 )     ;
;     -- Achieved     ; 0.00 % ( 0 / 11722 ) ; 0.00 % ( 0 / 11722 )       ; 0.00 % ( 0 / 11722 )     ;
;                     ;                      ;                            ;                          ;
; Routing (by net)    ;                      ;                            ;                          ;
;     -- Requested    ; 0.00 % ( 0 / 0 )     ; 0.00 % ( 0 / 0 )           ; 0.00 % ( 0 / 0 )         ;
;     -- Achieved     ; 0.00 % ( 0 / 0 )     ; 0.00 % ( 0 / 0 )           ; 0.00 % ( 0 / 0 )         ;
+---------------------+----------------------+----------------------------+--------------------------+


+----------------------------------------------------------------------------------------------------------------------------------------------------------------------------------------+
; Incremental Compilation Partition Settings                                                                                                                                             ;
+--------------------------------+----------------+-------------------+-------------------------+------------------------+------------------------------+--------------------------------+
; Partition Name                 ; Partition Type ; Netlist Type Used ; Preservation Level Used ; Netlist Type Requested ; Preservation Level Requested ; Contents                       ;
+--------------------------------+----------------+-------------------+-------------------------+------------------------+------------------------------+--------------------------------+
; Top                            ; User-created   ; Source File       ; N/A                     ; Source File            ; N/A                          ;                                ;
; sld_hub:auto_hub               ; Auto-generated ; Post-Synthesis    ; N/A                     ; Post-Synthesis         ; N/A                          ; sld_hub:auto_hub               ;
; hard_block:auto_generated_inst ; Auto-generated ; Source File       ; N/A                     ; Source File            ; N/A                          ; hard_block:auto_generated_inst ;
+--------------------------------+----------------+-------------------+-------------------------+------------------------+------------------------------+--------------------------------+


+------------------------------------------------------------------------------------------------------------------------------------+
; Incremental Compilation Placement Preservation                                                                                     ;
+--------------------------------+-----------------------+-------------------------+-------------------+---------------------+-------+
; Partition Name                 ; Preservation Achieved ; Preservation Level Used ; Netlist Type Used ; Preservation Method ; Notes ;
+--------------------------------+-----------------------+-------------------------+-------------------+---------------------+-------+
; Top                            ; 0.00 % ( 0 / 11471 )  ; N/A                     ; Source File       ; N/A                 ;       ;
; sld_hub:auto_hub               ; 0.00 % ( 0 / 238 )    ; N/A                     ; Post-Synthesis    ; N/A                 ;       ;
; hard_block:auto_generated_inst ; 0.00 % ( 0 / 13 )     ; N/A                     ; Source File       ; N/A                 ;       ;
+--------------------------------+-----------------------+-------------------------+-------------------+---------------------+-------+


+--------------+
; Pin-Out File ;
+--------------+
The pin-out file can be found in C:/Users/mande/Desktop/project/Capston/vga/output_files/vga.pin.


+---------------------------------------------------------------------------+
; Fitter Resource Usage Summary                                             ;
+---------------------------------------------+-----------------------------+
; Resource                                    ; Usage                       ;
+---------------------------------------------+-----------------------------+
; Total logic elements                        ; 7,546 / 114,480 ( 7 % )     ;
;     -- Combinational with no register       ; 3349                        ;
;     -- Register only                        ; 485                         ;
;     -- Combinational with a register        ; 3712                        ;
;                                             ;                             ;
; Logic element usage by number of LUT inputs ;                             ;
;     -- 4 input functions                    ; 3758                        ;
;     -- 3 input functions                    ; 2008                        ;
;     -- <=2 input functions                  ; 1295                        ;
;     -- Register only                        ; 485                         ;
;                                             ;                             ;
; Logic elements by mode                      ;                             ;
;     -- normal mode                          ; 6405                        ;
;     -- arithmetic mode                      ; 656                         ;
;                                             ;                             ;
; Total registers*                            ; 4,197 / 117,053 ( 4 % )     ;
;     -- Dedicated logic registers            ; 4,197 / 114,480 ( 4 % )     ;
;     -- I/O registers                        ; 0 / 2,573 ( 0 % )           ;
;                                             ;                             ;
; Total LABs:  partially or completely used   ; 606 / 7,155 ( 8 % )         ;
; Virtual pins                                ; 0                           ;
; I/O pins                                    ; 88 / 529 ( 17 % )           ;
;     -- Clock pins                           ; 2 / 7 ( 29 % )              ;
;     -- Dedicated input pins                 ; 3 / 9 ( 33 % )              ;
;                                             ;                             ;
; M9Ks                                        ; 12 / 432 ( 3 % )            ;
; Total block memory bits                     ; 47,424 / 3,981,312 ( 1 % )  ;
; Total block memory implementation bits      ; 110,592 / 3,981,312 ( 3 % ) ;
; Embedded Multiplier 9-bit elements          ; 10 / 532 ( 2 % )            ;
; PLLs                                        ; 1 / 4 ( 25 % )              ;
; Global signals                              ; 10                          ;
;     -- Global clocks                        ; 10 / 20 ( 50 % )            ;
; JTAGs                                       ; 1 / 1 ( 100 % )             ;
; CRC blocks                                  ; 0 / 1 ( 0 % )               ;
; ASMI blocks                                 ; 0 / 1 ( 0 % )               ;
; Oscillator blocks                           ; 0 / 1 ( 0 % )               ;
; Impedance control blocks                    ; 0 / 4 ( 0 % )               ;
; Average interconnect usage (total/H/V)      ; 2.5% / 2.3% / 2.7%          ;
; Peak interconnect usage (total/H/V)         ; 24.1% / 22.6% / 27.8%       ;
; Maximum fan-out                             ; 3592                        ;
; Highest non-global fan-out                  ; 724                         ;
; Total fan-out                               ; 38101                       ;
; Average fan-out                             ; 3.21                        ;
+---------------------------------------------+-----------------------------+
*  Register count does not include registers inside RAM blocks or DSP blocks.



+-------------------------------------------------------------------------------------------------------------------------------+
; Fitter Partition Statistics                                                                                                   ;
+---------------------------------------------+-----------------------+------------------------+--------------------------------+
; Statistic                                   ; Top                   ; sld_hub:auto_hub       ; hard_block:auto_generated_inst ;
+---------------------------------------------+-----------------------+------------------------+--------------------------------+
; Difficulty Clustering Region                ; Low                   ; Low                    ; Low                            ;
;                                             ;                       ;                        ;                                ;
; Total logic elements                        ; 7375 / 114480 ( 6 % ) ; 171 / 114480 ( < 1 % ) ; 0 / 114480 ( 0 % )             ;
;     -- Combinational with no register       ; 3261                  ; 88                     ; 0                              ;
;     -- Register only                        ; 469                   ; 16                     ; 0                              ;
;     -- Combinational with a register        ; 3645                  ; 67                     ; 0                              ;
;                                             ;                       ;                        ;                                ;
; Logic element usage by number of LUT inputs ;                       ;                        ;                                ;
;     -- 4 input functions                    ; 3688                  ; 70                     ; 0                              ;
;     -- 3 input functions                    ; 1967                  ; 41                     ; 0                              ;
;     -- <=2 input functions                  ; 1251                  ; 44                     ; 0                              ;
;     -- Register only                        ; 469                   ; 16                     ; 0                              ;
;                                             ;                       ;                        ;                                ;
; Logic elements by mode                      ;                       ;                        ;                                ;
;     -- normal mode                          ; 6258                  ; 147                    ; 0                              ;
;     -- arithmetic mode                      ; 648                   ; 8                      ; 0                              ;
;                                             ;                       ;                        ;                                ;
; Total registers                             ; 4114                  ; 83                     ; 0                              ;
;     -- Dedicated logic registers            ; 4114 / 114480 ( 4 % ) ; 83 / 114480 ( < 1 % )  ; 0 / 114480 ( 0 % )             ;
;     -- I/O registers                        ; 0                     ; 0                      ; 0                              ;
;                                             ;                       ;                        ;                                ;
; Total LABs:  partially or completely used   ; 594 / 7155 ( 8 % )    ; 14 / 7155 ( < 1 % )    ; 0 / 7155 ( 0 % )               ;
;                                             ;                       ;                        ;                                ;
; Virtual pins                                ; 0                     ; 0                      ; 0                              ;
; I/O pins                                    ; 88                    ; 0                      ; 0                              ;
; Embedded Multiplier 9-bit elements          ; 10 / 532 ( 2 % )      ; 0 / 532 ( 0 % )        ; 0 / 532 ( 0 % )                ;
; Total memory bits                           ; 47424                 ; 0                      ; 0                              ;
; Total RAM block bits                        ; 110592                ; 0                      ; 0                              ;
; JTAG                                        ; 1 / 1 ( 100 % )       ; 0 / 1 ( 0 % )          ; 0 / 1 ( 0 % )                  ;
; PLL                                         ; 0 / 4 ( 0 % )         ; 0 / 4 ( 0 % )          ; 1 / 4 ( 25 % )                 ;
; M9K                                         ; 12 / 432 ( 2 % )      ; 0 / 432 ( 0 % )        ; 0 / 432 ( 0 % )                ;
; Clock control block                         ; 8 / 24 ( 33 % )       ; 0 / 24 ( 0 % )         ; 2 / 24 ( 8 % )                 ;
;                                             ;                       ;                        ;                                ;
; Connections                                 ;                       ;                        ;                                ;
;     -- Input Connections                    ; 4021                  ; 121                    ; 1                              ;
;     -- Registered Input Connections         ; 3831                  ; 93                     ; 0                              ;
;     -- Output Connections                   ; 239                   ; 183                    ; 3721                           ;
;     -- Registered Output Connections        ; 4                     ; 183                    ; 0                              ;
;                                             ;                       ;                        ;                                ;
; Internal Connections                        ;                       ;                        ;                                ;
;     -- Total Connections                    ; 37712                 ; 954                    ; 3730                           ;
;     -- Registered Connections               ; 19008                 ; 672                    ; 0                              ;
;                                             ;                       ;                        ;                                ;
; External Connections                        ;                       ;                        ;                                ;
;     -- Top                                  ; 236                   ; 302                    ; 3722                           ;
;     -- sld_hub:auto_hub                     ; 302                   ; 2                      ; 0                              ;
;     -- hard_block:auto_generated_inst       ; 3722                  ; 0                      ; 0                              ;
;                                             ;                       ;                        ;                                ;
; Partition Interface                         ;                       ;                        ;                                ;
;     -- Input Ports                          ; 51                    ; 62                     ; 1                              ;
;     -- Output Ports                         ; 63                    ; 79                     ; 3                              ;
;     -- Bidir Ports                          ; 17                    ; 0                      ; 0                              ;
;                                             ;                       ;                        ;                                ;
; Registered Ports                            ;                       ;                        ;                                ;
;     -- Registered Input Ports               ; 0                     ; 3                      ; 0                              ;
;     -- Registered Output Ports              ; 0                     ; 40                     ; 0                              ;
;                                             ;                       ;                        ;                                ;
; Port Connectivity                           ;                       ;                        ;                                ;
;     -- Input Ports driven by GND            ; 0                     ; 2                      ; 0                              ;
;     -- Output Ports driven by GND           ; 0                     ; 29                     ; 0                              ;
;     -- Input Ports driven by VCC            ; 0                     ; 0                      ; 0                              ;
;     -- Output Ports driven by VCC           ; 0                     ; 0                      ; 0                              ;
;     -- Input Ports with no Source           ; 0                     ; 47                     ; 0                              ;
;     -- Output Ports with no Source          ; 0                     ; 0                      ; 0                              ;
;     -- Input Ports with no Fanout           ; 0                     ; 52                     ; 0                              ;
;     -- Output Ports with no Fanout          ; 0                     ; 58                     ; 0                              ;
+---------------------------------------------+-----------------------+------------------------+--------------------------------+


+------------------------------------------------------------------------------------------------------------------------------------------------------------------------------------------------------------------------------------------------------------------------------------------------------------+
; Input Pins                                                                                                                                                                                                                                                                                                 ;
+---------------------------+-------+----------+--------------+--------------+--------------+-----------------------+--------------------+--------+----------------+---------------+-----------------+----------+--------------+--------------+---------------------------+----------------------+-----------+
; Name                      ; Pin # ; I/O Bank ; X coordinate ; Y coordinate ; Z coordinate ; Combinational Fan-Out ; Registered Fan-Out ; Global ; Input Register ; Power Up High ; PCI I/O Enabled ; Bus Hold ; Weak Pull Up ; I/O Standard ; Termination Control Block ; Location assigned by ; Slew Rate ;
+---------------------------+-------+----------+--------------+--------------+--------------+-----------------------+--------------------+--------+----------------+---------------+-----------------+----------+--------------+--------------+---------------------------+----------------------+-----------+
; clk_clk                   ; Y2    ; 2        ; 0            ; 36           ; 14           ; 189                   ; 0                  ; yes    ; no             ; no            ; yes             ; no       ; Off          ; 2.5 V        ; --                        ; User                 ; no        ;
; reset_reset_n             ; M23   ; 6        ; 115          ; 40           ; 7            ; 1                     ; 0                  ; no     ; no             ; no            ; yes             ; no       ; Off          ; 2.5 V        ; --                        ; User                 ; no        ;
; video_decoder_TD_CLK27    ; B14   ; 8        ; 56           ; 73           ; 21           ; 147                   ; 0                  ; yes    ; no             ; no            ; yes             ; no       ; Off          ; 2.5 V        ; --                        ; User                 ; no        ;
; video_decoder_TD_DATA[0]  ; E8    ; 8        ; 11           ; 73           ; 0            ; 1                     ; 0                  ; no     ; no             ; no            ; yes             ; no       ; Off          ; 2.5 V        ; --                        ; User                 ; no        ;
; video_decoder_TD_DATA[1]  ; A7    ; 8        ; 29           ; 73           ; 0            ; 1                     ; 0                  ; no     ; no             ; no            ; yes             ; no       ; Off          ; 2.5 V        ; --                        ; User                 ; no        ;
; video_decoder_TD_DATA[2]  ; D8    ; 8        ; 16           ; 73           ; 14           ; 1                     ; 0                  ; no     ; no             ; no            ; yes             ; no       ; Off          ; 2.5 V        ; --                        ; User                 ; no        ;
; video_decoder_TD_DATA[3]  ; C7    ; 8        ; 16           ; 73           ; 21           ; 1                     ; 0                  ; no     ; no             ; no            ; yes             ; no       ; Off          ; 2.5 V        ; --                        ; User                 ; no        ;
; video_decoder_TD_DATA[4]  ; D7    ; 8        ; 13           ; 73           ; 0            ; 1                     ; 0                  ; no     ; no             ; no            ; yes             ; no       ; Off          ; 2.5 V        ; --                        ; User                 ; no        ;
; video_decoder_TD_DATA[5]  ; D6    ; 8        ; 13           ; 73           ; 14           ; 1                     ; 0                  ; no     ; no             ; no            ; yes             ; no       ; Off          ; 2.5 V        ; --                        ; User                 ; no        ;
; video_decoder_TD_DATA[6]  ; E7    ; 8        ; 13           ; 73           ; 7            ; 1                     ; 0                  ; no     ; no             ; no            ; yes             ; no       ; Off          ; 2.5 V        ; --                        ; User                 ; no        ;
; video_decoder_TD_DATA[7]  ; F7    ; 8        ; 9            ; 73           ; 7            ; 1                     ; 0                  ; no     ; no             ; no            ; yes             ; no       ; Off          ; 2.5 V        ; --                        ; User                 ; no        ;
; video_decoder_TD_HS       ; E5    ; 8        ; 1            ; 73           ; 14           ; 0                     ; 0                  ; no     ; no             ; no            ; yes             ; no       ; Off          ; 2.5 V        ; --                        ; User                 ; no        ;
; video_decoder_TD_VS       ; E4    ; 8        ; 1            ; 73           ; 7            ; 0                     ; 0                  ; no     ; no             ; no            ; yes             ; no       ; Off          ; 2.5 V        ; --                        ; User                 ; no        ;
; video_decoder_clk27_reset ; AB28  ; 5        ; 115          ; 17           ; 0            ; 45                    ; 0                  ; no     ; no             ; no            ; yes             ; no       ; Off          ; 2.5 V        ; --                        ; User                 ; no        ;
+---------------------------+-------+----------+--------------+--------------+--------------+-----------------------+--------------------+--------+----------------+---------------+-----------------+----------+--------------+--------------+---------------------------+----------------------+-----------+


+------------------------------------------------------------------------------------------------------------------------------------------------------------------------------------------------------------------------------------------------------------------------------------------------------------------------------------------------------------------------------------------------------------------------------------------------------------------------------+
; Output Pins                                                                                                                                                                                                                                                                                                                                                                                                                                                                  ;
+-----------------------------+-------+----------+--------------+--------------+--------------+-----------------+------------------------+---------------+-----------+-----------------+------------+---------------+----------+--------------+--------------+------------------+-----------------------------------+---------------------------+----------------------------+-----------------------------+----------------------+----------------------+---------------------+
; Name                        ; Pin # ; I/O Bank ; X coordinate ; Y coordinate ; Z coordinate ; Output Register ; Output Enable Register ; Power Up High ; Slew Rate ; PCI I/O Enabled ; Open Drain ; TRI Primitive ; Bus Hold ; Weak Pull Up ; I/O Standard ; Current Strength ; Termination                       ; Termination Control Block ; Output Buffer Pre-emphasis ; Voltage Output Differential ; Location assigned by ; Output Enable Source ; Output Enable Group ;
+-----------------------------+-------+----------+--------------+--------------+--------------+-----------------+------------------------+---------------+-----------+-----------------+------------+---------------+----------+--------------+--------------+------------------+-----------------------------------+---------------------------+----------------------------+-----------------------------+----------------------+----------------------+---------------------+
; av_config_SCLK              ; B7    ; 8        ; 29           ; 73           ; 7            ; no              ; no                     ; no            ; 2         ; no              ; no         ; no            ; no       ; Off          ; 2.5 V        ; Default          ; Series 50 Ohm without Calibration ; --                        ; no                         ; no                          ; User                 ; -                    ; -                   ;
; sram_ADDR[0]                ; AB7   ; 3        ; 16           ; 0            ; 0            ; no              ; no                     ; no            ; 2         ; no              ; no         ; no            ; no       ; Off          ; 2.5 V        ; Default          ; Series 50 Ohm without Calibration ; --                        ; no                         ; no                          ; User                 ; -                    ; -                   ;
; sram_ADDR[10]               ; AF2   ; 2        ; 0            ; 6            ; 0            ; no              ; no                     ; no            ; 2         ; no              ; no         ; no            ; no       ; Off          ; 2.5 V        ; Default          ; Series 50 Ohm without Calibration ; --                        ; no                         ; no                          ; User                 ; -                    ; -                   ;
; sram_ADDR[11]               ; AD3   ; 2        ; 0            ; 22           ; 14           ; no              ; no                     ; no            ; 2         ; no              ; no         ; no            ; no       ; Off          ; 2.5 V        ; Default          ; Series 50 Ohm without Calibration ; --                        ; no                         ; no                          ; User                 ; -                    ; -                   ;
; sram_ADDR[12]               ; AB4   ; 2        ; 0            ; 8            ; 21           ; no              ; no                     ; no            ; 2         ; no              ; no         ; no            ; no       ; Off          ; 2.5 V        ; Default          ; Series 50 Ohm without Calibration ; --                        ; no                         ; no                          ; User                 ; -                    ; -                   ;
; sram_ADDR[13]               ; AC3   ; 2        ; 0            ; 23           ; 21           ; no              ; no                     ; no            ; 2         ; no              ; no         ; no            ; no       ; Off          ; 2.5 V        ; Default          ; Series 50 Ohm without Calibration ; --                        ; no                         ; no                          ; User                 ; -                    ; -                   ;
; sram_ADDR[14]               ; AA4   ; 2        ; 0            ; 19           ; 0            ; no              ; no                     ; no            ; 2         ; no              ; no         ; no            ; no       ; Off          ; 2.5 V        ; Default          ; Series 50 Ohm without Calibration ; --                        ; no                         ; no                          ; User                 ; -                    ; -                   ;
; sram_ADDR[15]               ; AB11  ; 3        ; 27           ; 0            ; 7            ; no              ; no                     ; no            ; 2         ; no              ; no         ; no            ; no       ; Off          ; 2.5 V        ; Default          ; Series 50 Ohm without Calibration ; --                        ; no                         ; no                          ; User                 ; -                    ; -                   ;
; sram_ADDR[16]               ; AC11  ; 3        ; 49           ; 0            ; 7            ; no              ; no                     ; no            ; 2         ; no              ; no         ; no            ; no       ; Off          ; 2.5 V        ; Default          ; Series 50 Ohm without Calibration ; --                        ; no                         ; no                          ; User                 ; -                    ; -                   ;
; sram_ADDR[17]               ; AB9   ; 3        ; 11           ; 0            ; 7            ; no              ; no                     ; no            ; 2         ; no              ; no         ; no            ; no       ; Off          ; 2.5 V        ; Default          ; Series 50 Ohm without Calibration ; --                        ; no                         ; no                          ; User                 ; -                    ; -                   ;
; sram_ADDR[18]               ; AB8   ; 3        ; 11           ; 0            ; 0            ; no              ; no                     ; no            ; 2         ; no              ; no         ; no            ; no       ; Off          ; 2.5 V        ; Default          ; Series 50 Ohm without Calibration ; --                        ; no                         ; no                          ; User                 ; -                    ; -                   ;
; sram_ADDR[19]               ; T8    ; 2        ; 0            ; 20           ; 14           ; no              ; no                     ; no            ; 2         ; no              ; no         ; no            ; no       ; Off          ; 2.5 V        ; Default          ; Series 50 Ohm without Calibration ; --                        ; no                         ; no                          ; User                 ; -                    ; -                   ;
; sram_ADDR[1]                ; AD7   ; 3        ; 3            ; 0            ; 0            ; no              ; no                     ; no            ; 2         ; no              ; no         ; no            ; no       ; Off          ; 2.5 V        ; Default          ; Series 50 Ohm without Calibration ; --                        ; no                         ; no                          ; User                 ; -                    ; -                   ;
; sram_ADDR[2]                ; AE7   ; 3        ; 20           ; 0            ; 14           ; no              ; no                     ; no            ; 2         ; no              ; no         ; no            ; no       ; Off          ; 2.5 V        ; Default          ; Series 50 Ohm without Calibration ; --                        ; no                         ; no                          ; User                 ; -                    ; -                   ;
; sram_ADDR[3]                ; AC7   ; 3        ; 9            ; 0            ; 0            ; no              ; no                     ; no            ; 2         ; no              ; no         ; no            ; no       ; Off          ; 2.5 V        ; Default          ; Series 50 Ohm without Calibration ; --                        ; no                         ; no                          ; User                 ; -                    ; -                   ;
; sram_ADDR[4]                ; AB6   ; 2        ; 0            ; 4            ; 7            ; no              ; no                     ; no            ; 2         ; no              ; no         ; no            ; no       ; Off          ; 2.5 V        ; Default          ; Series 50 Ohm without Calibration ; --                        ; no                         ; no                          ; User                 ; -                    ; -                   ;
; sram_ADDR[5]                ; AE6   ; 3        ; 1            ; 0            ; 14           ; no              ; no                     ; no            ; 2         ; no              ; no         ; no            ; no       ; Off          ; 2.5 V        ; Default          ; Series 50 Ohm without Calibration ; --                        ; no                         ; no                          ; User                 ; -                    ; -                   ;
; sram_ADDR[6]                ; AB5   ; 2        ; 0            ; 4            ; 21           ; no              ; no                     ; no            ; 2         ; no              ; no         ; no            ; no       ; Off          ; 2.5 V        ; Default          ; Series 50 Ohm without Calibration ; --                        ; no                         ; no                          ; User                 ; -                    ; -                   ;
; sram_ADDR[7]                ; AC5   ; 2        ; 0            ; 5            ; 14           ; no              ; no                     ; no            ; 2         ; no              ; no         ; no            ; no       ; Off          ; 2.5 V        ; Default          ; Series 50 Ohm without Calibration ; --                        ; no                         ; no                          ; User                 ; -                    ; -                   ;
; sram_ADDR[8]                ; AF5   ; 3        ; 5            ; 0            ; 14           ; no              ; no                     ; no            ; 2         ; no              ; no         ; no            ; no       ; Off          ; 2.5 V        ; Default          ; Series 50 Ohm without Calibration ; --                        ; no                         ; no                          ; User                 ; -                    ; -                   ;
; sram_ADDR[9]                ; T7    ; 2        ; 0            ; 31           ; 14           ; no              ; no                     ; no            ; 2         ; no              ; no         ; no            ; no       ; Off          ; 2.5 V        ; Default          ; Series 50 Ohm without Calibration ; --                        ; no                         ; no                          ; User                 ; -                    ; -                   ;
; sram_CE_N                   ; AF8   ; 3        ; 23           ; 0            ; 14           ; no              ; no                     ; no            ; 2         ; no              ; no         ; no            ; no       ; Off          ; 2.5 V        ; Default          ; Series 50 Ohm without Calibration ; --                        ; no                         ; no                          ; User                 ; -                    ; -                   ;
; sram_LB_N                   ; AD4   ; 3        ; 1            ; 0            ; 7            ; no              ; no                     ; no            ; 2         ; no              ; no         ; no            ; no       ; Off          ; 2.5 V        ; Default          ; Series 50 Ohm without Calibration ; --                        ; no                         ; no                          ; User                 ; -                    ; -                   ;
; sram_OE_N                   ; AD5   ; 3        ; 1            ; 0            ; 21           ; no              ; no                     ; no            ; 2         ; no              ; no         ; no            ; no       ; Off          ; 2.5 V        ; Default          ; Series 50 Ohm without Calibration ; --                        ; no                         ; no                          ; User                 ; -                    ; -                   ;
; sram_UB_N                   ; AC4   ; 2        ; 0            ; 4            ; 0            ; no              ; no                     ; no            ; 2         ; no              ; no         ; no            ; no       ; Off          ; 2.5 V        ; Default          ; Series 50 Ohm without Calibration ; --                        ; no                         ; no                          ; User                 ; -                    ; -                   ;
; sram_WE_N                   ; AE8   ; 3        ; 23           ; 0            ; 21           ; no              ; no                     ; no            ; 2         ; no              ; no         ; no            ; no       ; Off          ; 2.5 V        ; Default          ; Series 50 Ohm without Calibration ; --                        ; no                         ; no                          ; User                 ; -                    ; -                   ;
; vga_controller_BLANK        ; F11   ; 8        ; 31           ; 73           ; 7            ; no              ; no                     ; no            ; 2         ; no              ; no         ; no            ; no       ; Off          ; 2.5 V        ; Default          ; Series 50 Ohm without Calibration ; --                        ; no                         ; no                          ; User                 ; -                    ; -                   ;
; vga_controller_B[0]         ; B10   ; 8        ; 38           ; 73           ; 7            ; no              ; no                     ; no            ; 2         ; no              ; no         ; no            ; no       ; Off          ; 2.5 V        ; Default          ; Series 50 Ohm without Calibration ; --                        ; no                         ; no                          ; User                 ; -                    ; -                   ;
; vga_controller_B[1]         ; A10   ; 8        ; 38           ; 73           ; 0            ; no              ; no                     ; no            ; 2         ; no              ; no         ; no            ; no       ; Off          ; 2.5 V        ; Default          ; Series 50 Ohm without Calibration ; --                        ; no                         ; no                          ; User                 ; -                    ; -                   ;
; vga_controller_B[2]         ; C11   ; 8        ; 23           ; 73           ; 0            ; no              ; no                     ; no            ; 2         ; no              ; no         ; no            ; no       ; Off          ; 2.5 V        ; Default          ; Series 50 Ohm without Calibration ; --                        ; no                         ; no                          ; User                 ; -                    ; -                   ;
; vga_controller_B[3]         ; B11   ; 8        ; 42           ; 73           ; 7            ; no              ; no                     ; no            ; 2         ; no              ; no         ; no            ; no       ; Off          ; 2.5 V        ; Default          ; Series 50 Ohm without Calibration ; --                        ; no                         ; no                          ; User                 ; -                    ; -                   ;
; vga_controller_B[4]         ; A11   ; 8        ; 42           ; 73           ; 0            ; no              ; no                     ; no            ; 2         ; no              ; no         ; no            ; no       ; Off          ; 2.5 V        ; Default          ; Series 50 Ohm without Calibration ; --                        ; no                         ; no                          ; User                 ; -                    ; -                   ;
; vga_controller_B[5]         ; C12   ; 8        ; 52           ; 73           ; 14           ; no              ; no                     ; no            ; 2         ; no              ; no         ; no            ; no       ; Off          ; 2.5 V        ; Default          ; Series 50 Ohm without Calibration ; --                        ; no                         ; no                          ; User                 ; -                    ; -                   ;
; vga_controller_B[6]         ; D11   ; 8        ; 23           ; 73           ; 7            ; no              ; no                     ; no            ; 2         ; no              ; no         ; no            ; no       ; Off          ; 2.5 V        ; Default          ; Series 50 Ohm without Calibration ; --                        ; no                         ; no                          ; User                 ; -                    ; -                   ;
; vga_controller_B[7]         ; D12   ; 8        ; 52           ; 73           ; 21           ; no              ; no                     ; no            ; 2         ; no              ; no         ; no            ; no       ; Off          ; 2.5 V        ; Default          ; Series 50 Ohm without Calibration ; --                        ; no                         ; no                          ; User                 ; -                    ; -                   ;
; vga_controller_CLK          ; A12   ; 8        ; 47           ; 73           ; 0            ; no              ; no                     ; no            ; 2         ; no              ; no         ; no            ; no       ; Off          ; 2.5 V        ; Default          ; Series 50 Ohm without Calibration ; --                        ; no                         ; no                          ; User                 ; -                    ; -                   ;
; vga_controller_G[0]         ; G8    ; 8        ; 11           ; 73           ; 14           ; no              ; no                     ; no            ; 2         ; no              ; no         ; no            ; no       ; Off          ; 2.5 V        ; Default          ; Series 50 Ohm without Calibration ; --                        ; no                         ; no                          ; User                 ; -                    ; -                   ;
; vga_controller_G[1]         ; G11   ; 8        ; 25           ; 73           ; 14           ; no              ; no                     ; no            ; 2         ; no              ; no         ; no            ; no       ; Off          ; 2.5 V        ; Default          ; Series 50 Ohm without Calibration ; --                        ; no                         ; no                          ; User                 ; -                    ; -                   ;
; vga_controller_G[2]         ; F8    ; 8        ; 11           ; 73           ; 7            ; no              ; no                     ; no            ; 2         ; no              ; no         ; no            ; no       ; Off          ; 2.5 V        ; Default          ; Series 50 Ohm without Calibration ; --                        ; no                         ; no                          ; User                 ; -                    ; -                   ;
; vga_controller_G[3]         ; H12   ; 8        ; 25           ; 73           ; 21           ; no              ; no                     ; no            ; 2         ; no              ; no         ; no            ; no       ; Off          ; 2.5 V        ; Default          ; Series 50 Ohm without Calibration ; --                        ; no                         ; no                          ; User                 ; -                    ; -                   ;
; vga_controller_G[4]         ; C8    ; 8        ; 16           ; 73           ; 7            ; no              ; no                     ; no            ; 2         ; no              ; no         ; no            ; no       ; Off          ; 2.5 V        ; Default          ; Series 50 Ohm without Calibration ; --                        ; no                         ; no                          ; User                 ; -                    ; -                   ;
; vga_controller_G[5]         ; B8    ; 8        ; 16           ; 73           ; 0            ; no              ; no                     ; no            ; 2         ; no              ; no         ; no            ; no       ; Off          ; 2.5 V        ; Default          ; Series 50 Ohm without Calibration ; --                        ; no                         ; no                          ; User                 ; -                    ; -                   ;
; vga_controller_G[6]         ; F10   ; 8        ; 20           ; 73           ; 0            ; no              ; no                     ; no            ; 2         ; no              ; no         ; no            ; no       ; Off          ; 2.5 V        ; Default          ; Series 50 Ohm without Calibration ; --                        ; no                         ; no                          ; User                 ; -                    ; -                   ;
; vga_controller_G[7]         ; C9    ; 8        ; 23           ; 73           ; 14           ; no              ; no                     ; no            ; 2         ; no              ; no         ; no            ; no       ; Off          ; 2.5 V        ; Default          ; Series 50 Ohm without Calibration ; --                        ; no                         ; no                          ; User                 ; -                    ; -                   ;
; vga_controller_HS           ; G13   ; 8        ; 38           ; 73           ; 14           ; no              ; no                     ; no            ; 2         ; no              ; no         ; no            ; no       ; Off          ; 2.5 V        ; Default          ; Series 50 Ohm without Calibration ; --                        ; no                         ; no                          ; User                 ; -                    ; -                   ;
; vga_controller_R[0]         ; E12   ; 8        ; 33           ; 73           ; 0            ; no              ; no                     ; no            ; 2         ; no              ; no         ; no            ; no       ; Off          ; 2.5 V        ; Default          ; Series 50 Ohm without Calibration ; --                        ; no                         ; no                          ; User                 ; -                    ; -                   ;
; vga_controller_R[1]         ; E11   ; 8        ; 31           ; 73           ; 0            ; no              ; no                     ; no            ; 2         ; no              ; no         ; no            ; no       ; Off          ; 2.5 V        ; Default          ; Series 50 Ohm without Calibration ; --                        ; no                         ; no                          ; User                 ; -                    ; -                   ;
; vga_controller_R[2]         ; D10   ; 8        ; 35           ; 73           ; 21           ; no              ; no                     ; no            ; 2         ; no              ; no         ; no            ; no       ; Off          ; 2.5 V        ; Default          ; Series 50 Ohm without Calibration ; --                        ; no                         ; no                          ; User                 ; -                    ; -                   ;
; vga_controller_R[3]         ; F12   ; 8        ; 33           ; 73           ; 7            ; no              ; no                     ; no            ; 2         ; no              ; no         ; no            ; no       ; Off          ; 2.5 V        ; Default          ; Series 50 Ohm without Calibration ; --                        ; no                         ; no                          ; User                 ; -                    ; -                   ;
; vga_controller_R[4]         ; G10   ; 8        ; 20           ; 73           ; 7            ; no              ; no                     ; no            ; 2         ; no              ; no         ; no            ; no       ; Off          ; 2.5 V        ; Default          ; Series 50 Ohm without Calibration ; --                        ; no                         ; no                          ; User                 ; -                    ; -                   ;
; vga_controller_R[5]         ; J12   ; 8        ; 40           ; 73           ; 7            ; no              ; no                     ; no            ; 2         ; no              ; no         ; no            ; no       ; Off          ; 2.5 V        ; Default          ; Series 50 Ohm without Calibration ; --                        ; no                         ; no                          ; User                 ; -                    ; -                   ;
; vga_controller_R[6]         ; H8    ; 8        ; 11           ; 73           ; 21           ; no              ; no                     ; no            ; 2         ; no              ; no         ; no            ; no       ; Off          ; 2.5 V        ; Default          ; Series 50 Ohm without Calibration ; --                        ; no                         ; no                          ; User                 ; -                    ; -                   ;
; vga_controller_R[7]         ; H10   ; 8        ; 20           ; 73           ; 14           ; no              ; no                     ; no            ; 2         ; no              ; no         ; no            ; no       ; Off          ; 2.5 V        ; Default          ; Series 50 Ohm without Calibration ; --                        ; no                         ; no                          ; User                 ; -                    ; -                   ;
; vga_controller_SYNC         ; C10   ; 8        ; 35           ; 73           ; 14           ; no              ; no                     ; no            ; 2         ; no              ; no         ; no            ; no       ; Off          ; 2.5 V        ; Default          ; Series 50 Ohm without Calibration ; --                        ; no                         ; no                          ; User                 ; -                    ; -                   ;
; vga_controller_VS           ; C13   ; 8        ; 54           ; 73           ; 0            ; no              ; no                     ; no            ; 2         ; no              ; no         ; no            ; no       ; Off          ; 2.5 V        ; Default          ; Series 50 Ohm without Calibration ; --                        ; no                         ; no                          ; User                 ; -                    ; -                   ;
; video_decoder_TD_RESET      ; AA13  ; 3        ; 52           ; 0            ; 0            ; no              ; no                     ; no            ; 2         ; no              ; no         ; no            ; no       ; Off          ; 2.5 V        ; Default          ; Series 50 Ohm without Calibration ; --                        ; no                         ; no                          ; Fitter               ; -                    ; -                   ;
; video_decoder_overflow_flag ; G19   ; 7        ; 69           ; 73           ; 14           ; no              ; no                     ; no            ; 2         ; no              ; no         ; no            ; no       ; Off          ; 2.5 V        ; Default          ; Series 50 Ohm without Calibration ; --                        ; no                         ; no                          ; User                 ; -                    ; -                   ;
+-----------------------------+-------+----------+--------------+--------------+--------------+-----------------+------------------------+---------------+-----------+-----------------+------------+---------------+----------+--------------+--------------+------------------+-----------------------------------+---------------------------+----------------------------+-----------------------------+----------------------+----------------------+---------------------+


+---------------------------------------------------------------------------------------------------------------------------------------------------------------------------------------------------------------------------------------------------------------------------------------------------------------------------------------------------------------------------------------------------------------------------------------------------------------------------------------------------------------------------------------------------------------------------------------+
; Bidir Pins                                                                                                                                                                                                                                                                                                                                                                                                                                                                                                                                                                            ;
+----------------+-------+----------+--------------+--------------+--------------+-----------------------+--------------------+--------+----------------+-----------------+------------------------+---------------+-----------+-----------------+------------+----------+--------------+--------------+------------------+-----------------------------------+---------------------------+----------------------------+----------------------+----------------------+------------------------------------------------------------------------------------------------------------------+
; Name           ; Pin # ; I/O Bank ; X coordinate ; Y coordinate ; Z coordinate ; Combinational Fan-Out ; Registered Fan-Out ; Global ; Input Register ; Output Register ; Output Enable Register ; Power Up High ; Slew Rate ; PCI I/O Enabled ; Open Drain ; Bus Hold ; Weak Pull Up ; I/O Standard ; Current Strength ; Output Termination                ; Termination Control Block ; Output Buffer Pre-emphasis ; Location assigned by ; Output Enable Source ; Output Enable Group                                                                                              ;
+----------------+-------+----------+--------------+--------------+--------------+-----------------------+--------------------+--------+----------------+-----------------+------------------------+---------------+-----------+-----------------+------------+----------+--------------+--------------+------------------+-----------------------------------+---------------------------+----------------------------+----------------------+----------------------+------------------------------------------------------------------------------------------------------------------+
; av_config_SDAT ; A8    ; 8        ; 18           ; 73           ; 21           ; 1                     ; 0                  ; no     ; no             ; no              ; no                     ; no            ; 2         ; yes             ; no         ; no       ; Off          ; 2.5 V        ; Default          ; Series 50 Ohm without Calibration ; --                        ; no                         ; User                 ; 0 pF                 ; vga_av_config:av_config|altera_up_av_config_serial_bus_controller:Serial_Bus_Controller|serial_data~2 (inverted) ;
; sram_DQ[0]     ; AH3   ; 3        ; 5            ; 0            ; 7            ; 1                     ; 0                  ; no     ; no             ; no              ; no                     ; no            ; 2         ; yes             ; no         ; no       ; Off          ; 2.5 V        ; Default          ; Series 50 Ohm without Calibration ; --                        ; no                         ; User                 ; 0 pF                 ; vga_sram:sram|is_write (inverted)                                                                                ;
; sram_DQ[10]    ; AE2   ; 2        ; 0            ; 17           ; 14           ; 1                     ; 0                  ; no     ; no             ; no              ; no                     ; no            ; 2         ; yes             ; no         ; no       ; Off          ; 2.5 V        ; Default          ; Series 50 Ohm without Calibration ; --                        ; no                         ; User                 ; 0 pF                 ; vga_sram:sram|is_write (inverted)                                                                                ;
; sram_DQ[11]    ; AE1   ; 2        ; 0            ; 16           ; 14           ; 1                     ; 0                  ; no     ; no             ; no              ; no                     ; no            ; 2         ; yes             ; no         ; no       ; Off          ; 2.5 V        ; Default          ; Series 50 Ohm without Calibration ; --                        ; no                         ; User                 ; 0 pF                 ; vga_sram:sram|is_write (inverted)                                                                                ;
; sram_DQ[12]    ; AE3   ; 2        ; 0            ; 7            ; 7            ; 1                     ; 0                  ; no     ; no             ; no              ; no                     ; no            ; 2         ; yes             ; no         ; no       ; Off          ; 2.5 V        ; Default          ; Series 50 Ohm without Calibration ; --                        ; no                         ; User                 ; 0 pF                 ; vga_sram:sram|is_write (inverted)                                                                                ;
; sram_DQ[13]    ; AE4   ; 3        ; 3            ; 0            ; 21           ; 1                     ; 0                  ; no     ; no             ; no              ; no                     ; no            ; 2         ; yes             ; no         ; no       ; Off          ; 2.5 V        ; Default          ; Series 50 Ohm without Calibration ; --                        ; no                         ; User                 ; 0 pF                 ; vga_sram:sram|is_write (inverted)                                                                                ;
; sram_DQ[14]    ; AF3   ; 3        ; 7            ; 0            ; 21           ; 1                     ; 0                  ; no     ; no             ; no              ; no                     ; no            ; 2         ; yes             ; no         ; no       ; Off          ; 2.5 V        ; Default          ; Series 50 Ohm without Calibration ; --                        ; no                         ; User                 ; 0 pF                 ; vga_sram:sram|is_write (inverted)                                                                                ;
; sram_DQ[15]    ; AG3   ; 3        ; 3            ; 0            ; 14           ; 1                     ; 0                  ; no     ; no             ; no              ; no                     ; no            ; 2         ; yes             ; no         ; no       ; Off          ; 2.5 V        ; Default          ; Series 50 Ohm without Calibration ; --                        ; no                         ; User                 ; 0 pF                 ; vga_sram:sram|is_write (inverted)                                                                                ;
; sram_DQ[1]     ; AF4   ; 3        ; 1            ; 0            ; 0            ; 1                     ; 0                  ; no     ; no             ; no              ; no                     ; no            ; 2         ; yes             ; no         ; no       ; Off          ; 2.5 V        ; Default          ; Series 50 Ohm without Calibration ; --                        ; no                         ; User                 ; 0 pF                 ; vga_sram:sram|is_write (inverted)                                                                                ;
; sram_DQ[2]     ; AG4   ; 3        ; 9            ; 0            ; 21           ; 1                     ; 0                  ; no     ; no             ; no              ; no                     ; no            ; 2         ; yes             ; no         ; no       ; Off          ; 2.5 V        ; Default          ; Series 50 Ohm without Calibration ; --                        ; no                         ; User                 ; 0 pF                 ; vga_sram:sram|is_write (inverted)                                                                                ;
; sram_DQ[3]     ; AH4   ; 3        ; 9            ; 0            ; 14           ; 1                     ; 0                  ; no     ; no             ; no              ; no                     ; no            ; 2         ; yes             ; no         ; no       ; Off          ; 2.5 V        ; Default          ; Series 50 Ohm without Calibration ; --                        ; no                         ; User                 ; 0 pF                 ; vga_sram:sram|is_write (inverted)                                                                                ;
; sram_DQ[4]     ; AF6   ; 3        ; 7            ; 0            ; 14           ; 1                     ; 0                  ; no     ; no             ; no              ; no                     ; no            ; 2         ; yes             ; no         ; no       ; Off          ; 2.5 V        ; Default          ; Series 50 Ohm without Calibration ; --                        ; no                         ; User                 ; 0 pF                 ; vga_sram:sram|is_write (inverted)                                                                                ;
; sram_DQ[5]     ; AG6   ; 3        ; 11           ; 0            ; 21           ; 1                     ; 0                  ; no     ; no             ; no              ; no                     ; no            ; 2         ; yes             ; no         ; no       ; Off          ; 2.5 V        ; Default          ; Series 50 Ohm without Calibration ; --                        ; no                         ; User                 ; 0 pF                 ; vga_sram:sram|is_write (inverted)                                                                                ;
; sram_DQ[6]     ; AH6   ; 3        ; 11           ; 0            ; 14           ; 1                     ; 0                  ; no     ; no             ; no              ; no                     ; no            ; 2         ; yes             ; no         ; no       ; Off          ; 2.5 V        ; Default          ; Series 50 Ohm without Calibration ; --                        ; no                         ; User                 ; 0 pF                 ; vga_sram:sram|is_write (inverted)                                                                                ;
; sram_DQ[7]     ; AF7   ; 3        ; 20           ; 0            ; 7            ; 1                     ; 0                  ; no     ; no             ; no              ; no                     ; no            ; 2         ; yes             ; no         ; no       ; Off          ; 2.5 V        ; Default          ; Series 50 Ohm without Calibration ; --                        ; no                         ; User                 ; 0 pF                 ; vga_sram:sram|is_write (inverted)                                                                                ;
; sram_DQ[8]     ; AD1   ; 2        ; 0            ; 21           ; 14           ; 1                     ; 0                  ; no     ; no             ; no              ; no                     ; no            ; 2         ; yes             ; no         ; no       ; Off          ; 2.5 V        ; Default          ; Series 50 Ohm without Calibration ; --                        ; no                         ; User                 ; 0 pF                 ; vga_sram:sram|is_write (inverted)                                                                                ;
; sram_DQ[9]     ; AD2   ; 2        ; 0            ; 22           ; 21           ; 1                     ; 0                  ; no     ; no             ; no              ; no                     ; no            ; 2         ; yes             ; no         ; no       ; Off          ; 2.5 V        ; Default          ; Series 50 Ohm without Calibration ; --                        ; no                         ; User                 ; 0 pF                 ; vga_sram:sram|is_write (inverted)                                                                                ;
+----------------+-------+----------+--------------+--------------+--------------+-----------------------+--------------------+--------+----------------+-----------------+------------------------+---------------+-----------+-----------------+------------+----------+--------------+--------------+------------------+-----------------------------------+---------------------------+----------------------------+----------------------+----------------------+------------------------------------------------------------------------------------------------------------------+


+---------------------------------------------------------------------------------------------------------------------------------------+
; Dual Purpose and Dedicated Pins                                                                                                       ;
+----------+------------------------------------------+--------------------------+--------------------------+---------------------------+
; Location ; Pin Name                                 ; Reserved As              ; User Signal Name         ; Pin Type                  ;
+----------+------------------------------------------+--------------------------+--------------------------+---------------------------+
; F4       ; DIFFIO_L5n, DATA1, ASDO                  ; As input tri-stated      ; ~ALTERA_ASDO_DATA1~      ; Dual Purpose Pin          ;
; E2       ; DIFFIO_L8p, FLASH_nCE, nCSO              ; As input tri-stated      ; ~ALTERA_FLASH_nCE_nCSO~  ; Dual Purpose Pin          ;
; M6       ; nSTATUS                                  ; -                        ; -                        ; Dedicated Programming Pin ;
; P3       ; DCLK                                     ; As output driving ground ; ~ALTERA_DCLK~            ; Dual Purpose Pin          ;
; N7       ; DATA0                                    ; As input tri-stated      ; ~ALTERA_DATA0~           ; Dual Purpose Pin          ;
; P4       ; nCONFIG                                  ; -                        ; -                        ; Dedicated Programming Pin ;
; P7       ; TDI                                      ; -                        ; altera_reserved_tdi      ; JTAG Pin                  ;
; P5       ; TCK                                      ; -                        ; altera_reserved_tck      ; JTAG Pin                  ;
; P8       ; TMS                                      ; -                        ; altera_reserved_tms      ; JTAG Pin                  ;
; P6       ; TDO                                      ; -                        ; altera_reserved_tdo      ; JTAG Pin                  ;
; R8       ; nCE                                      ; -                        ; -                        ; Dedicated Programming Pin ;
; P24      ; CONF_DONE                                ; -                        ; -                        ; Dedicated Programming Pin ;
; N22      ; MSEL0                                    ; -                        ; -                        ; Dedicated Programming Pin ;
; P23      ; MSEL1                                    ; -                        ; -                        ; Dedicated Programming Pin ;
; M22      ; MSEL2                                    ; -                        ; -                        ; Dedicated Programming Pin ;
; P22      ; MSEL3                                    ; -                        ; -                        ; Dedicated Programming Pin ;
; P28      ; DIFFIO_R23n, nCEO                        ; Use as programming pin   ; ~ALTERA_nCEO~            ; Dual Purpose Pin          ;
; C12      ; DIFFIO_T29n, PADD16                      ; Use as regular IO        ; vga_controller_B[5]      ; Dual Purpose Pin          ;
; D12      ; DIFFIO_T29p, PADD17, DQS5T/CQ5T#,DPCLK10 ; Use as regular IO        ; vga_controller_B[7]      ; Dual Purpose Pin          ;
; A11      ; DIFFIO_T25n, DATA2                       ; Use as regular IO        ; vga_controller_B[4]      ; Dual Purpose Pin          ;
; B11      ; DIFFIO_T25p, DATA3                       ; Use as regular IO        ; vga_controller_B[3]      ; Dual Purpose Pin          ;
; A10      ; DIFFIO_T23n, PADD18                      ; Use as regular IO        ; vga_controller_B[1]      ; Dual Purpose Pin          ;
; B10      ; DIFFIO_T23p, DATA4                       ; Use as regular IO        ; vga_controller_B[0]      ; Dual Purpose Pin          ;
; G13      ; DIFFIO_T22n, PADD19                      ; Use as regular IO        ; vga_controller_HS        ; Dual Purpose Pin          ;
; E12      ; DIFFIO_T20n, DATA14, DQS3T/CQ3T#,DPCLK11 ; Use as regular IO        ; vga_controller_R[0]      ; Dual Purpose Pin          ;
; F12      ; DIFFIO_T20p, DATA13                      ; Use as regular IO        ; vga_controller_R[3]      ; Dual Purpose Pin          ;
; B7       ; DIFFIO_T18p, DATA5                       ; Use as regular IO        ; av_config_SCLK           ; Dual Purpose Pin          ;
; C11      ; DIFFIO_T15n, DATA7                       ; Use as regular IO        ; vga_controller_B[2]      ; Dual Purpose Pin          ;
; A8       ; DIFFIO_T11n, DATA9                       ; Use as regular IO        ; av_config_SDAT           ; Dual Purpose Pin          ;
; C7       ; DIFFIO_T9n, DATA10                       ; Use as regular IO        ; video_decoder_TD_DATA[3] ; Dual Purpose Pin          ;
; D7       ; DIFFIO_T9p, DATA11                       ; Use as regular IO        ; video_decoder_TD_DATA[4] ; Dual Purpose Pin          ;
+----------+------------------------------------------+--------------------------+--------------------------+---------------------------+


+------------------------------------------------------------+
; I/O Bank Usage                                             ;
+----------+------------------+---------------+--------------+
; I/O Bank ; Usage            ; VCCIO Voltage ; VREF Voltage ;
+----------+------------------+---------------+--------------+
; 1        ; 4 / 56 ( 7 % )   ; 2.5V          ; --           ;
; 2        ; 17 / 63 ( 27 % ) ; 2.5V          ; --           ;
; 3        ; 26 / 73 ( 36 % ) ; 2.5V          ; --           ;
; 4        ; 0 / 71 ( 0 % )   ; 2.5V          ; --           ;
; 5        ; 1 / 65 ( 2 % )   ; 2.5V          ; --           ;
; 6        ; 2 / 58 ( 3 % )   ; 2.5V          ; --           ;
; 7        ; 1 / 72 ( 1 % )   ; 2.5V          ; --           ;
; 8        ; 42 / 71 ( 59 % ) ; 2.5V          ; --           ;
+----------+------------------+---------------+--------------+


+-----------------------------------------------------------------------------------------------------------------------------------------------------------------------------------------+
; All Package Pins                                                                                                                                                                        ;
+----------+------------+----------+-----------------------------------------------------------+--------+--------------+---------+------------+-----------------+----------+--------------+
; Location ; Pad Number ; I/O Bank ; Pin Name/Usage                                            ; Dir.   ; I/O Standard ; Voltage ; I/O Type   ; User Assignment ; Bus Hold ; Weak Pull Up ;
+----------+------------+----------+-----------------------------------------------------------+--------+--------------+---------+------------+-----------------+----------+--------------+
; A2       ;            ; 8        ; VCCIO8                                                    ; power  ;              ; 2.5V    ; --         ;                 ; --       ; --           ;
; A3       ; 535        ; 8        ; RESERVED_INPUT_WITH_WEAK_PULLUP                           ;        ;              ;         ; Column I/O ;                 ; no       ; On           ;
; A4       ; 532        ; 8        ; RESERVED_INPUT_WITH_WEAK_PULLUP                           ;        ;              ;         ; Column I/O ;                 ; no       ; On           ;
; A5       ;            ; 8        ; VCCIO8                                                    ; power  ;              ; 2.5V    ; --         ;                 ; --       ; --           ;
; A6       ; 504        ; 8        ; RESERVED_INPUT_WITH_WEAK_PULLUP                           ;        ;              ;         ; Column I/O ;                 ; no       ; On           ;
; A7       ; 501        ; 8        ; video_decoder_TD_DATA[1]                                  ; input  ; 2.5 V        ;         ; Column I/O ; Y               ; no       ; Off          ;
; A8       ; 517        ; 8        ; av_config_SDAT                                            ; bidir  ; 2.5 V        ;         ; Column I/O ; Y               ; no       ; Off          ;
; A9       ;            ; 8        ; VCCIO8                                                    ; power  ;              ; 2.5V    ; --         ;                 ; --       ; --           ;
; A10      ; 491        ; 8        ; vga_controller_B[1]                                       ; output ; 2.5 V        ;         ; Column I/O ; Y               ; no       ; Off          ;
; A11      ; 487        ; 8        ; vga_controller_B[4]                                       ; output ; 2.5 V        ;         ; Column I/O ; Y               ; no       ; Off          ;
; A12      ; 482        ; 8        ; vga_controller_CLK                                        ; output ; 2.5 V        ;         ; Column I/O ; Y               ; no       ; Off          ;
; A13      ;            ; 8        ; VCCIO8                                                    ; power  ;              ; 2.5V    ; --         ;                 ; --       ; --           ;
; A14      ; 472        ; 8        ; GND+                                                      ;        ;              ;         ; Column I/O ;                 ; --       ; --           ;
; A15      ; 470        ; 7        ; GND+                                                      ;        ;              ;         ; Column I/O ;                 ; --       ; --           ;
; A16      ;            ; 7        ; VCCIO7                                                    ; power  ;              ; 2.5V    ; --         ;                 ; --       ; --           ;
; A17      ; 462        ; 7        ; RESERVED_INPUT_WITH_WEAK_PULLUP                           ;        ;              ;         ; Column I/O ;                 ; no       ; On           ;
; A18      ; 442        ; 7        ; RESERVED_INPUT_WITH_WEAK_PULLUP                           ;        ;              ;         ; Column I/O ;                 ; no       ; On           ;
; A19      ; 440        ; 7        ; RESERVED_INPUT_WITH_WEAK_PULLUP                           ;        ;              ;         ; Column I/O ;                 ; no       ; On           ;
; A20      ;            ; 7        ; VCCIO7                                                    ; power  ;              ; 2.5V    ; --         ;                 ; --       ; --           ;
; A21      ; 425        ; 7        ; RESERVED_INPUT_WITH_WEAK_PULLUP                           ;        ;              ;         ; Column I/O ;                 ; no       ; On           ;
; A22      ; 423        ; 7        ; RESERVED_INPUT_WITH_WEAK_PULLUP                           ;        ;              ;         ; Column I/O ;                 ; no       ; On           ;
; A23      ; 412        ; 7        ; RESERVED_INPUT_WITH_WEAK_PULLUP                           ;        ;              ;         ; Column I/O ;                 ; no       ; On           ;
; A24      ;            ; 7        ; VCCIO7                                                    ; power  ;              ; 2.5V    ; --         ;                 ; --       ; --           ;
; A25      ; 405        ; 7        ; RESERVED_INPUT_WITH_WEAK_PULLUP                           ;        ;              ;         ; Column I/O ;                 ; no       ; On           ;
; A26      ; 404        ; 7        ; RESERVED_INPUT_WITH_WEAK_PULLUP                           ;        ;              ;         ; Column I/O ;                 ; no       ; On           ;
; A27      ;            ; 7        ; VCCIO7                                                    ; power  ;              ; 2.5V    ; --         ;                 ; --       ; --           ;
; AA1      ;            ; 2        ; VCCIO2                                                    ; power  ;              ; 2.5V    ; --         ;                 ; --       ; --           ;
; AA2      ;            ;          ; GND                                                       ; gnd    ;              ;         ; --         ;                 ; --       ; --           ;
; AA3      ; 102        ; 2        ; RESERVED_INPUT_WITH_WEAK_PULLUP                           ;        ;              ;         ; Row I/O    ;                 ; no       ; On           ;
; AA4      ; 101        ; 2        ; sram_ADDR[14]                                             ; output ; 2.5 V        ;         ; Row I/O    ; Y               ; no       ; Off          ;
; AA5      ; 119        ; 2        ; RESERVED_INPUT_WITH_WEAK_PULLUP                           ;        ;              ;         ; Row I/O    ;                 ; no       ; On           ;
; AA6      ; 118        ; 2        ; RESERVED_INPUT_WITH_WEAK_PULLUP                           ;        ;              ;         ; Row I/O    ;                 ; no       ; On           ;
; AA7      ; 120        ; 2        ; RESERVED_INPUT_WITH_WEAK_PULLUP                           ;        ;              ;         ; Row I/O    ;                 ; no       ; On           ;
; AA8      ; 154        ; 3        ; RESERVED_INPUT_WITH_WEAK_PULLUP                           ;        ;              ;         ; Column I/O ;                 ; no       ; On           ;
; AA9      ;            ;          ; GNDA1                                                     ; gnd    ;              ;         ; --         ;                 ; --       ; --           ;
; AA10     ; 155        ; 3        ; RESERVED_INPUT_WITH_WEAK_PULLUP                           ;        ;              ;         ; Column I/O ;                 ; no       ; On           ;
; AA11     ;            ; 3        ; VCCIO3                                                    ; power  ;              ; 2.5V    ; --         ;                 ; --       ; --           ;
; AA12     ; 188        ; 3        ; RESERVED_INPUT_WITH_WEAK_PULLUP                           ;        ;              ;         ; Column I/O ;                 ; no       ; On           ;
; AA13     ; 190        ; 3        ; video_decoder_TD_RESET                                    ; output ; 2.5 V        ;         ; Column I/O ; N               ; no       ; Off          ;
; AA14     ; 191        ; 3        ; RESERVED_INPUT_WITH_WEAK_PULLUP                           ;        ;              ;         ; Column I/O ;                 ; no       ; On           ;
; AA15     ; 213        ; 4        ; RESERVED_INPUT_WITH_WEAK_PULLUP                           ;        ;              ;         ; Column I/O ;                 ; --       ; --           ;
; AA16     ; 211        ; 4        ; RESERVED_INPUT_WITH_WEAK_PULLUP                           ;        ;              ;         ; Column I/O ;                 ; no       ; On           ;
; AA17     ; 241        ; 4        ; RESERVED_INPUT_WITH_WEAK_PULLUP                           ;        ;              ;         ; Column I/O ;                 ; no       ; On           ;
; AA18     ;            ; 4        ; VCCIO4                                                    ; power  ;              ; 2.5V    ; --         ;                 ; --       ; --           ;
; AA19     ; 264        ; 4        ; RESERVED_INPUT_WITH_WEAK_PULLUP                           ;        ;              ;         ; Column I/O ;                 ; no       ; On           ;
; AA20     ;            ;          ; GNDA4                                                     ; gnd    ;              ;         ; --         ;                 ; --       ; --           ;
; AA21     ; 269        ; 4        ; RESERVED_INPUT_WITH_WEAK_PULLUP                           ;        ;              ;         ; Column I/O ;                 ; no       ; On           ;
; AA22     ; 275        ; 5        ; RESERVED_INPUT_WITH_WEAK_PULLUP                           ;        ;              ;         ; Row I/O    ;                 ; no       ; On           ;
; AA23     ; 280        ; 5        ; RESERVED_INPUT_WITH_WEAK_PULLUP                           ;        ;              ;         ; Row I/O    ;                 ; no       ; On           ;
; AA24     ; 279        ; 5        ; RESERVED_INPUT_WITH_WEAK_PULLUP                           ;        ;              ;         ; Row I/O    ;                 ; --       ; --           ;
; AA25     ; 294        ; 5        ; RESERVED_INPUT_WITH_WEAK_PULLUP                           ;        ;              ;         ; Row I/O    ;                 ; no       ; On           ;
; AA26     ; 293        ; 5        ; RESERVED_INPUT_WITH_WEAK_PULLUP                           ;        ;              ;         ; Row I/O    ;                 ; no       ; On           ;
; AA27     ;            ;          ; GND                                                       ; gnd    ;              ;         ; --         ;                 ; --       ; --           ;
; AA28     ;            ; 5        ; VCCIO5                                                    ; power  ;              ; 2.5V    ; --         ;                 ; --       ; --           ;
; AB1      ; 86         ; 2        ; RESERVED_INPUT_WITH_WEAK_PULLUP                           ;        ;              ;         ; Row I/O    ;                 ; no       ; On           ;
; AB2      ; 85         ; 2        ; RESERVED_INPUT_WITH_WEAK_PULLUP                           ;        ;              ;         ; Row I/O    ;                 ; no       ; On           ;
; AB3      ; 99         ; 2        ; RESERVED_INPUT_WITH_WEAK_PULLUP                           ;        ;              ;         ; Row I/O    ;                 ; no       ; On           ;
; AB4      ; 121        ; 2        ; sram_ADDR[12]                                             ; output ; 2.5 V        ;         ; Row I/O    ; Y               ; no       ; Off          ;
; AB5      ; 127        ; 2        ; sram_ADDR[6]                                              ; output ; 2.5 V        ;         ; Row I/O    ; Y               ; no       ; Off          ;
; AB6      ; 126        ; 2        ; sram_ADDR[4]                                              ; output ; 2.5 V        ;         ; Row I/O    ; Y               ; no       ; Off          ;
; AB7      ; 152        ; 3        ; sram_ADDR[0]                                              ; output ; 2.5 V        ;         ; Column I/O ; Y               ; no       ; Off          ;
; AB8      ; 148        ; 3        ; sram_ADDR[18]                                             ; output ; 2.5 V        ;         ; Column I/O ; Y               ; no       ; Off          ;
; AB9      ; 147        ; 3        ; sram_ADDR[17]                                             ; output ; 2.5 V        ;         ; Column I/O ; Y               ; no       ; Off          ;
; AB10     ; 173        ; 3        ; RESERVED_INPUT_WITH_WEAK_PULLUP                           ;        ;              ;         ; Column I/O ;                 ; no       ; On           ;
; AB11     ; 164        ; 3        ; sram_ADDR[15]                                             ; output ; 2.5 V        ;         ; Column I/O ; Y               ; no       ; Off          ;
; AB12     ; 180        ; 3        ; RESERVED_INPUT_WITH_WEAK_PULLUP                           ;        ;              ;         ; Column I/O ;                 ; no       ; On           ;
; AB13     ; 181        ; 3        ; RESERVED_INPUT_WITH_WEAK_PULLUP                           ;        ;              ;         ; Column I/O ;                 ; --       ; --           ;
; AB14     ; 192        ; 3        ; RESERVED_INPUT_WITH_WEAK_PULLUP                           ;        ;              ;         ; Column I/O ;                 ; no       ; On           ;
; AB15     ; 214        ; 4        ; RESERVED_INPUT_WITH_WEAK_PULLUP                           ;        ;              ;         ; Column I/O ;                 ; no       ; On           ;
; AB16     ; 212        ; 4        ; RESERVED_INPUT_WITH_WEAK_PULLUP                           ;        ;              ;         ; Column I/O ;                 ; no       ; On           ;
; AB17     ; 242        ; 4        ; RESERVED_INPUT_WITH_WEAK_PULLUP                           ;        ;              ;         ; Column I/O ;                 ; no       ; On           ;
; AB18     ; 254        ; 4        ; RESERVED_INPUT_WITH_WEAK_PULLUP                           ;        ;              ;         ; Column I/O ;                 ; no       ; On           ;
; AB19     ; 253        ; 4        ; RESERVED_INPUT_WITH_WEAK_PULLUP                           ;        ;              ;         ; Column I/O ;                 ; no       ; On           ;
; AB20     ; 257        ; 4        ; RESERVED_INPUT_WITH_WEAK_PULLUP                           ;        ;              ;         ; Column I/O ;                 ; --       ; --           ;
; AB21     ; 266        ; 4        ; RESERVED_INPUT_WITH_WEAK_PULLUP                           ;        ;              ;         ; Column I/O ;                 ; no       ; On           ;
; AB22     ; 265        ; 4        ; RESERVED_INPUT_WITH_WEAK_PULLUP                           ;        ;              ;         ; Column I/O ;                 ; no       ; On           ;
; AB23     ; 276        ; 5        ; RESERVED_INPUT_WITH_WEAK_PULLUP                           ;        ;              ;         ; Row I/O    ;                 ; no       ; On           ;
; AB24     ; 274        ; 5        ; RESERVED_INPUT_WITH_WEAK_PULLUP                           ;        ;              ;         ; Row I/O    ;                 ; no       ; On           ;
; AB25     ; 292        ; 5        ; RESERVED_INPUT_WITH_WEAK_PULLUP                           ;        ;              ;         ; Row I/O    ;                 ; no       ; On           ;
; AB26     ; 291        ; 5        ; RESERVED_INPUT_WITH_WEAK_PULLUP                           ;        ;              ;         ; Row I/O    ;                 ; no       ; On           ;
; AB27     ; 296        ; 5        ; RESERVED_INPUT_WITH_WEAK_PULLUP                           ;        ;              ;         ; Row I/O    ;                 ; no       ; On           ;
; AB28     ; 295        ; 5        ; video_decoder_clk27_reset                                 ; input  ; 2.5 V        ;         ; Row I/O    ; Y               ; no       ; Off          ;
; AC1      ; 94         ; 2        ; RESERVED_INPUT_WITH_WEAK_PULLUP                           ;        ;              ;         ; Row I/O    ;                 ; no       ; On           ;
; AC2      ; 93         ; 2        ; RESERVED_INPUT_WITH_WEAK_PULLUP                           ;        ;              ;         ; Row I/O    ;                 ; no       ; On           ;
; AC3      ; 95         ; 2        ; sram_ADDR[13]                                             ; output ; 2.5 V        ;         ; Row I/O    ; Y               ; no       ; Off          ;
; AC4      ; 125        ; 2        ; sram_UB_N                                                 ; output ; 2.5 V        ;         ; Row I/O    ; Y               ; no       ; Off          ;
; AC5      ; 124        ; 2        ; sram_ADDR[7]                                              ; output ; 2.5 V        ;         ; Row I/O    ; Y               ; no       ; Off          ;
; AC6      ;            ;          ; GND                                                       ; gnd    ;              ;         ; --         ;                 ; --       ; --           ;
; AC7      ; 144        ; 3        ; sram_ADDR[3]                                              ; output ; 2.5 V        ;         ; Column I/O ; Y               ; no       ; Off          ;
; AC8      ; 153        ; 3        ; RESERVED_INPUT_WITH_WEAK_PULLUP                           ;        ;              ;         ; Column I/O ;                 ; no       ; On           ;
; AC9      ;            ;          ; GND                                                       ; gnd    ;              ;         ; --         ;                 ; --       ; --           ;
; AC10     ; 174        ; 3        ; RESERVED_INPUT_WITH_WEAK_PULLUP                           ;        ;              ;         ; Column I/O ;                 ; no       ; On           ;
; AC11     ; 185        ; 3        ; sram_ADDR[16]                                             ; output ; 2.5 V        ;         ; Column I/O ; Y               ; no       ; Off          ;
; AC12     ; 179        ; 3        ; RESERVED_INPUT_WITH_WEAK_PULLUP                           ;        ;              ;         ; Column I/O ;                 ; no       ; On           ;
; AC13     ;            ;          ; GND                                                       ; gnd    ;              ;         ; --         ;                 ; --       ; --           ;
; AC14     ; 195        ; 3        ; RESERVED_INPUT_WITH_WEAK_PULLUP                           ;        ;              ;         ; Column I/O ;                 ; no       ; On           ;
; AC15     ; 203        ; 4        ; RESERVED_INPUT_WITH_WEAK_PULLUP                           ;        ;              ;         ; Column I/O ;                 ; no       ; On           ;
; AC16     ;            ;          ; GND                                                       ; gnd    ;              ;         ; --         ;                 ; --       ; --           ;
; AC17     ; 221        ; 4        ; RESERVED_INPUT_WITH_WEAK_PULLUP                           ;        ;              ;         ; Column I/O ;                 ; no       ; On           ;
; AC18     ; 240        ; 4        ; RESERVED_INPUT_WITH_WEAK_PULLUP                           ;        ;              ;         ; Column I/O ;                 ; --       ; --           ;
; AC19     ; 247        ; 4        ; RESERVED_INPUT_WITH_WEAK_PULLUP                           ;        ;              ;         ; Column I/O ;                 ; no       ; On           ;
; AC20     ;            ;          ; GND                                                       ; gnd    ;              ;         ; --         ;                 ; --       ; --           ;
; AC21     ; 258        ; 4        ; RESERVED_INPUT_WITH_WEAK_PULLUP                           ;        ;              ;         ; Column I/O ;                 ; no       ; On           ;
; AC22     ; 267        ; 4        ; RESERVED_INPUT_WITH_WEAK_PULLUP                           ;        ;              ;         ; Column I/O ;                 ; no       ; On           ;
; AC23     ;            ;          ; GND                                                       ; gnd    ;              ;         ; --         ;                 ; --       ; --           ;
; AC24     ; 273        ; 5        ; RESERVED_INPUT_WITH_WEAK_PULLUP                           ;        ;              ;         ; Row I/O    ;                 ; no       ; On           ;
; AC25     ; 272        ; 5        ; RESERVED_INPUT_WITH_WEAK_PULLUP                           ;        ;              ;         ; Row I/O    ;                 ; no       ; On           ;
; AC26     ; 282        ; 5        ; RESERVED_INPUT_WITH_WEAK_PULLUP                           ;        ;              ;         ; Row I/O    ;                 ; no       ; On           ;
; AC27     ; 290        ; 5        ; RESERVED_INPUT_WITH_WEAK_PULLUP                           ;        ;              ;         ; Row I/O    ;                 ; no       ; On           ;
; AC28     ; 289        ; 5        ; RESERVED_INPUT_WITH_WEAK_PULLUP                           ;        ;              ;         ; Row I/O    ;                 ; no       ; On           ;
; AD1      ; 98         ; 2        ; sram_DQ[8]                                                ; bidir  ; 2.5 V        ;         ; Row I/O    ; Y               ; no       ; Off          ;
; AD2      ; 97         ; 2        ; sram_DQ[9]                                                ; bidir  ; 2.5 V        ;         ; Row I/O    ; Y               ; no       ; Off          ;
; AD3      ; 96         ; 2        ; sram_ADDR[11]                                             ; output ; 2.5 V        ;         ; Row I/O    ; Y               ; no       ; Off          ;
; AD4      ; 130        ; 3        ; sram_LB_N                                                 ; output ; 2.5 V        ;         ; Column I/O ; Y               ; no       ; Off          ;
; AD5      ; 128        ; 3        ; sram_OE_N                                                 ; output ; 2.5 V        ;         ; Column I/O ; Y               ; no       ; Off          ;
; AD6      ;            ; 3        ; VCCIO3                                                    ; power  ;              ; 2.5V    ; --         ;                 ; --       ; --           ;
; AD7      ; 134        ; 3        ; sram_ADDR[1]                                              ; output ; 2.5 V        ;         ; Column I/O ; Y               ; no       ; Off          ;
; AD8      ; 143        ; 3        ; RESERVED_INPUT_WITH_WEAK_PULLUP                           ;        ;              ;         ; Column I/O ;                 ; no       ; On           ;
; AD9      ;            ; 3        ; VCCIO3                                                    ; power  ;              ; 2.5V    ; --         ;                 ; --       ; --           ;
; AD10     ; 149        ; 3        ; RESERVED_INPUT_WITH_WEAK_PULLUP                           ;        ;              ;         ; Column I/O ;                 ; no       ; On           ;
; AD11     ; 186        ; 3        ; RESERVED_INPUT_WITH_WEAK_PULLUP                           ;        ;              ;         ; Column I/O ;                 ; no       ; On           ;
; AD12     ; 182        ; 3        ; RESERVED_INPUT_WITH_WEAK_PULLUP                           ;        ;              ;         ; Column I/O ;                 ; no       ; On           ;
; AD13     ;            ; 3        ; VCCIO3                                                    ; power  ;              ; 2.5V    ; --         ;                 ; --       ; --           ;
; AD14     ; 196        ; 3        ; RESERVED_INPUT_WITH_WEAK_PULLUP                           ;        ;              ;         ; Column I/O ;                 ; no       ; On           ;
; AD15     ; 204        ; 4        ; RESERVED_INPUT_WITH_WEAK_PULLUP                           ;        ;              ;         ; Column I/O ;                 ; no       ; On           ;
; AD16     ;            ; 4        ; VCCIO4                                                    ; power  ;              ; 2.5V    ; --         ;                 ; --       ; --           ;
; AD17     ; 222        ; 4        ; RESERVED_INPUT_WITH_WEAK_PULLUP                           ;        ;              ;         ; Column I/O ;                 ; no       ; On           ;
; AD18     ; 237        ; 4        ; RESERVED_INPUT_WITH_WEAK_PULLUP                           ;        ;              ;         ; Column I/O ;                 ; no       ; On           ;
; AD19     ; 248        ; 4        ; RESERVED_INPUT_WITH_WEAK_PULLUP                           ;        ;              ;         ; Column I/O ;                 ; no       ; On           ;
; AD20     ;            ; 4        ; VCCIO4                                                    ; power  ;              ; 2.5V    ; --         ;                 ; --       ; --           ;
; AD21     ; 259        ; 4        ; RESERVED_INPUT_WITH_WEAK_PULLUP                           ;        ;              ;         ; Column I/O ;                 ; no       ; On           ;
; AD22     ; 268        ; 4        ; RESERVED_INPUT_WITH_WEAK_PULLUP                           ;        ;              ;         ; Column I/O ;                 ; no       ; On           ;
; AD23     ;            ; 4        ; VCCIO4                                                    ; power  ;              ; 2.5V    ; --         ;                 ; --       ; --           ;
; AD24     ; 260        ; 4        ; RESERVED_INPUT_WITH_WEAK_PULLUP                           ;        ;              ;         ; Column I/O ;                 ; no       ; On           ;
; AD25     ; 255        ; 4        ; RESERVED_INPUT_WITH_WEAK_PULLUP                           ;        ;              ;         ; Column I/O ;                 ; no       ; On           ;
; AD26     ; 281        ; 5        ; RESERVED_INPUT_WITH_WEAK_PULLUP                           ;        ;              ;         ; Row I/O    ;                 ; no       ; On           ;
; AD27     ; 286        ; 5        ; RESERVED_INPUT_WITH_WEAK_PULLUP                           ;        ;              ;         ; Row I/O    ;                 ; no       ; On           ;
; AD28     ; 285        ; 5        ; RESERVED_INPUT_WITH_WEAK_PULLUP                           ;        ;              ;         ; Row I/O    ;                 ; no       ; On           ;
; AE1      ; 106        ; 2        ; sram_DQ[11]                                               ; bidir  ; 2.5 V        ;         ; Row I/O    ; Y               ; no       ; Off          ;
; AE2      ; 105        ; 2        ; sram_DQ[10]                                               ; bidir  ; 2.5 V        ;         ; Row I/O    ; Y               ; no       ; Off          ;
; AE3      ; 122        ; 2        ; sram_DQ[12]                                               ; bidir  ; 2.5 V        ;         ; Row I/O    ; Y               ; no       ; Off          ;
; AE4      ; 132        ; 3        ; sram_DQ[13]                                               ; bidir  ; 2.5 V        ;         ; Column I/O ; Y               ; no       ; Off          ;
; AE5      ; 135        ; 3        ; RESERVED_INPUT_WITH_WEAK_PULLUP                           ;        ;              ;         ; Column I/O ;                 ; no       ; On           ;
; AE6      ; 129        ; 3        ; sram_ADDR[5]                                              ; output ; 2.5 V        ;         ; Column I/O ; Y               ; no       ; Off          ;
; AE7      ; 158        ; 3        ; sram_ADDR[2]                                              ; output ; 2.5 V        ;         ; Column I/O ; Y               ; no       ; Off          ;
; AE8      ; 161        ; 3        ; sram_WE_N                                                 ; output ; 2.5 V        ;         ; Column I/O ; Y               ; no       ; Off          ;
; AE9      ; 163        ; 3        ; RESERVED_INPUT_WITH_WEAK_PULLUP                           ;        ;              ;         ; Column I/O ;                 ; no       ; On           ;
; AE10     ; 165        ; 3        ; RESERVED_INPUT_WITH_WEAK_PULLUP                           ;        ;              ;         ; Column I/O ;                 ; no       ; On           ;
; AE11     ; 171        ; 3        ; RESERVED_INPUT_WITH_WEAK_PULLUP                           ;        ;              ;         ; Column I/O ;                 ; no       ; On           ;
; AE12     ; 169        ; 3        ; RESERVED_INPUT_WITH_WEAK_PULLUP                           ;        ;              ;         ; Column I/O ;                 ; no       ; On           ;
; AE13     ; 177        ; 3        ; RESERVED_INPUT_WITH_WEAK_PULLUP                           ;        ;              ;         ; Column I/O ;                 ; no       ; On           ;
; AE14     ; 183        ; 3        ; RESERVED_INPUT_WITH_WEAK_PULLUP                           ;        ;              ;         ; Column I/O ;                 ; no       ; On           ;
; AE15     ; 205        ; 4        ; RESERVED_INPUT_WITH_WEAK_PULLUP                           ;        ;              ;         ; Column I/O ;                 ; no       ; On           ;
; AE16     ; 209        ; 4        ; RESERVED_INPUT_WITH_WEAK_PULLUP                           ;        ;              ;         ; Column I/O ;                 ; no       ; On           ;
; AE17     ; 215        ; 4        ; RESERVED_INPUT_WITH_WEAK_PULLUP                           ;        ;              ;         ; Column I/O ;                 ; no       ; On           ;
; AE18     ; 225        ; 4        ; RESERVED_INPUT_WITH_WEAK_PULLUP                           ;        ;              ;         ; Column I/O ;                 ; no       ; On           ;
; AE19     ; 231        ; 4        ; RESERVED_INPUT_WITH_WEAK_PULLUP                           ;        ;              ;         ; Column I/O ;                 ; no       ; On           ;
; AE20     ; 235        ; 4        ; RESERVED_INPUT_WITH_WEAK_PULLUP                           ;        ;              ;         ; Column I/O ;                 ; no       ; On           ;
; AE21     ; 238        ; 4        ; RESERVED_INPUT_WITH_WEAK_PULLUP                           ;        ;              ;         ; Column I/O ;                 ; no       ; On           ;
; AE22     ; 251        ; 4        ; RESERVED_INPUT_WITH_WEAK_PULLUP                           ;        ;              ;         ; Column I/O ;                 ; no       ; On           ;
; AE23     ; 261        ; 4        ; RESERVED_INPUT_WITH_WEAK_PULLUP                           ;        ;              ;         ; Column I/O ;                 ; no       ; On           ;
; AE24     ; 256        ; 4        ; RESERVED_INPUT_WITH_WEAK_PULLUP                           ;        ;              ;         ; Column I/O ;                 ; no       ; On           ;
; AE25     ; 243        ; 4        ; RESERVED_INPUT_WITH_WEAK_PULLUP                           ;        ;              ;         ; Column I/O ;                 ; no       ; On           ;
; AE26     ; 278        ; 5        ; RESERVED_INPUT_WITH_WEAK_PULLUP                           ;        ;              ;         ; Row I/O    ;                 ; no       ; On           ;
; AE27     ; 284        ; 5        ; RESERVED_INPUT_WITH_WEAK_PULLUP                           ;        ;              ;         ; Row I/O    ;                 ; no       ; On           ;
; AE28     ; 283        ; 5        ; RESERVED_INPUT_WITH_WEAK_PULLUP                           ;        ;              ;         ; Row I/O    ;                 ; no       ; On           ;
; AF1      ;            ;          ; GND                                                       ; gnd    ;              ;         ; --         ;                 ; --       ; --           ;
; AF2      ; 123        ; 2        ; sram_ADDR[10]                                             ; output ; 2.5 V        ;         ; Row I/O    ; Y               ; no       ; Off          ;
; AF3      ; 138        ; 3        ; sram_DQ[14]                                               ; bidir  ; 2.5 V        ;         ; Column I/O ; Y               ; no       ; Off          ;
; AF4      ; 131        ; 3        ; sram_DQ[1]                                                ; bidir  ; 2.5 V        ;         ; Column I/O ; Y               ; no       ; Off          ;
; AF5      ; 136        ; 3        ; sram_ADDR[8]                                              ; output ; 2.5 V        ;         ; Column I/O ; Y               ; no       ; Off          ;
; AF6      ; 139        ; 3        ; sram_DQ[4]                                                ; bidir  ; 2.5 V        ;         ; Column I/O ; Y               ; no       ; Off          ;
; AF7      ; 159        ; 3        ; sram_DQ[7]                                                ; bidir  ; 2.5 V        ;         ; Column I/O ; Y               ; no       ; Off          ;
; AF8      ; 162        ; 3        ; sram_CE_N                                                 ; output ; 2.5 V        ;         ; Column I/O ; Y               ; no       ; Off          ;
; AF9      ; 160        ; 3        ; RESERVED_INPUT_WITH_WEAK_PULLUP                           ;        ;              ;         ; Column I/O ;                 ; no       ; On           ;
; AF10     ; 166        ; 3        ; RESERVED_INPUT_WITH_WEAK_PULLUP                           ;        ;              ;         ; Column I/O ;                 ; no       ; On           ;
; AF11     ; 172        ; 3        ; RESERVED_INPUT_WITH_WEAK_PULLUP                           ;        ;              ;         ; Column I/O ;                 ; no       ; On           ;
; AF12     ; 170        ; 3        ; RESERVED_INPUT_WITH_WEAK_PULLUP                           ;        ;              ;         ; Column I/O ;                 ; no       ; On           ;
; AF13     ; 178        ; 3        ; RESERVED_INPUT_WITH_WEAK_PULLUP                           ;        ;              ;         ; Column I/O ;                 ; no       ; On           ;
; AF14     ; 184        ; 3        ; RESERVED_INPUT_WITH_WEAK_PULLUP                           ;        ;              ;         ; Column I/O ;                 ; no       ; On           ;
; AF15     ; 206        ; 4        ; RESERVED_INPUT_WITH_WEAK_PULLUP                           ;        ;              ;         ; Column I/O ;                 ; no       ; On           ;
; AF16     ; 210        ; 4        ; RESERVED_INPUT_WITH_WEAK_PULLUP                           ;        ;              ;         ; Column I/O ;                 ; no       ; On           ;
; AF17     ; 216        ; 4        ; RESERVED_INPUT_WITH_WEAK_PULLUP                           ;        ;              ;         ; Column I/O ;                 ; no       ; On           ;
; AF18     ; 226        ; 4        ; RESERVED_INPUT_WITH_WEAK_PULLUP                           ;        ;              ;         ; Column I/O ;                 ; no       ; On           ;
; AF19     ; 232        ; 4        ; RESERVED_INPUT_WITH_WEAK_PULLUP                           ;        ;              ;         ; Column I/O ;                 ; no       ; On           ;
; AF20     ; 236        ; 4        ; RESERVED_INPUT_WITH_WEAK_PULLUP                           ;        ;              ;         ; Column I/O ;                 ; no       ; On           ;
; AF21     ; 239        ; 4        ; RESERVED_INPUT_WITH_WEAK_PULLUP                           ;        ;              ;         ; Column I/O ;                 ; no       ; On           ;
; AF22     ; 252        ; 4        ; RESERVED_INPUT_WITH_WEAK_PULLUP                           ;        ;              ;         ; Column I/O ;                 ; no       ; On           ;
; AF23     ; 262        ; 4        ; RESERVED_INPUT_WITH_WEAK_PULLUP                           ;        ;              ;         ; Column I/O ;                 ; no       ; On           ;
; AF24     ; 233        ; 4        ; RESERVED_INPUT_WITH_WEAK_PULLUP                           ;        ;              ;         ; Column I/O ;                 ; no       ; On           ;
; AF25     ; 234        ; 4        ; RESERVED_INPUT_WITH_WEAK_PULLUP                           ;        ;              ;         ; Column I/O ;                 ; no       ; On           ;
; AF26     ; 244        ; 4        ; RESERVED_INPUT_WITH_WEAK_PULLUP                           ;        ;              ;         ; Column I/O ;                 ; no       ; On           ;
; AF27     ; 277        ; 5        ; RESERVED_INPUT_WITH_WEAK_PULLUP                           ;        ;              ;         ; Row I/O    ;                 ; no       ; On           ;
; AF28     ;            ;          ; GND                                                       ; gnd    ;              ;         ; --         ;                 ; --       ; --           ;
; AG1      ;            ; 2        ; VCCIO2                                                    ; power  ;              ; 2.5V    ; --         ;                 ; --       ; --           ;
; AG2      ;            ;          ; GND                                                       ; gnd    ;              ;         ; --         ;                 ; --       ; --           ;
; AG3      ; 133        ; 3        ; sram_DQ[15]                                               ; bidir  ; 2.5 V        ;         ; Column I/O ; Y               ; no       ; Off          ;
; AG4      ; 141        ; 3        ; sram_DQ[2]                                                ; bidir  ; 2.5 V        ;         ; Column I/O ; Y               ; no       ; Off          ;
; AG5      ;            ;          ; GND                                                       ; gnd    ;              ;         ; --         ;                 ; --       ; --           ;
; AG6      ; 145        ; 3        ; sram_DQ[5]                                                ; bidir  ; 2.5 V        ;         ; Column I/O ; Y               ; no       ; Off          ;
; AG7      ; 150        ; 3        ; RESERVED_INPUT_WITH_WEAK_PULLUP                           ;        ;              ;         ; Column I/O ;                 ; no       ; On           ;
; AG8      ; 156        ; 3        ; RESERVED_INPUT_WITH_WEAK_PULLUP                           ;        ;              ;         ; Column I/O ;                 ; no       ; On           ;
; AG9      ;            ;          ; GND                                                       ; gnd    ;              ;         ; --         ;                 ; --       ; --           ;
; AG10     ; 167        ; 3        ; RESERVED_INPUT_WITH_WEAK_PULLUP                           ;        ;              ;         ; Column I/O ;                 ; no       ; On           ;
; AG11     ; 175        ; 3        ; RESERVED_INPUT_WITH_WEAK_PULLUP                           ;        ;              ;         ; Column I/O ;                 ; no       ; On           ;
; AG12     ; 193        ; 3        ; RESERVED_INPUT_WITH_WEAK_PULLUP                           ;        ;              ;         ; Column I/O ;                 ; no       ; On           ;
; AG13     ;            ;          ; GND                                                       ; gnd    ;              ;         ; --         ;                 ; --       ; --           ;
; AG14     ; 199        ; 3        ; GND+                                                      ;        ;              ;         ; Column I/O ;                 ; --       ; --           ;
; AG15     ; 201        ; 4        ; GND+                                                      ;        ;              ;         ; Column I/O ;                 ; --       ; --           ;
; AG16     ;            ;          ; GND                                                       ; gnd    ;              ;         ; --         ;                 ; --       ; --           ;
; AG17     ; 207        ; 4        ; RESERVED_INPUT_WITH_WEAK_PULLUP                           ;        ;              ;         ; Column I/O ;                 ; no       ; On           ;
; AG18     ; 217        ; 4        ; RESERVED_INPUT_WITH_WEAK_PULLUP                           ;        ;              ;         ; Column I/O ;                 ; no       ; On           ;
; AG19     ; 219        ; 4        ; RESERVED_INPUT_WITH_WEAK_PULLUP                           ;        ;              ;         ; Column I/O ;                 ; no       ; On           ;
; AG20     ;            ;          ; GND                                                       ; gnd    ;              ;         ; --         ;                 ; --       ; --           ;
; AG21     ; 223        ; 4        ; RESERVED_INPUT_WITH_WEAK_PULLUP                           ;        ;              ;         ; Column I/O ;                 ; no       ; On           ;
; AG22     ; 227        ; 4        ; RESERVED_INPUT_WITH_WEAK_PULLUP                           ;        ;              ;         ; Column I/O ;                 ; no       ; On           ;
; AG23     ; 229        ; 4        ; RESERVED_INPUT_WITH_WEAK_PULLUP                           ;        ;              ;         ; Column I/O ;                 ; no       ; On           ;
; AG24     ;            ;          ; GND                                                       ; gnd    ;              ;         ; --         ;                 ; --       ; --           ;
; AG25     ; 245        ; 4        ; RESERVED_INPUT_WITH_WEAK_PULLUP                           ;        ;              ;         ; Column I/O ;                 ; no       ; On           ;
; AG26     ; 270        ; 4        ; RESERVED_INPUT_WITH_WEAK_PULLUP                           ;        ;              ;         ; Column I/O ;                 ; no       ; On           ;
; AG27     ;            ;          ; GND                                                       ; gnd    ;              ;         ; --         ;                 ; --       ; --           ;
; AG28     ;            ; 5        ; VCCIO5                                                    ; power  ;              ; 2.5V    ; --         ;                 ; --       ; --           ;
; AH2      ;            ; 3        ; VCCIO3                                                    ; power  ;              ; 2.5V    ; --         ;                 ; --       ; --           ;
; AH3      ; 137        ; 3        ; sram_DQ[0]                                                ; bidir  ; 2.5 V        ;         ; Column I/O ; Y               ; no       ; Off          ;
; AH4      ; 142        ; 3        ; sram_DQ[3]                                                ; bidir  ; 2.5 V        ;         ; Column I/O ; Y               ; no       ; Off          ;
; AH5      ;            ; 3        ; VCCIO3                                                    ; power  ;              ; 2.5V    ; --         ;                 ; --       ; --           ;
; AH6      ; 146        ; 3        ; sram_DQ[6]                                                ; bidir  ; 2.5 V        ;         ; Column I/O ; Y               ; no       ; Off          ;
; AH7      ; 151        ; 3        ; RESERVED_INPUT_WITH_WEAK_PULLUP                           ;        ;              ;         ; Column I/O ;                 ; no       ; On           ;
; AH8      ; 157        ; 3        ; RESERVED_INPUT_WITH_WEAK_PULLUP                           ;        ;              ;         ; Column I/O ;                 ; no       ; On           ;
; AH9      ;            ; 3        ; VCCIO3                                                    ; power  ;              ; 2.5V    ; --         ;                 ; --       ; --           ;
; AH10     ; 168        ; 3        ; RESERVED_INPUT_WITH_WEAK_PULLUP                           ;        ;              ;         ; Column I/O ;                 ; no       ; On           ;
; AH11     ; 176        ; 3        ; RESERVED_INPUT_WITH_WEAK_PULLUP                           ;        ;              ;         ; Column I/O ;                 ; no       ; On           ;
; AH12     ; 194        ; 3        ; RESERVED_INPUT_WITH_WEAK_PULLUP                           ;        ;              ;         ; Column I/O ;                 ; no       ; On           ;
; AH13     ;            ; 3        ; VCCIO3                                                    ; power  ;              ; 2.5V    ; --         ;                 ; --       ; --           ;
; AH14     ; 200        ; 3        ; GND+                                                      ;        ;              ;         ; Column I/O ;                 ; --       ; --           ;
; AH15     ; 202        ; 4        ; GND+                                                      ;        ;              ;         ; Column I/O ;                 ; --       ; --           ;
; AH16     ;            ; 4        ; VCCIO4                                                    ; power  ;              ; 2.5V    ; --         ;                 ; --       ; --           ;
; AH17     ; 208        ; 4        ; RESERVED_INPUT_WITH_WEAK_PULLUP                           ;        ;              ;         ; Column I/O ;                 ; no       ; On           ;
; AH18     ; 218        ; 4        ; RESERVED_INPUT_WITH_WEAK_PULLUP                           ;        ;              ;         ; Column I/O ;                 ; no       ; On           ;
; AH19     ; 220        ; 4        ; RESERVED_INPUT_WITH_WEAK_PULLUP                           ;        ;              ;         ; Column I/O ;                 ; no       ; On           ;
; AH20     ;            ; 4        ; VCCIO4                                                    ; power  ;              ; 2.5V    ; --         ;                 ; --       ; --           ;
; AH21     ; 224        ; 4        ; RESERVED_INPUT_WITH_WEAK_PULLUP                           ;        ;              ;         ; Column I/O ;                 ; no       ; On           ;
; AH22     ; 228        ; 4        ; RESERVED_INPUT_WITH_WEAK_PULLUP                           ;        ;              ;         ; Column I/O ;                 ; no       ; On           ;
; AH23     ; 230        ; 4        ; RESERVED_INPUT_WITH_WEAK_PULLUP                           ;        ;              ;         ; Column I/O ;                 ; no       ; On           ;
; AH24     ;            ; 4        ; VCCIO4                                                    ; power  ;              ; 2.5V    ; --         ;                 ; --       ; --           ;
; AH25     ; 246        ; 4        ; RESERVED_INPUT_WITH_WEAK_PULLUP                           ;        ;              ;         ; Column I/O ;                 ; no       ; On           ;
; AH26     ; 271        ; 4        ; RESERVED_INPUT_WITH_WEAK_PULLUP                           ;        ;              ;         ; Column I/O ;                 ; no       ; On           ;
; AH27     ;            ; 4        ; VCCIO4                                                    ; power  ;              ; 2.5V    ; --         ;                 ; --       ; --           ;
; B1       ;            ; 1        ; VCCIO1                                                    ; power  ;              ; 2.5V    ; --         ;                 ; --       ; --           ;
; B2       ;            ;          ; GND                                                       ; gnd    ;              ;         ; --         ;                 ; --       ; --           ;
; B3       ; 534        ; 8        ; RESERVED_INPUT_WITH_WEAK_PULLUP                           ;        ;              ;         ; Column I/O ;                 ; no       ; On           ;
; B4       ; 533        ; 8        ; RESERVED_INPUT_WITH_WEAK_PULLUP                           ;        ;              ;         ; Column I/O ;                 ; no       ; On           ;
; B5       ;            ;          ; GND                                                       ; gnd    ;              ;         ; --         ;                 ; --       ; --           ;
; B6       ; 505        ; 8        ; RESERVED_INPUT_WITH_WEAK_PULLUP                           ;        ;              ;         ; Column I/O ;                 ; no       ; On           ;
; B7       ; 502        ; 8        ; av_config_SCLK                                            ; output ; 2.5 V        ;         ; Column I/O ; Y               ; no       ; Off          ;
; B8       ; 518        ; 8        ; vga_controller_G[5]                                       ; output ; 2.5 V        ;         ; Column I/O ; Y               ; no       ; Off          ;
; B9       ;            ;          ; GND                                                       ; gnd    ;              ;         ; --         ;                 ; --       ; --           ;
; B10      ; 492        ; 8        ; vga_controller_B[0]                                       ; output ; 2.5 V        ;         ; Column I/O ; Y               ; no       ; Off          ;
; B11      ; 488        ; 8        ; vga_controller_B[3]                                       ; output ; 2.5 V        ;         ; Column I/O ; Y               ; no       ; Off          ;
; B12      ;            ;          ; GND                                                       ; gnd    ;              ;         ; --         ;                 ; --       ; --           ;
; B13      ;            ;          ; GND                                                       ; gnd    ;              ;         ; --         ;                 ; --       ; --           ;
; B14      ; 473        ; 8        ; video_decoder_TD_CLK27                                    ; input  ; 2.5 V        ;         ; Column I/O ; Y               ; no       ; Off          ;
; B15      ; 471        ; 7        ; GND+                                                      ;        ;              ;         ; Column I/O ;                 ; --       ; --           ;
; B16      ;            ;          ; GND                                                       ; gnd    ;              ;         ; --         ;                 ; --       ; --           ;
; B17      ; 463        ; 7        ; RESERVED_INPUT_WITH_WEAK_PULLUP                           ;        ;              ;         ; Column I/O ;                 ; no       ; On           ;
; B18      ; 443        ; 7        ; RESERVED_INPUT_WITH_WEAK_PULLUP                           ;        ;              ;         ; Column I/O ;                 ; no       ; On           ;
; B19      ; 441        ; 7        ; RESERVED_INPUT_WITH_WEAK_PULLUP                           ;        ;              ;         ; Column I/O ;                 ; no       ; On           ;
; B20      ;            ;          ; GND                                                       ; gnd    ;              ;         ; --         ;                 ; --       ; --           ;
; B21      ; 426        ; 7        ; RESERVED_INPUT_WITH_WEAK_PULLUP                           ;        ;              ;         ; Column I/O ;                 ; no       ; On           ;
; B22      ; 424        ; 7        ; RESERVED_INPUT_WITH_WEAK_PULLUP                           ;        ;              ;         ; Column I/O ;                 ; no       ; On           ;
; B23      ; 413        ; 7        ; RESERVED_INPUT_WITH_WEAK_PULLUP                           ;        ;              ;         ; Column I/O ;                 ; no       ; On           ;
; B24      ;            ;          ; GND                                                       ; gnd    ;              ;         ; --         ;                 ; --       ; --           ;
; B25      ; 406        ; 7        ; RESERVED_INPUT_WITH_WEAK_PULLUP                           ;        ;              ;         ; Column I/O ;                 ; no       ; On           ;
; B26      ; 401        ; 7        ; RESERVED_INPUT_WITH_WEAK_PULLUP                           ;        ;              ;         ; Column I/O ;                 ; no       ; On           ;
; B27      ;            ;          ; GND                                                       ; gnd    ;              ;         ; --         ;                 ; --       ; --           ;
; B28      ;            ; 6        ; VCCIO6                                                    ; power  ;              ; 2.5V    ; --         ;                 ; --       ; --           ;
; C1       ;            ;          ; GND                                                       ; gnd    ;              ;         ; --         ;                 ; --       ; --           ;
; C2       ; 1          ; 1        ; RESERVED_INPUT_WITH_WEAK_PULLUP                           ;        ;              ;         ; Row I/O    ;                 ; no       ; On           ;
; C3       ; 543        ; 8        ; RESERVED_INPUT_WITH_WEAK_PULLUP                           ;        ;              ;         ; Column I/O ;                 ; no       ; On           ;
; C4       ; 539        ; 8        ; RESERVED_INPUT_WITH_WEAK_PULLUP                           ;        ;              ;         ; Column I/O ;                 ; no       ; On           ;
; C5       ; 538        ; 8        ; RESERVED_INPUT_WITH_WEAK_PULLUP                           ;        ;              ;         ; Column I/O ;                 ; no       ; On           ;
; C6       ; 536        ; 8        ; RESERVED_INPUT_WITH_WEAK_PULLUP                           ;        ;              ;         ; Column I/O ;                 ; no       ; On           ;
; C7       ; 521        ; 8        ; video_decoder_TD_DATA[3]                                  ; input  ; 2.5 V        ;         ; Column I/O ; Y               ; no       ; Off          ;
; C8       ; 519        ; 8        ; vga_controller_G[4]                                       ; output ; 2.5 V        ;         ; Column I/O ; Y               ; no       ; Off          ;
; C9       ; 510        ; 8        ; vga_controller_G[7]                                       ; output ; 2.5 V        ;         ; Column I/O ; Y               ; no       ; Off          ;
; C10      ; 495        ; 8        ; vga_controller_SYNC                                       ; output ; 2.5 V        ;         ; Column I/O ; Y               ; no       ; Off          ;
; C11      ; 508        ; 8        ; vga_controller_B[2]                                       ; output ; 2.5 V        ;         ; Column I/O ; Y               ; no       ; Off          ;
; C12      ; 478        ; 8        ; vga_controller_B[5]                                       ; output ; 2.5 V        ;         ; Column I/O ; Y               ; no       ; Off          ;
; C13      ; 474        ; 8        ; vga_controller_VS                                         ; output ; 2.5 V        ;         ; Column I/O ; Y               ; no       ; Off          ;
; C14      ; 476        ; 8        ; RESERVED_INPUT_WITH_WEAK_PULLUP                           ;        ;              ;         ; Column I/O ;                 ; no       ; On           ;
; C15      ; 468        ; 7        ; RESERVED_INPUT_WITH_WEAK_PULLUP                           ;        ;              ;         ; Column I/O ;                 ; no       ; On           ;
; C16      ; 460        ; 7        ; RESERVED_INPUT_WITH_WEAK_PULLUP                           ;        ;              ;         ; Column I/O ;                 ; no       ; On           ;
; C17      ; 438        ; 7        ; RESERVED_INPUT_WITH_WEAK_PULLUP                           ;        ;              ;         ; Column I/O ;                 ; no       ; On           ;
; C18      ; 429        ; 7        ; RESERVED_INPUT_WITH_WEAK_PULLUP                           ;        ;              ;         ; Column I/O ;                 ; no       ; On           ;
; C19      ; 435        ; 7        ; RESERVED_INPUT_WITH_WEAK_PULLUP                           ;        ;              ;         ; Column I/O ;                 ; no       ; On           ;
; C20      ; 431        ; 7        ; RESERVED_INPUT_WITH_WEAK_PULLUP                           ;        ;              ;         ; Column I/O ;                 ; no       ; On           ;
; C21      ; 422        ; 7        ; RESERVED_INPUT_WITH_WEAK_PULLUP                           ;        ;              ;         ; Column I/O ;                 ; no       ; On           ;
; C22      ; 418        ; 7        ; RESERVED_INPUT_WITH_WEAK_PULLUP                           ;        ;              ;         ; Column I/O ;                 ; no       ; On           ;
; C23      ; 415        ; 7        ; RESERVED_INPUT_WITH_WEAK_PULLUP                           ;        ;              ;         ; Column I/O ;                 ; no       ; On           ;
; C24      ; 416        ; 7        ; RESERVED_INPUT_WITH_WEAK_PULLUP                           ;        ;              ;         ; Column I/O ;                 ; no       ; On           ;
; C25      ; 411        ; 7        ; RESERVED_INPUT_WITH_WEAK_PULLUP                           ;        ;              ;         ; Column I/O ;                 ; no       ; On           ;
; C26      ; 400        ; 7        ; RESERVED_INPUT_WITH_WEAK_PULLUP                           ;        ;              ;         ; Column I/O ;                 ; no       ; On           ;
; C27      ; 382        ; 6        ; RESERVED_INPUT_WITH_WEAK_PULLUP                           ;        ;              ;         ; Row I/O    ;                 ; no       ; On           ;
; C28      ;            ;          ; GND                                                       ; gnd    ;              ;         ; --         ;                 ; --       ; --           ;
; D1       ; 3          ; 1        ; RESERVED_INPUT_WITH_WEAK_PULLUP                           ;        ;              ;         ; Row I/O    ;                 ; no       ; On           ;
; D2       ; 2          ; 1        ; RESERVED_INPUT_WITH_WEAK_PULLUP                           ;        ;              ;         ; Row I/O    ;                 ; no       ; On           ;
; D3       ;            ;          ; GND                                                       ; gnd    ;              ;         ; --         ;                 ; --       ; --           ;
; D4       ; 540        ; 8        ; RESERVED_INPUT_WITH_WEAK_PULLUP                           ;        ;              ;         ; Column I/O ;                 ; no       ; On           ;
; D5       ; 537        ; 8        ; RESERVED_INPUT_WITH_WEAK_PULLUP                           ;        ;              ;         ; Column I/O ;                 ; no       ; On           ;
; D6       ; 524        ; 8        ; video_decoder_TD_DATA[5]                                  ; input  ; 2.5 V        ;         ; Column I/O ; Y               ; no       ; Off          ;
; D7       ; 522        ; 8        ; video_decoder_TD_DATA[4]                                  ; input  ; 2.5 V        ;         ; Column I/O ; Y               ; no       ; Off          ;
; D8       ; 520        ; 8        ; video_decoder_TD_DATA[2]                                  ; input  ; 2.5 V        ;         ; Column I/O ; Y               ; no       ; Off          ;
; D9       ; 511        ; 8        ; RESERVED_INPUT_WITH_WEAK_PULLUP                           ;        ;              ;         ; Column I/O ;                 ; no       ; On           ;
; D10      ; 496        ; 8        ; vga_controller_R[2]                                       ; output ; 2.5 V        ;         ; Column I/O ; Y               ; no       ; Off          ;
; D11      ; 509        ; 8        ; vga_controller_B[6]                                       ; output ; 2.5 V        ;         ; Column I/O ; Y               ; no       ; Off          ;
; D12      ; 479        ; 8        ; vga_controller_B[7]                                       ; output ; 2.5 V        ;         ; Column I/O ; Y               ; no       ; Off          ;
; D13      ; 475        ; 8        ; RESERVED_INPUT_WITH_WEAK_PULLUP                           ;        ;              ;         ; Column I/O ;                 ; no       ; On           ;
; D14      ; 477        ; 8        ; RESERVED_INPUT_WITH_WEAK_PULLUP                           ;        ;              ;         ; Column I/O ;                 ; no       ; On           ;
; D15      ; 469        ; 7        ; RESERVED_INPUT_WITH_WEAK_PULLUP                           ;        ;              ;         ; Column I/O ;                 ; no       ; On           ;
; D16      ; 461        ; 7        ; RESERVED_INPUT_WITH_WEAK_PULLUP                           ;        ;              ;         ; Column I/O ;                 ; no       ; On           ;
; D17      ; 439        ; 7        ; RESERVED_INPUT_WITH_WEAK_PULLUP                           ;        ;              ;         ; Column I/O ;                 ; no       ; On           ;
; D18      ; 430        ; 7        ; RESERVED_INPUT_WITH_WEAK_PULLUP                           ;        ;              ;         ; Column I/O ;                 ; no       ; On           ;
; D19      ; 436        ; 7        ; RESERVED_INPUT_WITH_WEAK_PULLUP                           ;        ;              ;         ; Column I/O ;                 ; no       ; On           ;
; D20      ; 432        ; 7        ; RESERVED_INPUT_WITH_WEAK_PULLUP                           ;        ;              ;         ; Column I/O ;                 ; no       ; On           ;
; D21      ; 419        ; 7        ; RESERVED_INPUT_WITH_WEAK_PULLUP                           ;        ;              ;         ; Column I/O ;                 ; no       ; On           ;
; D22      ; 402        ; 7        ; RESERVED_INPUT_WITH_WEAK_PULLUP                           ;        ;              ;         ; Column I/O ;                 ; no       ; On           ;
; D23      ; 414        ; 7        ; RESERVED_INPUT_WITH_WEAK_PULLUP                           ;        ;              ;         ; Column I/O ;                 ; no       ; On           ;
; D24      ; 417        ; 7        ; RESERVED_INPUT_WITH_WEAK_PULLUP                           ;        ;              ;         ; Column I/O ;                 ; no       ; On           ;
; D25      ; 410        ; 7        ; RESERVED_INPUT_WITH_WEAK_PULLUP                           ;        ;              ;         ; Column I/O ;                 ; no       ; On           ;
; D26      ; 383        ; 6        ; RESERVED_INPUT_WITH_WEAK_PULLUP                           ;        ;              ;         ; Row I/O    ;                 ; no       ; On           ;
; D27      ; 381        ; 6        ; RESERVED_INPUT_WITH_WEAK_PULLUP                           ;        ;              ;         ; Row I/O    ;                 ; no       ; On           ;
; D28      ; 380        ; 6        ; RESERVED_INPUT_WITH_WEAK_PULLUP                           ;        ;              ;         ; Row I/O    ;                 ; no       ; On           ;
; E1       ; 17         ; 1        ; RESERVED_INPUT_WITH_WEAK_PULLUP                           ;        ;              ;         ; Row I/O    ;                 ; no       ; On           ;
; E2       ; 16         ; 1        ; ~ALTERA_FLASH_nCE_nCSO~ / RESERVED_INPUT_WITH_WEAK_PULLUP ; input  ; 2.5 V        ;         ; Row I/O    ; N               ; no       ; On           ;
; E3       ; 7          ; 1        ; RESERVED_INPUT_WITH_WEAK_PULLUP                           ;        ;              ;         ; Row I/O    ;                 ; no       ; On           ;
; E4       ; 541        ; 8        ; video_decoder_TD_VS                                       ; input  ; 2.5 V        ;         ; Column I/O ; Y               ; no       ; Off          ;
; E5       ; 542        ; 8        ; video_decoder_TD_HS                                       ; input  ; 2.5 V        ;         ; Column I/O ; Y               ; no       ; Off          ;
; E6       ;            ; 8        ; VCCIO8                                                    ; power  ;              ; 2.5V    ; --         ;                 ; --       ; --           ;
; E7       ; 523        ; 8        ; video_decoder_TD_DATA[6]                                  ; input  ; 2.5 V        ;         ; Column I/O ; Y               ; no       ; Off          ;
; E8       ; 526        ; 8        ; video_decoder_TD_DATA[0]                                  ; input  ; 2.5 V        ;         ; Column I/O ; Y               ; no       ; Off          ;
; E9       ;            ; 8        ; VCCIO8                                                    ; power  ;              ; 2.5V    ; --         ;                 ; --       ; --           ;
; E10      ; 516        ; 8        ; RESERVED_INPUT_WITH_WEAK_PULLUP                           ;        ;              ;         ; Column I/O ;                 ; no       ; On           ;
; E11      ; 499        ; 8        ; vga_controller_R[1]                                       ; output ; 2.5 V        ;         ; Column I/O ; Y               ; no       ; Off          ;
; E12      ; 497        ; 8        ; vga_controller_R[0]                                       ; output ; 2.5 V        ;         ; Column I/O ; Y               ; no       ; Off          ;
; E13      ;            ; 8        ; VCCIO8                                                    ; power  ;              ; 2.5V    ; --         ;                 ; --       ; --           ;
; E14      ; 486        ; 8        ; RESERVED_INPUT_WITH_WEAK_PULLUP                           ;        ;              ;         ; Column I/O ;                 ; no       ; On           ;
; E15      ; 467        ; 7        ; RESERVED_INPUT_WITH_WEAK_PULLUP                           ;        ;              ;         ; Column I/O ;                 ; no       ; On           ;
; E16      ;            ; 7        ; VCCIO7                                                    ; power  ;              ; 2.5V    ; --         ;                 ; --       ; --           ;
; E17      ; 456        ; 7        ; RESERVED_INPUT_WITH_WEAK_PULLUP                           ;        ;              ;         ; Column I/O ;                 ; no       ; On           ;
; E18      ; 427        ; 7        ; RESERVED_INPUT_WITH_WEAK_PULLUP                           ;        ;              ;         ; Column I/O ;                 ; no       ; On           ;
; E19      ; 421        ; 7        ; RESERVED_INPUT_WITH_WEAK_PULLUP                           ;        ;              ;         ; Column I/O ;                 ; no       ; On           ;
; E20      ;            ; 7        ; VCCIO7                                                    ; power  ;              ; 2.5V    ; --         ;                 ; --       ; --           ;
; E21      ; 407        ; 7        ; RESERVED_INPUT_WITH_WEAK_PULLUP                           ;        ;              ;         ; Column I/O ;                 ; no       ; On           ;
; E22      ; 403        ; 7        ; RESERVED_INPUT_WITH_WEAK_PULLUP                           ;        ;              ;         ; Column I/O ;                 ; no       ; On           ;
; E23      ;            ; 7        ; VCCIO7                                                    ; power  ;              ; 2.5V    ; --         ;                 ; --       ; --           ;
; E24      ; 433        ; 7        ; RESERVED_INPUT_WITH_WEAK_PULLUP                           ;        ;              ;         ; Column I/O ;                 ; no       ; On           ;
; E25      ; 434        ; 7        ; RESERVED_INPUT_WITH_WEAK_PULLUP                           ;        ;              ;         ; Column I/O ;                 ; no       ; On           ;
; E26      ; 378        ; 6        ; RESERVED_INPUT_WITH_WEAK_PULLUP                           ;        ;              ;         ; Row I/O    ;                 ; no       ; On           ;
; E27      ; 375        ; 6        ; RESERVED_INPUT_WITH_WEAK_PULLUP                           ;        ;              ;         ; Row I/O    ;                 ; no       ; On           ;
; E28      ; 374        ; 6        ; RESERVED_INPUT_WITH_WEAK_PULLUP                           ;        ;              ;         ; Row I/O    ;                 ; no       ; On           ;
; F1       ; 19         ; 1        ; RESERVED_INPUT_WITH_WEAK_PULLUP                           ;        ;              ;         ; Row I/O    ;                 ; no       ; On           ;
; F2       ; 18         ; 1        ; RESERVED_INPUT_WITH_WEAK_PULLUP                           ;        ;              ;         ; Row I/O    ;                 ; no       ; On           ;
; F3       ; 8          ; 1        ; RESERVED_INPUT_WITH_WEAK_PULLUP                           ;        ;              ;         ; Row I/O    ;                 ; no       ; On           ;
; F4       ; 10         ; 1        ; ~ALTERA_ASDO_DATA1~ / RESERVED_INPUT_WITH_WEAK_PULLUP     ; input  ; 2.5 V        ;         ; Row I/O    ; N               ; no       ; On           ;
; F5       ; 9          ; 1        ; RESERVED_INPUT_WITH_WEAK_PULLUP                           ;        ;              ;         ; Row I/O    ;                 ; no       ; On           ;
; F6       ;            ;          ; GND                                                       ; gnd    ;              ;         ; --         ;                 ; --       ; --           ;
; F7       ; 531        ; 8        ; video_decoder_TD_DATA[7]                                  ; input  ; 2.5 V        ;         ; Column I/O ; Y               ; no       ; Off          ;
; F8       ; 527        ; 8        ; vga_controller_G[2]                                       ; output ; 2.5 V        ;         ; Column I/O ; Y               ; no       ; Off          ;
; F9       ;            ;          ; GND                                                       ; gnd    ;              ;         ; --         ;                 ; --       ; --           ;
; F10      ; 512        ; 8        ; vga_controller_G[6]                                       ; output ; 2.5 V        ;         ; Column I/O ; Y               ; no       ; Off          ;
; F11      ; 500        ; 8        ; vga_controller_BLANK                                      ; output ; 2.5 V        ;         ; Column I/O ; Y               ; no       ; Off          ;
; F12      ; 498        ; 8        ; vga_controller_R[3]                                       ; output ; 2.5 V        ;         ; Column I/O ; Y               ; no       ; Off          ;
; F13      ;            ;          ; GND                                                       ; gnd    ;              ;         ; --         ;                 ; --       ; --           ;
; F14      ; 485        ; 8        ; RESERVED_INPUT_WITH_WEAK_PULLUP                           ;        ;              ;         ; Column I/O ;                 ; no       ; On           ;
; F15      ; 466        ; 7        ; RESERVED_INPUT_WITH_WEAK_PULLUP                           ;        ;              ;         ; Column I/O ;                 ; no       ; On           ;
; F16      ;            ;          ; GND                                                       ; gnd    ;              ;         ; --         ;                 ; --       ; --           ;
; F17      ; 455        ; 7        ; RESERVED_INPUT_WITH_WEAK_PULLUP                           ;        ;              ;         ; Column I/O ;                 ; no       ; On           ;
; F18      ; 428        ; 7        ; RESERVED_INPUT_WITH_WEAK_PULLUP                           ;        ;              ;         ; Column I/O ;                 ; no       ; On           ;
; F19      ; 420        ; 7        ; RESERVED_INPUT_WITH_WEAK_PULLUP                           ;        ;              ;         ; Column I/O ;                 ; no       ; On           ;
; F20      ;            ;          ; GND                                                       ; gnd    ;              ;         ; --         ;                 ; --       ; --           ;
; F21      ; 408        ; 7        ; RESERVED_INPUT_WITH_WEAK_PULLUP                           ;        ;              ;         ; Column I/O ;                 ; no       ; On           ;
; F22      ; 409        ; 7        ; RESERVED_INPUT_WITH_WEAK_PULLUP                           ;        ;              ;         ; Column I/O ;                 ; --       ; --           ;
; F23      ;            ;          ; GND                                                       ; gnd    ;              ;         ; --         ;                 ; --       ; --           ;
; F24      ; 396        ; 6        ; RESERVED_INPUT_WITH_WEAK_PULLUP                           ;        ;              ;         ; Row I/O    ;                 ; no       ; On           ;
; F25      ; 395        ; 6        ; RESERVED_INPUT_WITH_WEAK_PULLUP                           ;        ;              ;         ; Row I/O    ;                 ; no       ; On           ;
; F26      ; 379        ; 6        ; RESERVED_INPUT_WITH_WEAK_PULLUP                           ;        ;              ;         ; Row I/O    ;                 ; no       ; On           ;
; F27      ; 373        ; 6        ; RESERVED_INPUT_WITH_WEAK_PULLUP                           ;        ;              ;         ; Row I/O    ;                 ; no       ; On           ;
; F28      ; 372        ; 6        ; RESERVED_INPUT_WITH_WEAK_PULLUP                           ;        ;              ;         ; Row I/O    ;                 ; no       ; On           ;
; G1       ; 26         ; 1        ; RESERVED_INPUT_WITH_WEAK_PULLUP                           ;        ;              ;         ; Row I/O    ;                 ; no       ; On           ;
; G2       ; 25         ; 1        ; RESERVED_INPUT_WITH_WEAK_PULLUP                           ;        ;              ;         ; Row I/O    ;                 ; no       ; On           ;
; G3       ; 13         ; 1        ; RESERVED_INPUT_WITH_WEAK_PULLUP                           ;        ;              ;         ; Row I/O    ;                 ; no       ; On           ;
; G4       ; 12         ; 1        ; RESERVED_INPUT_WITH_WEAK_PULLUP                           ;        ;              ;         ; Row I/O    ;                 ; no       ; On           ;
; G5       ; 6          ; 1        ; RESERVED_INPUT_WITH_WEAK_PULLUP                           ;        ;              ;         ; Row I/O    ;                 ; no       ; On           ;
; G6       ; 5          ; 1        ; RESERVED_INPUT_WITH_WEAK_PULLUP                           ;        ;              ;         ; Row I/O    ;                 ; no       ; On           ;
; G7       ; 530        ; 8        ; RESERVED_INPUT_WITH_WEAK_PULLUP                           ;        ;              ;         ; Column I/O ;                 ; no       ; On           ;
; G8       ; 528        ; 8        ; vga_controller_G[0]                                       ; output ; 2.5 V        ;         ; Column I/O ; Y               ; no       ; Off          ;
; G9       ; 525        ; 8        ; RESERVED_INPUT_WITH_WEAK_PULLUP                           ;        ;              ;         ; Column I/O ;                 ; --       ; --           ;
; G10      ; 513        ; 8        ; vga_controller_R[4]                                       ; output ; 2.5 V        ;         ; Column I/O ; Y               ; no       ; Off          ;
; G11      ; 506        ; 8        ; vga_controller_G[1]                                       ; output ; 2.5 V        ;         ; Column I/O ; Y               ; no       ; Off          ;
; G12      ; 503        ; 8        ; RESERVED_INPUT_WITH_WEAK_PULLUP                           ;        ;              ;         ; Column I/O ;                 ; --       ; --           ;
; G13      ; 493        ; 8        ; vga_controller_HS                                         ; output ; 2.5 V        ;         ; Column I/O ; Y               ; no       ; Off          ;
; G14      ; 484        ; 8        ; RESERVED_INPUT_WITH_WEAK_PULLUP                           ;        ;              ;         ; Column I/O ;                 ; --       ; --           ;
; G15      ; 457        ; 7        ; RESERVED_INPUT_WITH_WEAK_PULLUP                           ;        ;              ;         ; Column I/O ;                 ; --       ; --           ;
; G16      ; 453        ; 7        ; RESERVED_INPUT_WITH_WEAK_PULLUP                           ;        ;              ;         ; Column I/O ;                 ; no       ; On           ;
; G17      ; 437        ; 7        ; RESERVED_INPUT_WITH_WEAK_PULLUP                           ;        ;              ;         ; Column I/O ;                 ; --       ; --           ;
; G18      ; 452        ; 7        ; RESERVED_INPUT_WITH_WEAK_PULLUP                           ;        ;              ;         ; Column I/O ;                 ; no       ; On           ;
; G19      ; 451        ; 7        ; video_decoder_overflow_flag                               ; output ; 2.5 V        ;         ; Column I/O ; Y               ; no       ; Off          ;
; G20      ; 444        ; 7        ; RESERVED_INPUT_WITH_WEAK_PULLUP                           ;        ;              ;         ; Column I/O ;                 ; no       ; On           ;
; G21      ; 445        ; 7        ; RESERVED_INPUT_WITH_WEAK_PULLUP                           ;        ;              ;         ; Column I/O ;                 ; no       ; On           ;
; G22      ; 449        ; 7        ; RESERVED_INPUT_WITH_WEAK_PULLUP                           ;        ;              ;         ; Column I/O ;                 ; no       ; On           ;
; G23      ; 398        ; 6        ; RESERVED_INPUT_WITH_WEAK_PULLUP                           ;        ;              ;         ; Row I/O    ;                 ; no       ; On           ;
; G24      ; 397        ; 6        ; RESERVED_INPUT_WITH_WEAK_PULLUP                           ;        ;              ;         ; Row I/O    ;                 ; no       ; On           ;
; G25      ; 393        ; 6        ; RESERVED_INPUT_WITH_WEAK_PULLUP                           ;        ;              ;         ; Row I/O    ;                 ; no       ; On           ;
; G26      ; 392        ; 6        ; RESERVED_INPUT_WITH_WEAK_PULLUP                           ;        ;              ;         ; Row I/O    ;                 ; no       ; On           ;
; G27      ; 367        ; 6        ; RESERVED_INPUT_WITH_WEAK_PULLUP                           ;        ;              ;         ; Row I/O    ;                 ; no       ; On           ;
; G28      ; 366        ; 6        ; RESERVED_INPUT_WITH_WEAK_PULLUP                           ;        ;              ;         ; Row I/O    ;                 ; no       ; On           ;
; H1       ;            ; 1        ; VCCIO1                                                    ; power  ;              ; 2.5V    ; --         ;                 ; --       ; --           ;
; H2       ;            ;          ; GND                                                       ; gnd    ;              ;         ; --         ;                 ; --       ; --           ;
; H3       ; 15         ; 1        ; RESERVED_INPUT_WITH_WEAK_PULLUP                           ;        ;              ;         ; Row I/O    ;                 ; no       ; On           ;
; H4       ; 14         ; 1        ; RESERVED_INPUT_WITH_WEAK_PULLUP                           ;        ;              ;         ; Row I/O    ;                 ; no       ; On           ;
; H5       ; 20         ; 1        ; RESERVED_INPUT_WITH_WEAK_PULLUP                           ;        ;              ;         ; Row I/O    ;                 ; no       ; On           ;
; H6       ; 11         ; 1        ; RESERVED_INPUT_WITH_WEAK_PULLUP                           ;        ;              ;         ; Row I/O    ;                 ; no       ; On           ;
; H7       ; 4          ; 1        ; RESERVED_INPUT_WITH_WEAK_PULLUP                           ;        ;              ;         ; Row I/O    ;                 ; --       ; --           ;
; H8       ; 529        ; 8        ; vga_controller_R[6]                                       ; output ; 2.5 V        ;         ; Column I/O ; Y               ; no       ; Off          ;
; H9       ;            ;          ; GNDA3                                                     ; gnd    ;              ;         ; --         ;                 ; --       ; --           ;
; H10      ; 514        ; 8        ; vga_controller_R[7]                                       ; output ; 2.5 V        ;         ; Column I/O ; Y               ; no       ; Off          ;
; H11      ;            ; 8        ; VCCIO8                                                    ; power  ;              ; 2.5V    ; --         ;                 ; --       ; --           ;
; H12      ; 507        ; 8        ; vga_controller_G[3]                                       ; output ; 2.5 V        ;         ; Column I/O ; Y               ; no       ; Off          ;
; H13      ; 494        ; 8        ; RESERVED_INPUT_WITH_WEAK_PULLUP                           ;        ;              ;         ; Column I/O ;                 ; no       ; On           ;
; H14      ; 480        ; 8        ; RESERVED_INPUT_WITH_WEAK_PULLUP                           ;        ;              ;         ; Column I/O ;                 ; no       ; On           ;
; H15      ; 464        ; 7        ; RESERVED_INPUT_WITH_WEAK_PULLUP                           ;        ;              ;         ; Column I/O ;                 ; no       ; On           ;
; H16      ; 459        ; 7        ; RESERVED_INPUT_WITH_WEAK_PULLUP                           ;        ;              ;         ; Column I/O ;                 ; no       ; On           ;
; H17      ; 454        ; 7        ; RESERVED_INPUT_WITH_WEAK_PULLUP                           ;        ;              ;         ; Column I/O ;                 ; no       ; On           ;
; H18      ;            ; 7        ; VCCIO7                                                    ; power  ;              ; 2.5V    ; --         ;                 ; --       ; --           ;
; H19      ; 446        ; 7        ; RESERVED_INPUT_WITH_WEAK_PULLUP                           ;        ;              ;         ; Column I/O ;                 ; no       ; On           ;
; H20      ;            ;          ; GNDA2                                                     ; gnd    ;              ;         ; --         ;                 ; --       ; --           ;
; H21      ; 448        ; 7        ; RESERVED_INPUT_WITH_WEAK_PULLUP                           ;        ;              ;         ; Column I/O ;                 ; no       ; On           ;
; H22      ; 399        ; 6        ; RESERVED_INPUT_WITH_WEAK_PULLUP                           ;        ;              ;         ; Row I/O    ;                 ; no       ; On           ;
; H23      ; 391        ; 6        ; RESERVED_INPUT_WITH_WEAK_PULLUP                           ;        ;              ;         ; Row I/O    ;                 ; no       ; On           ;
; H24      ; 390        ; 6        ; RESERVED_INPUT_WITH_WEAK_PULLUP                           ;        ;              ;         ; Row I/O    ;                 ; no       ; On           ;
; H25      ; 377        ; 6        ; RESERVED_INPUT_WITH_WEAK_PULLUP                           ;        ;              ;         ; Row I/O    ;                 ; no       ; On           ;
; H26      ; 376        ; 6        ; RESERVED_INPUT_WITH_WEAK_PULLUP                           ;        ;              ;         ; Row I/O    ;                 ; no       ; On           ;
; H27      ;            ;          ; GND                                                       ; gnd    ;              ;         ; --         ;                 ; --       ; --           ;
; H28      ;            ; 6        ; VCCIO6                                                    ; power  ;              ; 2.5V    ; --         ;                 ; --       ; --           ;
; J1       ; 64         ; 1        ; GND+                                                      ;        ;              ;         ; Row I/O    ;                 ; --       ; --           ;
; J2       ;            ;          ; GND                                                       ; gnd    ;              ;         ; --         ;                 ; --       ; --           ;
; J3       ; 23         ; 1        ; RESERVED_INPUT_WITH_WEAK_PULLUP                           ;        ;              ;         ; Row I/O    ;                 ; no       ; On           ;
; J4       ; 22         ; 1        ; RESERVED_INPUT_WITH_WEAK_PULLUP                           ;        ;              ;         ; Row I/O    ;                 ; no       ; On           ;
; J5       ; 36         ; 1        ; RESERVED_INPUT_WITH_WEAK_PULLUP                           ;        ;              ;         ; Row I/O    ;                 ; no       ; On           ;
; J6       ; 35         ; 1        ; RESERVED_INPUT_WITH_WEAK_PULLUP                           ;        ;              ;         ; Row I/O    ;                 ; no       ; On           ;
; J7       ; 37         ; 1        ; RESERVED_INPUT_WITH_WEAK_PULLUP                           ;        ;              ;         ; Row I/O    ;                 ; no       ; On           ;
; J8       ;            ; --       ; VCCA3                                                     ; power  ;              ; 2.5V    ; --         ;                 ; --       ; --           ;
; J9       ;            ;          ; VCCD_PLL3                                                 ; power  ;              ; 1.2V    ; --         ;                 ; --       ; --           ;
; J10      ; 515        ; 8        ; RESERVED_INPUT_WITH_WEAK_PULLUP                           ;        ;              ;         ; Column I/O ;                 ; no       ; On           ;
; J11      ;            ;          ; GND                                                       ; gnd    ;              ;         ; --         ;                 ; --       ; --           ;
; J12      ; 490        ; 8        ; vga_controller_R[5]                                       ; output ; 2.5 V        ;         ; Column I/O ; Y               ; no       ; Off          ;
; J13      ; 489        ; 8        ; RESERVED_INPUT_WITH_WEAK_PULLUP                           ;        ;              ;         ; Column I/O ;                 ; no       ; On           ;
; J14      ; 481        ; 8        ; RESERVED_INPUT_WITH_WEAK_PULLUP                           ;        ;              ;         ; Column I/O ;                 ; no       ; On           ;
; J15      ; 465        ; 7        ; RESERVED_INPUT_WITH_WEAK_PULLUP                           ;        ;              ;         ; Column I/O ;                 ; no       ; On           ;
; J16      ; 458        ; 7        ; RESERVED_INPUT_WITH_WEAK_PULLUP                           ;        ;              ;         ; Column I/O ;                 ; no       ; On           ;
; J17      ; 450        ; 7        ; RESERVED_INPUT_WITH_WEAK_PULLUP                           ;        ;              ;         ; Column I/O ;                 ; no       ; On           ;
; J18      ;            ;          ; GND                                                       ; gnd    ;              ;         ; --         ;                 ; --       ; --           ;
; J19      ; 447        ; 7        ; RESERVED_INPUT_WITH_WEAK_PULLUP                           ;        ;              ;         ; Column I/O ;                 ; no       ; On           ;
; J20      ;            ;          ; VCCD_PLL2                                                 ; power  ;              ; 1.2V    ; --         ;                 ; --       ; --           ;
; J21      ;            ; --       ; VCCA2                                                     ; power  ;              ; 2.5V    ; --         ;                 ; --       ; --           ;
; J22      ; 394        ; 6        ; RESERVED_INPUT_WITH_WEAK_PULLUP                           ;        ;              ;         ; Row I/O    ;                 ; --       ; --           ;
; J23      ; 387        ; 6        ; RESERVED_INPUT_WITH_WEAK_PULLUP                           ;        ;              ;         ; Row I/O    ;                 ; no       ; On           ;
; J24      ; 386        ; 6        ; RESERVED_INPUT_WITH_WEAK_PULLUP                           ;        ;              ;         ; Row I/O    ;                 ; no       ; On           ;
; J25      ; 365        ; 6        ; RESERVED_INPUT_WITH_WEAK_PULLUP                           ;        ;              ;         ; Row I/O    ;                 ; no       ; On           ;
; J26      ; 364        ; 6        ; RESERVED_INPUT_WITH_WEAK_PULLUP                           ;        ;              ;         ; Row I/O    ;                 ; no       ; On           ;
; J27      ; 338        ; 6        ; GND+                                                      ;        ;              ;         ; Row I/O    ;                 ; --       ; --           ;
; J28      ; 337        ; 6        ; GND+                                                      ;        ;              ;         ; Row I/O    ;                 ; --       ; --           ;
; K1       ; 28         ; 1        ; RESERVED_INPUT_WITH_WEAK_PULLUP                           ;        ;              ;         ; Row I/O    ;                 ; no       ; On           ;
; K2       ; 27         ; 1        ; RESERVED_INPUT_WITH_WEAK_PULLUP                           ;        ;              ;         ; Row I/O    ;                 ; no       ; On           ;
; K3       ; 30         ; 1        ; RESERVED_INPUT_WITH_WEAK_PULLUP                           ;        ;              ;         ; Row I/O    ;                 ; no       ; On           ;
; K4       ; 29         ; 1        ; RESERVED_INPUT_WITH_WEAK_PULLUP                           ;        ;              ;         ; Row I/O    ;                 ; no       ; On           ;
; K5       ;            ; 1        ; VCCIO1                                                    ; power  ;              ; 2.5V    ; --         ;                 ; --       ; --           ;
; K6       ;            ;          ; GND                                                       ; gnd    ;              ;         ; --         ;                 ; --       ; --           ;
; K7       ; 38         ; 1        ; RESERVED_INPUT_WITH_WEAK_PULLUP                           ;        ;              ;         ; Row I/O    ;                 ; no       ; On           ;
; K8       ; 39         ; 1        ; RESERVED_INPUT_WITH_WEAK_PULLUP                           ;        ;              ;         ; Row I/O    ;                 ; no       ; On           ;
; K9       ;            ;          ; VCCINT                                                    ; power  ;              ; 1.2V    ; --         ;                 ; --       ; --           ;
; K10      ;            ;          ; GND                                                       ; gnd    ;              ;         ; --         ;                 ; --       ; --           ;
; K11      ;            ;          ; VCCINT                                                    ; power  ;              ; 1.2V    ; --         ;                 ; --       ; --           ;
; K12      ;            ;          ; GND                                                       ; gnd    ;              ;         ; --         ;                 ; --       ; --           ;
; K13      ;            ;          ; VCCINT                                                    ; power  ;              ; 1.2V    ; --         ;                 ; --       ; --           ;
; K14      ;            ;          ; GND                                                       ; gnd    ;              ;         ; --         ;                 ; --       ; --           ;
; K15      ;            ;          ; VCCINT                                                    ; power  ;              ; 1.2V    ; --         ;                 ; --       ; --           ;
; K16      ;            ;          ; GND                                                       ; gnd    ;              ;         ; --         ;                 ; --       ; --           ;
; K17      ;            ;          ; VCCINT                                                    ; power  ;              ; 1.2V    ; --         ;                 ; --       ; --           ;
; K18      ;            ;          ; GND                                                       ; gnd    ;              ;         ; --         ;                 ; --       ; --           ;
; K19      ;            ;          ; VCCINT                                                    ; power  ;              ; 1.2V    ; --         ;                 ; --       ; --           ;
; K20      ;            ;          ; GND                                                       ; gnd    ;              ;         ; --         ;                 ; --       ; --           ;
; K21      ; 389        ; 6        ; RESERVED_INPUT_WITH_WEAK_PULLUP                           ;        ;              ;         ; Row I/O    ;                 ; no       ; On           ;
; K22      ; 388        ; 6        ; RESERVED_INPUT_WITH_WEAK_PULLUP                           ;        ;              ;         ; Row I/O    ;                 ; no       ; On           ;
; K23      ;            ;          ; GND                                                       ; gnd    ;              ;         ; --         ;                 ; --       ; --           ;
; K24      ;            ; 6        ; VCCIO6                                                    ; power  ;              ; 2.5V    ; --         ;                 ; --       ; --           ;
; K25      ; 371        ; 6        ; RESERVED_INPUT_WITH_WEAK_PULLUP                           ;        ;              ;         ; Row I/O    ;                 ; no       ; On           ;
; K26      ; 370        ; 6        ; RESERVED_INPUT_WITH_WEAK_PULLUP                           ;        ;              ;         ; Row I/O    ;                 ; no       ; On           ;
; K27      ; 362        ; 6        ; RESERVED_INPUT_WITH_WEAK_PULLUP                           ;        ;              ;         ; Row I/O    ;                 ; no       ; On           ;
; K28      ; 361        ; 6        ; RESERVED_INPUT_WITH_WEAK_PULLUP                           ;        ;              ;         ; Row I/O    ;                 ; no       ; On           ;
; L1       ; 49         ; 1        ; RESERVED_INPUT_WITH_WEAK_PULLUP                           ;        ;              ;         ; Row I/O    ;                 ; no       ; On           ;
; L2       ; 48         ; 1        ; RESERVED_INPUT_WITH_WEAK_PULLUP                           ;        ;              ;         ; Row I/O    ;                 ; no       ; On           ;
; L3       ; 32         ; 1        ; RESERVED_INPUT_WITH_WEAK_PULLUP                           ;        ;              ;         ; Row I/O    ;                 ; no       ; On           ;
; L4       ; 31         ; 1        ; RESERVED_INPUT_WITH_WEAK_PULLUP                           ;        ;              ;         ; Row I/O    ;                 ; no       ; On           ;
; L5       ; 21         ; 1        ; RESERVED_INPUT_WITH_WEAK_PULLUP                           ;        ;              ;         ; Row I/O    ;                 ; --       ; --           ;
; L6       ; 43         ; 1        ; RESERVED_INPUT_WITH_WEAK_PULLUP                           ;        ;              ;         ; Row I/O    ;                 ; no       ; On           ;
; L7       ; 42         ; 1        ; RESERVED_INPUT_WITH_WEAK_PULLUP                           ;        ;              ;         ; Row I/O    ;                 ; no       ; On           ;
; L8       ; 40         ; 1        ; RESERVED_INPUT_WITH_WEAK_PULLUP                           ;        ;              ;         ; Row I/O    ;                 ; no       ; On           ;
; L9       ;            ;          ; GND                                                       ; gnd    ;              ;         ; --         ;                 ; --       ; --           ;
; L10      ;            ;          ; VCCINT                                                    ; power  ;              ; 1.2V    ; --         ;                 ; --       ; --           ;
; L11      ;            ;          ; GND                                                       ; gnd    ;              ;         ; --         ;                 ; --       ; --           ;
; L12      ;            ;          ; VCCINT                                                    ; power  ;              ; 1.2V    ; --         ;                 ; --       ; --           ;
; L13      ;            ;          ; GND                                                       ; gnd    ;              ;         ; --         ;                 ; --       ; --           ;
; L14      ;            ;          ; VCCINT                                                    ; power  ;              ; 1.2V    ; --         ;                 ; --       ; --           ;
; L15      ;            ;          ; GND                                                       ; gnd    ;              ;         ; --         ;                 ; --       ; --           ;
; L16      ;            ;          ; VCCINT                                                    ; power  ;              ; 1.2V    ; --         ;                 ; --       ; --           ;
; L17      ;            ;          ; GND                                                       ; gnd    ;              ;         ; --         ;                 ; --       ; --           ;
; L18      ;            ;          ; VCCINT                                                    ; power  ;              ; 1.2V    ; --         ;                 ; --       ; --           ;
; L19      ;            ;          ; GND                                                       ; gnd    ;              ;         ; --         ;                 ; --       ; --           ;
; L20      ;            ;          ; VCCINT                                                    ; power  ;              ; 1.2V    ; --         ;                 ; --       ; --           ;
; L21      ; 385        ; 6        ; RESERVED_INPUT_WITH_WEAK_PULLUP                           ;        ;              ;         ; Row I/O    ;                 ; no       ; On           ;
; L22      ; 384        ; 6        ; RESERVED_INPUT_WITH_WEAK_PULLUP                           ;        ;              ;         ; Row I/O    ;                 ; no       ; On           ;
; L23      ; 360        ; 6        ; RESERVED_INPUT_WITH_WEAK_PULLUP                           ;        ;              ;         ; Row I/O    ;                 ; no       ; On           ;
; L24      ; 359        ; 6        ; RESERVED_INPUT_WITH_WEAK_PULLUP                           ;        ;              ;         ; Row I/O    ;                 ; no       ; On           ;
; L25      ; 369        ; 6        ; RESERVED_INPUT_WITH_WEAK_PULLUP                           ;        ;              ;         ; Row I/O    ;                 ; no       ; On           ;
; L26      ; 363        ; 6        ; RESERVED_INPUT_WITH_WEAK_PULLUP                           ;        ;              ;         ; Row I/O    ;                 ; no       ; On           ;
; L27      ; 358        ; 6        ; RESERVED_INPUT_WITH_WEAK_PULLUP                           ;        ;              ;         ; Row I/O    ;                 ; no       ; On           ;
; L28      ; 357        ; 6        ; RESERVED_INPUT_WITH_WEAK_PULLUP                           ;        ;              ;         ; Row I/O    ;                 ; no       ; On           ;
; M1       ; 51         ; 1        ; RESERVED_INPUT_WITH_WEAK_PULLUP                           ;        ;              ;         ; Row I/O    ;                 ; no       ; On           ;
; M2       ; 50         ; 1        ; RESERVED_INPUT_WITH_WEAK_PULLUP                           ;        ;              ;         ; Row I/O    ;                 ; no       ; On           ;
; M3       ; 34         ; 1        ; RESERVED_INPUT_WITH_WEAK_PULLUP                           ;        ;              ;         ; Row I/O    ;                 ; no       ; On           ;
; M4       ; 33         ; 1        ; RESERVED_INPUT_WITH_WEAK_PULLUP                           ;        ;              ;         ; Row I/O    ;                 ; no       ; On           ;
; M5       ; 41         ; 1        ; RESERVED_INPUT_WITH_WEAK_PULLUP                           ;        ;              ;         ; Row I/O    ;                 ; --       ; --           ;
; M6       ; 24         ; 1        ; ^nSTATUS                                                  ;        ;              ;         ; --         ;                 ; --       ; --           ;
; M7       ; 47         ; 1        ; RESERVED_INPUT_WITH_WEAK_PULLUP                           ;        ;              ;         ; Row I/O    ;                 ; no       ; On           ;
; M8       ; 46         ; 1        ; RESERVED_INPUT_WITH_WEAK_PULLUP                           ;        ;              ;         ; Row I/O    ;                 ; no       ; On           ;
; M9       ;            ;          ; VCCINT                                                    ; power  ;              ; 1.2V    ; --         ;                 ; --       ; --           ;
; M10      ;            ;          ; GND                                                       ; gnd    ;              ;         ; --         ;                 ; --       ; --           ;
; M11      ;            ;          ; VCCINT                                                    ; power  ;              ; 1.2V    ; --         ;                 ; --       ; --           ;
; M12      ;            ;          ; GND                                                       ; gnd    ;              ;         ; --         ;                 ; --       ; --           ;
; M13      ;            ;          ; VCCINT                                                    ; power  ;              ; 1.2V    ; --         ;                 ; --       ; --           ;
; M14      ;            ;          ; GND                                                       ; gnd    ;              ;         ; --         ;                 ; --       ; --           ;
; M15      ;            ;          ; VCCINT                                                    ; power  ;              ; 1.2V    ; --         ;                 ; --       ; --           ;
; M16      ;            ;          ; GND                                                       ; gnd    ;              ;         ; --         ;                 ; --       ; --           ;
; M17      ;            ;          ; VCCINT                                                    ; power  ;              ; 1.2V    ; --         ;                 ; --       ; --           ;
; M18      ;            ;          ; GND                                                       ; gnd    ;              ;         ; --         ;                 ; --       ; --           ;
; M19      ;            ;          ; VCCINT                                                    ; power  ;              ; 1.2V    ; --         ;                 ; --       ; --           ;
; M20      ;            ;          ; GND                                                       ; gnd    ;              ;         ; --         ;                 ; --       ; --           ;
; M21      ; 368        ; 6        ; RESERVED_INPUT_WITH_WEAK_PULLUP                           ;        ;              ;         ; Row I/O    ;                 ; --       ; --           ;
; M22      ; 342        ; 6        ; ^MSEL2                                                    ;        ;              ;         ; --         ;                 ; --       ; --           ;
; M23      ; 344        ; 6        ; reset_reset_n                                             ; input  ; 2.5 V        ;         ; Row I/O    ; Y               ; no       ; Off          ;
; M24      ; 347        ; 6        ; RESERVED_INPUT_WITH_WEAK_PULLUP                           ;        ;              ;         ; Row I/O    ;                 ; no       ; On           ;
; M25      ; 356        ; 6        ; RESERVED_INPUT_WITH_WEAK_PULLUP                           ;        ;              ;         ; Row I/O    ;                 ; no       ; On           ;
; M26      ; 355        ; 6        ; RESERVED_INPUT_WITH_WEAK_PULLUP                           ;        ;              ;         ; Row I/O    ;                 ; no       ; On           ;
; M27      ; 354        ; 6        ; RESERVED_INPUT_WITH_WEAK_PULLUP                           ;        ;              ;         ; Row I/O    ;                 ; no       ; On           ;
; M28      ; 353        ; 6        ; RESERVED_INPUT_WITH_WEAK_PULLUP                           ;        ;              ;         ; Row I/O    ;                 ; no       ; On           ;
; N1       ;            ; 1        ; VCCIO1                                                    ; power  ;              ; 2.5V    ; --         ;                 ; --       ; --           ;
; N2       ;            ;          ; GND                                                       ; gnd    ;              ;         ; --         ;                 ; --       ; --           ;
; N3       ; 45         ; 1        ; RESERVED_INPUT_WITH_WEAK_PULLUP                           ;        ;              ;         ; Row I/O    ;                 ; no       ; On           ;
; N4       ; 44         ; 1        ; RESERVED_INPUT_WITH_WEAK_PULLUP                           ;        ;              ;         ; Row I/O    ;                 ; no       ; On           ;
; N5       ;            ; 1        ; VCCIO1                                                    ; power  ;              ; 2.5V    ; --         ;                 ; --       ; --           ;
; N6       ;            ;          ; GND                                                       ; gnd    ;              ;         ; --         ;                 ; --       ; --           ;
; N7       ; 56         ; 1        ; ~ALTERA_DATA0~ / RESERVED_INPUT_WITH_WEAK_PULLUP          ; input  ; 2.5 V        ;         ; Row I/O    ; N               ; no       ; On           ;
; N8       ; 54         ; 1        ; RESERVED_INPUT_WITH_WEAK_PULLUP                           ;        ;              ;         ; Row I/O    ;                 ; no       ; On           ;
; N9       ;            ;          ; GND                                                       ; gnd    ;              ;         ; --         ;                 ; --       ; --           ;
; N10      ;            ;          ; VCCINT                                                    ; power  ;              ; 1.2V    ; --         ;                 ; --       ; --           ;
; N11      ;            ;          ; GND                                                       ; gnd    ;              ;         ; --         ;                 ; --       ; --           ;
; N12      ;            ;          ; VCCINT                                                    ; power  ;              ; 1.2V    ; --         ;                 ; --       ; --           ;
; N13      ;            ;          ; GND                                                       ; gnd    ;              ;         ; --         ;                 ; --       ; --           ;
; N14      ;            ;          ; VCCINT                                                    ; power  ;              ; 1.2V    ; --         ;                 ; --       ; --           ;
; N15      ;            ;          ; GND                                                       ; gnd    ;              ;         ; --         ;                 ; --       ; --           ;
; N16      ;            ;          ; VCCINT                                                    ; power  ;              ; 1.2V    ; --         ;                 ; --       ; --           ;
; N17      ;            ;          ; GND                                                       ; gnd    ;              ;         ; --         ;                 ; --       ; --           ;
; N18      ;            ;          ; VCCINT                                                    ; power  ;              ; 1.2V    ; --         ;                 ; --       ; --           ;
; N19      ;            ;          ; GND                                                       ; gnd    ;              ;         ; --         ;                 ; --       ; --           ;
; N20      ;            ;          ; VCCINT                                                    ; power  ;              ; 1.2V    ; --         ;                 ; --       ; --           ;
; N21      ; 348        ; 6        ; RESERVED_INPUT_WITH_WEAK_PULLUP                           ;        ;              ;         ; Row I/O    ;                 ; --       ; --           ;
; N22      ; 340        ; 6        ; ^MSEL0                                                    ;        ;              ;         ; --         ;                 ; --       ; --           ;
; N23      ;            ;          ; GND                                                       ; gnd    ;              ;         ; --         ;                 ; --       ; --           ;
; N24      ;            ; 6        ; VCCIO6                                                    ; power  ;              ; 2.5V    ; --         ;                 ; --       ; --           ;
; N25      ; 352        ; 6        ; RESERVED_INPUT_WITH_WEAK_PULLUP                           ;        ;              ;         ; Row I/O    ;                 ; no       ; On           ;
; N26      ; 351        ; 6        ; RESERVED_INPUT_WITH_WEAK_PULLUP                           ;        ;              ;         ; Row I/O    ;                 ; no       ; On           ;
; N27      ;            ;          ; GND                                                       ; gnd    ;              ;         ; --         ;                 ; --       ; --           ;
; N28      ;            ; 6        ; VCCIO6                                                    ; power  ;              ; 2.5V    ; --         ;                 ; --       ; --           ;
; P1       ; 53         ; 1        ; RESERVED_INPUT_WITH_WEAK_PULLUP                           ;        ;              ;         ; Row I/O    ;                 ; no       ; On           ;
; P2       ; 52         ; 1        ; RESERVED_INPUT_WITH_WEAK_PULLUP                           ;        ;              ;         ; Row I/O    ;                 ; no       ; On           ;
; P3       ; 55         ; 1        ; ~ALTERA_DCLK~                                             ; output ; 2.5 V        ;         ; Row I/O    ; N               ; no       ; On           ;
; P4       ; 57         ; 1        ; ^nCONFIG                                                  ;        ;              ;         ; --         ;                 ; --       ; --           ;
; P5       ; 59         ; 1        ; altera_reserved_tck                                       ; input  ; 2.5 V        ;         ; --         ; N               ; no       ; Off          ;
; P6       ; 61         ; 1        ; altera_reserved_tdo                                       ; output ; 2.5 V        ;         ; --         ; N               ; no       ; Off          ;
; P7       ; 58         ; 1        ; altera_reserved_tdi                                       ; input  ; 2.5 V        ;         ; --         ; N               ; no       ; Off          ;
; P8       ; 60         ; 1        ; altera_reserved_tms                                       ; input  ; 2.5 V        ;         ; --         ; N               ; no       ; Off          ;
; P9       ;            ;          ; VCCINT                                                    ; power  ;              ; 1.2V    ; --         ;                 ; --       ; --           ;
; P10      ;            ;          ; GND                                                       ; gnd    ;              ;         ; --         ;                 ; --       ; --           ;
; P11      ;            ;          ; VCCINT                                                    ; power  ;              ; 1.2V    ; --         ;                 ; --       ; --           ;
; P12      ;            ;          ; GND                                                       ; gnd    ;              ;         ; --         ;                 ; --       ; --           ;
; P13      ;            ;          ; VCCINT                                                    ; power  ;              ; 1.2V    ; --         ;                 ; --       ; --           ;
; P14      ;            ;          ; GND                                                       ; gnd    ;              ;         ; --         ;                 ; --       ; --           ;
; P15      ;            ;          ; VCCINT                                                    ; power  ;              ; 1.2V    ; --         ;                 ; --       ; --           ;
; P16      ;            ;          ; GND                                                       ; gnd    ;              ;         ; --         ;                 ; --       ; --           ;
; P17      ;            ;          ; VCCINT                                                    ; power  ;              ; 1.2V    ; --         ;                 ; --       ; --           ;
; P18      ;            ;          ; GND                                                       ; gnd    ;              ;         ; --         ;                 ; --       ; --           ;
; P19      ;            ;          ; VCCINT                                                    ; power  ;              ; 1.2V    ; --         ;                 ; --       ; --           ;
; P20      ;            ;          ; GND                                                       ; gnd    ;              ;         ; --         ;                 ; --       ; --           ;
; P21      ; 334        ; 5        ; RESERVED_INPUT_WITH_WEAK_PULLUP                           ;        ;              ;         ; Row I/O    ;                 ; no       ; On           ;
; P22      ; 343        ; 6        ; ^MSEL3                                                    ;        ;              ;         ; --         ;                 ; --       ; --           ;
; P23      ; 341        ; 6        ; ^MSEL1                                                    ;        ;              ;         ; --         ;                 ; --       ; --           ;
; P24      ; 339        ; 6        ; ^CONF_DONE                                                ;        ;              ;         ; --         ;                 ; --       ; --           ;
; P25      ; 346        ; 6        ; RESERVED_INPUT_WITH_WEAK_PULLUP                           ;        ;              ;         ; Row I/O    ;                 ; no       ; On           ;
; P26      ; 345        ; 6        ; RESERVED_INPUT_WITH_WEAK_PULLUP                           ;        ;              ;         ; Row I/O    ;                 ; no       ; On           ;
; P27      ; 350        ; 6        ; RESERVED_INPUT_WITH_WEAK_PULLUP                           ;        ;              ;         ; Row I/O    ;                 ; no       ; On           ;
; P28      ; 349        ; 6        ; ~ALTERA_nCEO~ / RESERVED_OUTPUT_OPEN_DRAIN                ; output ; 2.5 V        ;         ; Row I/O    ; N               ; no       ; Off          ;
; R1       ; 68         ; 2        ; RESERVED_INPUT_WITH_WEAK_PULLUP                           ;        ;              ;         ; Row I/O    ;                 ; no       ; On           ;
; R2       ; 67         ; 2        ; RESERVED_INPUT_WITH_WEAK_PULLUP                           ;        ;              ;         ; Row I/O    ;                 ; no       ; On           ;
; R3       ; 73         ; 2        ; RESERVED_INPUT_WITH_WEAK_PULLUP                           ;        ;              ;         ; Row I/O    ;                 ; no       ; On           ;
; R4       ; 74         ; 2        ; RESERVED_INPUT_WITH_WEAK_PULLUP                           ;        ;              ;         ; Row I/O    ;                 ; no       ; On           ;
; R5       ; 77         ; 2        ; RESERVED_INPUT_WITH_WEAK_PULLUP                           ;        ;              ;         ; Row I/O    ;                 ; no       ; On           ;
; R6       ; 70         ; 2        ; RESERVED_INPUT_WITH_WEAK_PULLUP                           ;        ;              ;         ; Row I/O    ;                 ; no       ; On           ;
; R7       ; 69         ; 2        ; RESERVED_INPUT_WITH_WEAK_PULLUP                           ;        ;              ;         ; Row I/O    ;                 ; no       ; On           ;
; R8       ; 62         ; 1        ; ^nCE                                                      ;        ;              ;         ; --         ;                 ; --       ; --           ;
; R9       ;            ;          ; GND                                                       ; gnd    ;              ;         ; --         ;                 ; --       ; --           ;
; R10      ;            ;          ; VCCINT                                                    ; power  ;              ; 1.2V    ; --         ;                 ; --       ; --           ;
; R11      ;            ;          ; GND                                                       ; gnd    ;              ;         ; --         ;                 ; --       ; --           ;
; R12      ;            ;          ; VCCINT                                                    ; power  ;              ; 1.2V    ; --         ;                 ; --       ; --           ;
; R13      ;            ;          ; GND                                                       ; gnd    ;              ;         ; --         ;                 ; --       ; --           ;
; R14      ;            ;          ; VCCINT                                                    ; power  ;              ; 1.2V    ; --         ;                 ; --       ; --           ;
; R15      ;            ;          ; GND                                                       ; gnd    ;              ;         ; --         ;                 ; --       ; --           ;
; R16      ;            ;          ; VCCINT                                                    ; power  ;              ; 1.2V    ; --         ;                 ; --       ; --           ;
; R17      ;            ;          ; GND                                                       ; gnd    ;              ;         ; --         ;                 ; --       ; --           ;
; R18      ;            ;          ; VCCINT                                                    ; power  ;              ; 1.2V    ; --         ;                 ; --       ; --           ;
; R19      ;            ;          ; GND                                                       ; gnd    ;              ;         ; --         ;                 ; --       ; --           ;
; R20      ;            ;          ; VCCINT                                                    ; power  ;              ; 1.2V    ; --         ;                 ; --       ; --           ;
; R21      ; 333        ; 5        ; RESERVED_INPUT_WITH_WEAK_PULLUP                           ;        ;              ;         ; Row I/O    ;                 ; no       ; On           ;
; R22      ; 332        ; 5        ; RESERVED_INPUT_WITH_WEAK_PULLUP                           ;        ;              ;         ; Row I/O    ;                 ; no       ; On           ;
; R23      ; 331        ; 5        ; RESERVED_INPUT_WITH_WEAK_PULLUP                           ;        ;              ;         ; Row I/O    ;                 ; no       ; On           ;
; R24      ; 330        ; 5        ; RESERVED_INPUT_WITH_WEAK_PULLUP                           ;        ;              ;         ; Row I/O    ;                 ; no       ; On           ;
; R25      ; 327        ; 5        ; RESERVED_INPUT_WITH_WEAK_PULLUP                           ;        ;              ;         ; Row I/O    ;                 ; no       ; On           ;
; R26      ; 326        ; 5        ; RESERVED_INPUT_WITH_WEAK_PULLUP                           ;        ;              ;         ; Row I/O    ;                 ; no       ; On           ;
; R27      ; 329        ; 5        ; RESERVED_INPUT_WITH_WEAK_PULLUP                           ;        ;              ;         ; Row I/O    ;                 ; no       ; On           ;
; R28      ; 328        ; 5        ; RESERVED_INPUT_WITH_WEAK_PULLUP                           ;        ;              ;         ; Row I/O    ;                 ; no       ; On           ;
; T1       ;            ; 2        ; VCCIO2                                                    ; power  ;              ; 2.5V    ; --         ;                 ; --       ; --           ;
; T2       ;            ;          ; GND                                                       ; gnd    ;              ;         ; --         ;                 ; --       ; --           ;
; T3       ; 76         ; 2        ; RESERVED_INPUT_WITH_WEAK_PULLUP                           ;        ;              ;         ; Row I/O    ;                 ; no       ; On           ;
; T4       ; 75         ; 2        ; RESERVED_INPUT_WITH_WEAK_PULLUP                           ;        ;              ;         ; Row I/O    ;                 ; no       ; On           ;
; T5       ;            ; 2        ; VCCIO2                                                    ; power  ;              ; 2.5V    ; --         ;                 ; --       ; --           ;
; T6       ;            ;          ; GND                                                       ; gnd    ;              ;         ; --         ;                 ; --       ; --           ;
; T7       ; 78         ; 2        ; sram_ADDR[9]                                              ; output ; 2.5 V        ;         ; Row I/O    ; Y               ; no       ; Off          ;
; T8       ; 100        ; 2        ; sram_ADDR[19]                                             ; output ; 2.5 V        ;         ; Row I/O    ; Y               ; no       ; Off          ;
; T9       ;            ;          ; VCCINT                                                    ; power  ;              ; 1.2V    ; --         ;                 ; --       ; --           ;
; T10      ;            ;          ; GND                                                       ; gnd    ;              ;         ; --         ;                 ; --       ; --           ;
; T11      ;            ;          ; VCCINT                                                    ; power  ;              ; 1.2V    ; --         ;                 ; --       ; --           ;
; T12      ;            ;          ; GND                                                       ; gnd    ;              ;         ; --         ;                 ; --       ; --           ;
; T13      ;            ;          ; VCCINT                                                    ; power  ;              ; 1.2V    ; --         ;                 ; --       ; --           ;
; T14      ;            ;          ; GND                                                       ; gnd    ;              ;         ; --         ;                 ; --       ; --           ;
; T15      ;            ;          ; VCCINT                                                    ; power  ;              ; 1.2V    ; --         ;                 ; --       ; --           ;
; T16      ;            ;          ; GND                                                       ; gnd    ;              ;         ; --         ;                 ; --       ; --           ;
; T17      ;            ;          ; VCCINT                                                    ; power  ;              ; 1.2V    ; --         ;                 ; --       ; --           ;
; T18      ;            ;          ; GND                                                       ; gnd    ;              ;         ; --         ;                 ; --       ; --           ;
; T19      ;            ;          ; VCCINT                                                    ; power  ;              ; 1.2V    ; --         ;                 ; --       ; --           ;
; T20      ;            ;          ; GND                                                       ; gnd    ;              ;         ; --         ;                 ; --       ; --           ;
; T21      ; 325        ; 5        ; RESERVED_INPUT_WITH_WEAK_PULLUP                           ;        ;              ;         ; Row I/O    ;                 ; no       ; On           ;
; T22      ; 324        ; 5        ; RESERVED_INPUT_WITH_WEAK_PULLUP                           ;        ;              ;         ; Row I/O    ;                 ; no       ; On           ;
; T23      ;            ;          ; GND                                                       ; gnd    ;              ;         ; --         ;                 ; --       ; --           ;
; T24      ;            ; 5        ; VCCIO5                                                    ; power  ;              ; 2.5V    ; --         ;                 ; --       ; --           ;
; T25      ; 323        ; 5        ; RESERVED_INPUT_WITH_WEAK_PULLUP                           ;        ;              ;         ; Row I/O    ;                 ; no       ; On           ;
; T26      ; 322        ; 5        ; RESERVED_INPUT_WITH_WEAK_PULLUP                           ;        ;              ;         ; Row I/O    ;                 ; no       ; On           ;
; T27      ;            ;          ; GND                                                       ; gnd    ;              ;         ; --         ;                 ; --       ; --           ;
; T28      ;            ; 5        ; VCCIO5                                                    ; power  ;              ; 2.5V    ; --         ;                 ; --       ; --           ;
; U1       ; 80         ; 2        ; RESERVED_INPUT_WITH_WEAK_PULLUP                           ;        ;              ;         ; Row I/O    ;                 ; no       ; On           ;
; U2       ; 79         ; 2        ; RESERVED_INPUT_WITH_WEAK_PULLUP                           ;        ;              ;         ; Row I/O    ;                 ; no       ; On           ;
; U3       ; 71         ; 2        ; RESERVED_INPUT_WITH_WEAK_PULLUP                           ;        ;              ;         ; Row I/O    ;                 ; no       ; On           ;
; U4       ; 72         ; 2        ; RESERVED_INPUT_WITH_WEAK_PULLUP                           ;        ;              ;         ; Row I/O    ;                 ; no       ; On           ;
; U5       ; 90         ; 2        ; RESERVED_INPUT_WITH_WEAK_PULLUP                           ;        ;              ;         ; Row I/O    ;                 ; no       ; On           ;
; U6       ; 89         ; 2        ; RESERVED_INPUT_WITH_WEAK_PULLUP                           ;        ;              ;         ; Row I/O    ;                 ; no       ; On           ;
; U7       ; 103        ; 2        ; RESERVED_INPUT_WITH_WEAK_PULLUP                           ;        ;              ;         ; Row I/O    ;                 ; no       ; On           ;
; U8       ; 104        ; 2        ; RESERVED_INPUT_WITH_WEAK_PULLUP                           ;        ;              ;         ; Row I/O    ;                 ; no       ; On           ;
; U9       ;            ;          ; GND                                                       ; gnd    ;              ;         ; --         ;                 ; --       ; --           ;
; U10      ;            ;          ; VCCINT                                                    ; power  ;              ; 1.2V    ; --         ;                 ; --       ; --           ;
; U11      ;            ;          ; GND                                                       ; gnd    ;              ;         ; --         ;                 ; --       ; --           ;
; U12      ;            ;          ; VCCINT                                                    ; power  ;              ; 1.2V    ; --         ;                 ; --       ; --           ;
; U13      ;            ;          ; GND                                                       ; gnd    ;              ;         ; --         ;                 ; --       ; --           ;
; U14      ;            ;          ; VCCINT                                                    ; power  ;              ; 1.2V    ; --         ;                 ; --       ; --           ;
; U15      ;            ;          ; GND                                                       ; gnd    ;              ;         ; --         ;                 ; --       ; --           ;
; U16      ;            ;          ; VCCINT                                                    ; power  ;              ; 1.2V    ; --         ;                 ; --       ; --           ;
; U17      ;            ;          ; GND                                                       ; gnd    ;              ;         ; --         ;                 ; --       ; --           ;
; U18      ;            ;          ; VCCINT                                                    ; power  ;              ; 1.2V    ; --         ;                 ; --       ; --           ;
; U19      ;            ;          ; GND                                                       ; gnd    ;              ;         ; --         ;                 ; --       ; --           ;
; U20      ;            ;          ; VCCINT                                                    ; power  ;              ; 1.2V    ; --         ;                 ; --       ; --           ;
; U21      ; 319        ; 5        ; RESERVED_INPUT_WITH_WEAK_PULLUP                           ;        ;              ;         ; Row I/O    ;                 ; no       ; On           ;
; U22      ; 313        ; 5        ; RESERVED_INPUT_WITH_WEAK_PULLUP                           ;        ;              ;         ; Row I/O    ;                 ; no       ; On           ;
; U23      ; 305        ; 5        ; RESERVED_INPUT_WITH_WEAK_PULLUP                           ;        ;              ;         ; Row I/O    ;                 ; --       ; --           ;
; U24      ; 316        ; 5        ; RESERVED_INPUT_WITH_WEAK_PULLUP                           ;        ;              ;         ; Row I/O    ;                 ; --       ; --           ;
; U25      ; 315        ; 5        ; RESERVED_INPUT_WITH_WEAK_PULLUP                           ;        ;              ;         ; Row I/O    ;                 ; no       ; On           ;
; U26      ; 314        ; 5        ; RESERVED_INPUT_WITH_WEAK_PULLUP                           ;        ;              ;         ; Row I/O    ;                 ; no       ; On           ;
; U27      ; 318        ; 5        ; RESERVED_INPUT_WITH_WEAK_PULLUP                           ;        ;              ;         ; Row I/O    ;                 ; no       ; On           ;
; U28      ; 317        ; 5        ; RESERVED_INPUT_WITH_WEAK_PULLUP                           ;        ;              ;         ; Row I/O    ;                 ; no       ; On           ;
; V1       ; 84         ; 2        ; RESERVED_INPUT_WITH_WEAK_PULLUP                           ;        ;              ;         ; Row I/O    ;                 ; no       ; On           ;
; V2       ; 83         ; 2        ; RESERVED_INPUT_WITH_WEAK_PULLUP                           ;        ;              ;         ; Row I/O    ;                 ; no       ; On           ;
; V3       ; 82         ; 2        ; RESERVED_INPUT_WITH_WEAK_PULLUP                           ;        ;              ;         ; Row I/O    ;                 ; no       ; On           ;
; V4       ; 81         ; 2        ; RESERVED_INPUT_WITH_WEAK_PULLUP                           ;        ;              ;         ; Row I/O    ;                 ; no       ; On           ;
; V5       ; 108        ; 2        ; RESERVED_INPUT_WITH_WEAK_PULLUP                           ;        ;              ;         ; Row I/O    ;                 ; no       ; On           ;
; V6       ; 107        ; 2        ; RESERVED_INPUT_WITH_WEAK_PULLUP                           ;        ;              ;         ; Row I/O    ;                 ; no       ; On           ;
; V7       ; 110        ; 2        ; RESERVED_INPUT_WITH_WEAK_PULLUP                           ;        ;              ;         ; Row I/O    ;                 ; no       ; On           ;
; V8       ; 109        ; 2        ; RESERVED_INPUT_WITH_WEAK_PULLUP                           ;        ;              ;         ; Row I/O    ;                 ; no       ; On           ;
; V9       ;            ;          ; VCCINT                                                    ; power  ;              ; 1.2V    ; --         ;                 ; --       ; --           ;
; V10      ;            ;          ; GND                                                       ; gnd    ;              ;         ; --         ;                 ; --       ; --           ;
; V11      ;            ;          ; VCCINT                                                    ; power  ;              ; 1.2V    ; --         ;                 ; --       ; --           ;
; V12      ;            ;          ; GND                                                       ; gnd    ;              ;         ; --         ;                 ; --       ; --           ;
; V13      ;            ;          ; VCCINT                                                    ; power  ;              ; 1.2V    ; --         ;                 ; --       ; --           ;
; V14      ;            ;          ; GND                                                       ; gnd    ;              ;         ; --         ;                 ; --       ; --           ;
; V15      ;            ;          ; VCCINT                                                    ; power  ;              ; 1.2V    ; --         ;                 ; --       ; --           ;
; V16      ;            ;          ; GND                                                       ; gnd    ;              ;         ; --         ;                 ; --       ; --           ;
; V17      ;            ;          ; VCCINT                                                    ; power  ;              ; 1.2V    ; --         ;                 ; --       ; --           ;
; V18      ;            ;          ; GND                                                       ; gnd    ;              ;         ; --         ;                 ; --       ; --           ;
; V19      ;            ;          ; VCCINT                                                    ; power  ;              ; 1.2V    ; --         ;                 ; --       ; --           ;
; V20      ;            ;          ; GND                                                       ; gnd    ;              ;         ; --         ;                 ; --       ; --           ;
; V21      ; 311        ; 5        ; RESERVED_INPUT_WITH_WEAK_PULLUP                           ;        ;              ;         ; Row I/O    ;                 ; no       ; On           ;
; V22      ; 312        ; 5        ; RESERVED_INPUT_WITH_WEAK_PULLUP                           ;        ;              ;         ; Row I/O    ;                 ; no       ; On           ;
; V23      ; 309        ; 5        ; RESERVED_INPUT_WITH_WEAK_PULLUP                           ;        ;              ;         ; Row I/O    ;                 ; no       ; On           ;
; V24      ; 308        ; 5        ; RESERVED_INPUT_WITH_WEAK_PULLUP                           ;        ;              ;         ; Row I/O    ;                 ; no       ; On           ;
; V25      ; 307        ; 5        ; RESERVED_INPUT_WITH_WEAK_PULLUP                           ;        ;              ;         ; Row I/O    ;                 ; no       ; On           ;
; V26      ; 306        ; 5        ; RESERVED_INPUT_WITH_WEAK_PULLUP                           ;        ;              ;         ; Row I/O    ;                 ; no       ; On           ;
; V27      ; 304        ; 5        ; RESERVED_INPUT_WITH_WEAK_PULLUP                           ;        ;              ;         ; Row I/O    ;                 ; no       ; On           ;
; V28      ; 303        ; 5        ; RESERVED_INPUT_WITH_WEAK_PULLUP                           ;        ;              ;         ; Row I/O    ;                 ; no       ; On           ;
; W1       ; 88         ; 2        ; RESERVED_INPUT_WITH_WEAK_PULLUP                           ;        ;              ;         ; Row I/O    ;                 ; no       ; On           ;
; W2       ; 87         ; 2        ; RESERVED_INPUT_WITH_WEAK_PULLUP                           ;        ;              ;         ; Row I/O    ;                 ; no       ; On           ;
; W3       ; 112        ; 2        ; RESERVED_INPUT_WITH_WEAK_PULLUP                           ;        ;              ;         ; Row I/O    ;                 ; no       ; On           ;
; W4       ; 111        ; 2        ; RESERVED_INPUT_WITH_WEAK_PULLUP                           ;        ;              ;         ; Row I/O    ;                 ; no       ; On           ;
; W5       ;            ; 2        ; VCCIO2                                                    ; power  ;              ; 2.5V    ; --         ;                 ; --       ; --           ;
; W6       ;            ;          ; GND                                                       ; gnd    ;              ;         ; --         ;                 ; --       ; --           ;
; W7       ; 115        ; 2        ; RESERVED_INPUT_WITH_WEAK_PULLUP                           ;        ;              ;         ; Row I/O    ;                 ; no       ; On           ;
; W8       ; 116        ; 2        ; RESERVED_INPUT_WITH_WEAK_PULLUP                           ;        ;              ;         ; Row I/O    ;                 ; no       ; On           ;
; W9       ;            ;          ; GND                                                       ; gnd    ;              ;         ; --         ;                 ; --       ; --           ;
; W10      ;            ;          ; VCCINT                                                    ; power  ;              ; 1.2V    ; --         ;                 ; --       ; --           ;
; W11      ;            ;          ; GND                                                       ; gnd    ;              ;         ; --         ;                 ; --       ; --           ;
; W12      ;            ;          ; VCCINT                                                    ; power  ;              ; 1.2V    ; --         ;                 ; --       ; --           ;
; W13      ;            ;          ; GND                                                       ; gnd    ;              ;         ; --         ;                 ; --       ; --           ;
; W14      ;            ;          ; VCCINT                                                    ; power  ;              ; 1.2V    ; --         ;                 ; --       ; --           ;
; W15      ;            ;          ; GND                                                       ; gnd    ;              ;         ; --         ;                 ; --       ; --           ;
; W16      ;            ;          ; VCCINT                                                    ; power  ;              ; 1.2V    ; --         ;                 ; --       ; --           ;
; W17      ;            ;          ; GND                                                       ; gnd    ;              ;         ; --         ;                 ; --       ; --           ;
; W18      ;            ;          ; VCCINT                                                    ; power  ;              ; 1.2V    ; --         ;                 ; --       ; --           ;
; W19      ;            ;          ; GND                                                       ; gnd    ;              ;         ; --         ;                 ; --       ; --           ;
; W20      ;            ;          ; VCCINT                                                    ; power  ;              ; 1.2V    ; --         ;                 ; --       ; --           ;
; W21      ; 310        ; 5        ; RESERVED_INPUT_WITH_WEAK_PULLUP                           ;        ;              ;         ; Row I/O    ;                 ; no       ; On           ;
; W22      ; 321        ; 5        ; RESERVED_INPUT_WITH_WEAK_PULLUP                           ;        ;              ;         ; Row I/O    ;                 ; no       ; On           ;
; W23      ;            ;          ; GND                                                       ; gnd    ;              ;         ; --         ;                 ; --       ; --           ;
; W24      ;            ; 5        ; VCCIO5                                                    ; power  ;              ; 2.5V    ; --         ;                 ; --       ; --           ;
; W25      ; 300        ; 5        ; RESERVED_INPUT_WITH_WEAK_PULLUP                           ;        ;              ;         ; Row I/O    ;                 ; no       ; On           ;
; W26      ; 299        ; 5        ; RESERVED_INPUT_WITH_WEAK_PULLUP                           ;        ;              ;         ; Row I/O    ;                 ; no       ; On           ;
; W27      ; 301        ; 5        ; RESERVED_INPUT_WITH_WEAK_PULLUP                           ;        ;              ;         ; Row I/O    ;                 ; no       ; On           ;
; W28      ; 302        ; 5        ; RESERVED_INPUT_WITH_WEAK_PULLUP                           ;        ;              ;         ; Row I/O    ;                 ; no       ; On           ;
; Y1       ; 66         ; 2        ; GND+                                                      ;        ;              ;         ; Row I/O    ;                 ; --       ; --           ;
; Y2       ; 65         ; 2        ; clk_clk                                                   ; input  ; 2.5 V        ;         ; Row I/O    ; Y               ; no       ; Off          ;
; Y3       ; 92         ; 2        ; RESERVED_INPUT_WITH_WEAK_PULLUP                           ;        ;              ;         ; Row I/O    ;                 ; no       ; On           ;
; Y4       ; 91         ; 2        ; RESERVED_INPUT_WITH_WEAK_PULLUP                           ;        ;              ;         ; Row I/O    ;                 ; no       ; On           ;
; Y5       ; 114        ; 2        ; RESERVED_INPUT_WITH_WEAK_PULLUP                           ;        ;              ;         ; Row I/O    ;                 ; no       ; On           ;
; Y6       ; 113        ; 2        ; RESERVED_INPUT_WITH_WEAK_PULLUP                           ;        ;              ;         ; Row I/O    ;                 ; no       ; On           ;
; Y7       ; 117        ; 2        ; RESERVED_INPUT_WITH_WEAK_PULLUP                           ;        ;              ;         ; Row I/O    ;                 ; no       ; On           ;
; Y8       ;            ; --       ; VCCA1                                                     ; power  ;              ; 2.5V    ; --         ;                 ; --       ; --           ;
; Y9       ;            ;          ; VCCD_PLL1                                                 ; power  ;              ; 1.2V    ; --         ;                 ; --       ; --           ;
; Y10      ; 140        ; 3        ; RESERVED_INPUT_WITH_WEAK_PULLUP                           ;        ;              ;         ; Column I/O ;                 ; --       ; --           ;
; Y11      ;            ;          ; GND                                                       ; gnd    ;              ;         ; --         ;                 ; --       ; --           ;
; Y12      ; 187        ; 3        ; RESERVED_INPUT_WITH_WEAK_PULLUP                           ;        ;              ;         ; Column I/O ;                 ; no       ; On           ;
; Y13      ; 189        ; 3        ; RESERVED_INPUT_WITH_WEAK_PULLUP                           ;        ;              ;         ; Column I/O ;                 ; no       ; On           ;
; Y14      ; 197        ; 3        ; RESERVED_INPUT_WITH_WEAK_PULLUP                           ;        ;              ;         ; Column I/O ;                 ; no       ; On           ;
; Y15      ; 198        ; 3        ; RESERVED_INPUT_WITH_WEAK_PULLUP                           ;        ;              ;         ; Column I/O ;                 ; no       ; On           ;
; Y16      ; 250        ; 4        ; RESERVED_INPUT_WITH_WEAK_PULLUP                           ;        ;              ;         ; Column I/O ;                 ; no       ; On           ;
; Y17      ; 249        ; 4        ; RESERVED_INPUT_WITH_WEAK_PULLUP                           ;        ;              ;         ; Column I/O ;                 ; no       ; On           ;
; Y18      ;            ;          ; GND                                                       ; gnd    ;              ;         ; --         ;                 ; --       ; --           ;
; Y19      ; 263        ; 4        ; RESERVED_INPUT_WITH_WEAK_PULLUP                           ;        ;              ;         ; Column I/O ;                 ; no       ; On           ;
; Y20      ;            ;          ; VCCD_PLL4                                                 ; power  ;              ; 1.2V    ; --         ;                 ; --       ; --           ;
; Y21      ;            ; --       ; VCCA4                                                     ; power  ;              ; 2.5V    ; --         ;                 ; --       ; --           ;
; Y22      ; 320        ; 5        ; RESERVED_INPUT_WITH_WEAK_PULLUP                           ;        ;              ;         ; Row I/O    ;                 ; no       ; On           ;
; Y23      ; 288        ; 5        ; RESERVED_INPUT_WITH_WEAK_PULLUP                           ;        ;              ;         ; Row I/O    ;                 ; no       ; On           ;
; Y24      ; 287        ; 5        ; RESERVED_INPUT_WITH_WEAK_PULLUP                           ;        ;              ;         ; Row I/O    ;                 ; no       ; On           ;
; Y25      ; 298        ; 5        ; RESERVED_INPUT_WITH_WEAK_PULLUP                           ;        ;              ;         ; Row I/O    ;                 ; no       ; On           ;
; Y26      ; 297        ; 5        ; RESERVED_INPUT_WITH_WEAK_PULLUP                           ;        ;              ;         ; Row I/O    ;                 ; no       ; On           ;
; Y27      ; 336        ; 5        ; GND+                                                      ;        ;              ;         ; Row I/O    ;                 ; --       ; --           ;
; Y28      ; 335        ; 5        ; GND+                                                      ;        ;              ;         ; Row I/O    ;                 ; --       ; --           ;
+----------+------------+----------+-----------------------------------------------------------+--------+--------------+---------+------------+-----------------+----------+--------------+
Note: Pin directions (input, output or bidir) are based on device operating in user mode.


+--------------------------------------------------------------------------------------------------------------------------------------------------------+
; PLL Summary                                                                                                                                            ;
+-------------------------------+------------------------------------------------------------------------------------------------------------------------+
; Name                          ; vga_video_pll_0:video_pll_0|altera_up_altpll:video_pll|altpll:PLL_for_DE_Series_Boards|altpll_8fb2:auto_generated|pll1 ;
+-------------------------------+------------------------------------------------------------------------------------------------------------------------+
; SDC pin name                  ; video_pll_0|video_pll|PLL_for_DE_Series_Boards|auto_generated|pll1                                                     ;
; PLL mode                      ; Normal                                                                                                                 ;
; Compensate clock              ; clock0                                                                                                                 ;
; Compensated input/output pins ; --                                                                                                                     ;
; Switchover type               ; --                                                                                                                     ;
; Input frequency 0             ; 50.0 MHz                                                                                                               ;
; Input frequency 1             ; --                                                                                                                     ;
; Nominal PFD frequency         ; 50.0 MHz                                                                                                               ;
; Nominal VCO frequency         ; 600.0 MHz                                                                                                              ;
; VCO post scale K counter      ; 2                                                                                                                      ;
; VCO frequency control         ; Auto                                                                                                                   ;
; VCO phase shift step          ; 208 ps                                                                                                                 ;
; VCO multiply                  ; --                                                                                                                     ;
; VCO divide                    ; --                                                                                                                     ;
; Freq min lock                 ; 25.0 MHz                                                                                                               ;
; Freq max lock                 ; 54.18 MHz                                                                                                              ;
; M VCO Tap                     ; 0                                                                                                                      ;
; M Initial                     ; 1                                                                                                                      ;
; M value                       ; 12                                                                                                                     ;
; N value                       ; 1                                                                                                                      ;
; Charge pump current           ; setting 1                                                                                                              ;
; Loop filter resistance        ; setting 27                                                                                                             ;
; Loop filter capacitance       ; setting 0                                                                                                              ;
; Bandwidth                     ; 680 kHz to 980 kHz                                                                                                     ;
; Bandwidth type                ; Medium                                                                                                                 ;
; Real time reconfigurable      ; Off                                                                                                                    ;
; Scan chain MIF file           ; --                                                                                                                     ;
; Preserve PLL counter order    ; Off                                                                                                                    ;
; PLL location                  ; PLL_1                                                                                                                  ;
; Inclk0 signal                 ; clk_clk                                                                                                                ;
; Inclk1 signal                 ; --                                                                                                                     ;
; Inclk0 signal type            ; Dedicated Pin                                                                                                          ;
; Inclk1 signal type            ; --                                                                                                                     ;
+-------------------------------+------------------------------------------------------------------------------------------------------------------------+


+------------------------------------------------------------------------------------------------------------------------------------------------------------------------------------------------------------------------------------------------------------------------------------------------------------------------------------------------------------------------------+
; PLL Usage                                                                                                                                                                                                                                                                                                                                                                    ;
+--------------------------------------------------------------------------------------------------------------------------+--------------+------+-----+------------------+-------------+------------------+------------+---------+---------------+------------+---------------+---------+---------+---------------------------------------------------------------------------+
; Name                                                                                                                     ; Output Clock ; Mult ; Div ; Output Frequency ; Phase Shift ; Phase Shift Step ; Duty Cycle ; Counter ; Counter Value ; High / Low ; Cascade Input ; Initial ; VCO Tap ; SDC Pin Name                                                              ;
+--------------------------------------------------------------------------------------------------------------------------+--------------+------+-----+------------------+-------------+------------------+------------+---------+---------------+------------+---------------+---------+---------+---------------------------------------------------------------------------+
; vga_video_pll_0:video_pll_0|altera_up_altpll:video_pll|altpll:PLL_for_DE_Series_Boards|altpll_8fb2:auto_generated|clk[0] ; clock0       ; 1    ; 2   ; 25.0 MHz         ; 0 (0 ps)    ; 1.88 (208 ps)    ; 50/50      ; C0      ; 24            ; 12/12 Even ; --            ; 1       ; 0       ; video_pll_0|video_pll|PLL_for_DE_Series_Boards|auto_generated|pll1|clk[0] ;
; vga_video_pll_0:video_pll_0|altera_up_altpll:video_pll|altpll:PLL_for_DE_Series_Boards|altpll_8fb2:auto_generated|clk[1] ; clock1       ; 1    ; 2   ; 25.0 MHz         ; 0 (0 ps)    ; 1.88 (208 ps)    ; 50/50      ; C1      ; 24            ; 12/12 Even ; --            ; 1       ; 0       ; video_pll_0|video_pll|PLL_for_DE_Series_Boards|auto_generated|pll1|clk[1] ;
+--------------------------------------------------------------------------------------------------------------------------+--------------+------+-----+------------------+-------------+------------------+------------+---------+---------------+------------+---------------+---------+---------+---------------------------------------------------------------------------+


+-------------------------------------------------------------+
; I/O Assignment Warnings                                     ;
+-----------------------------+-------------------------------+
; Pin Name                    ; Reason                        ;
+-----------------------------+-------------------------------+
; av_config_SCLK              ; Incomplete set of assignments ;
; sram_ADDR[0]                ; Incomplete set of assignments ;
; sram_ADDR[1]                ; Incomplete set of assignments ;
; sram_ADDR[2]                ; Incomplete set of assignments ;
; sram_ADDR[3]                ; Incomplete set of assignments ;
; sram_ADDR[4]                ; Incomplete set of assignments ;
; sram_ADDR[5]                ; Incomplete set of assignments ;
; sram_ADDR[6]                ; Incomplete set of assignments ;
; sram_ADDR[7]                ; Incomplete set of assignments ;
; sram_ADDR[8]                ; Incomplete set of assignments ;
; sram_ADDR[9]                ; Incomplete set of assignments ;
; sram_ADDR[10]               ; Incomplete set of assignments ;
; sram_ADDR[11]               ; Incomplete set of assignments ;
; sram_ADDR[12]               ; Incomplete set of assignments ;
; sram_ADDR[13]               ; Incomplete set of assignments ;
; sram_ADDR[14]               ; Incomplete set of assignments ;
; sram_ADDR[15]               ; Incomplete set of assignments ;
; sram_ADDR[16]               ; Incomplete set of assignments ;
; sram_ADDR[17]               ; Incomplete set of assignments ;
; sram_ADDR[18]               ; Incomplete set of assignments ;
; sram_ADDR[19]               ; Incomplete set of assignments ;
; sram_LB_N                   ; Incomplete set of assignments ;
; sram_UB_N                   ; Incomplete set of assignments ;
; sram_CE_N                   ; Incomplete set of assignments ;
; sram_OE_N                   ; Incomplete set of assignments ;
; sram_WE_N                   ; Incomplete set of assignments ;
; vga_controller_CLK          ; Incomplete set of assignments ;
; vga_controller_HS           ; Incomplete set of assignments ;
; vga_controller_VS           ; Incomplete set of assignments ;
; vga_controller_BLANK        ; Incomplete set of assignments ;
; vga_controller_SYNC         ; Incomplete set of assignments ;
; vga_controller_R[0]         ; Incomplete set of assignments ;
; vga_controller_R[1]         ; Incomplete set of assignments ;
; vga_controller_R[2]         ; Incomplete set of assignments ;
; vga_controller_R[3]         ; Incomplete set of assignments ;
; vga_controller_R[4]         ; Incomplete set of assignments ;
; vga_controller_R[5]         ; Incomplete set of assignments ;
; vga_controller_R[6]         ; Incomplete set of assignments ;
; vga_controller_R[7]         ; Incomplete set of assignments ;
; vga_controller_G[0]         ; Incomplete set of assignments ;
; vga_controller_G[1]         ; Incomplete set of assignments ;
; vga_controller_G[2]         ; Incomplete set of assignments ;
; vga_controller_G[3]         ; Incomplete set of assignments ;
; vga_controller_G[4]         ; Incomplete set of assignments ;
; vga_controller_G[5]         ; Incomplete set of assignments ;
; vga_controller_G[6]         ; Incomplete set of assignments ;
; vga_controller_G[7]         ; Incomplete set of assignments ;
; vga_controller_B[0]         ; Incomplete set of assignments ;
; vga_controller_B[1]         ; Incomplete set of assignments ;
; vga_controller_B[2]         ; Incomplete set of assignments ;
; vga_controller_B[3]         ; Incomplete set of assignments ;
; vga_controller_B[4]         ; Incomplete set of assignments ;
; vga_controller_B[5]         ; Incomplete set of assignments ;
; vga_controller_B[6]         ; Incomplete set of assignments ;
; vga_controller_B[7]         ; Incomplete set of assignments ;
; video_decoder_TD_HS         ; Incomplete set of assignments ;
; video_decoder_TD_VS         ; Incomplete set of assignments ;
; video_decoder_TD_RESET      ; Incomplete set of assignments ;
; video_decoder_overflow_flag ; Incomplete set of assignments ;
; av_config_SDAT              ; Incomplete set of assignments ;
; sram_DQ[0]                  ; Incomplete set of assignments ;
; sram_DQ[1]                  ; Incomplete set of assignments ;
; sram_DQ[2]                  ; Incomplete set of assignments ;
; sram_DQ[3]                  ; Incomplete set of assignments ;
; sram_DQ[4]                  ; Incomplete set of assignments ;
; sram_DQ[5]                  ; Incomplete set of assignments ;
; sram_DQ[6]                  ; Incomplete set of assignments ;
; sram_DQ[7]                  ; Incomplete set of assignments ;
; sram_DQ[8]                  ; Incomplete set of assignments ;
; sram_DQ[9]                  ; Incomplete set of assignments ;
; sram_DQ[10]                 ; Incomplete set of assignments ;
; sram_DQ[11]                 ; Incomplete set of assignments ;
; sram_DQ[12]                 ; Incomplete set of assignments ;
; sram_DQ[13]                 ; Incomplete set of assignments ;
; sram_DQ[14]                 ; Incomplete set of assignments ;
; sram_DQ[15]                 ; Incomplete set of assignments ;
; clk_clk                     ; Incomplete set of assignments ;
; video_decoder_TD_CLK27      ; Incomplete set of assignments ;
; video_decoder_clk27_reset   ; Incomplete set of assignments ;
; video_decoder_TD_DATA[5]    ; Incomplete set of assignments ;
; video_decoder_TD_DATA[6]    ; Incomplete set of assignments ;
; video_decoder_TD_DATA[1]    ; Incomplete set of assignments ;
; video_decoder_TD_DATA[4]    ; Incomplete set of assignments ;
; video_decoder_TD_DATA[0]    ; Incomplete set of assignments ;
; video_decoder_TD_DATA[3]    ; Incomplete set of assignments ;
; video_decoder_TD_DATA[2]    ; Incomplete set of assignments ;
; video_decoder_TD_DATA[7]    ; Incomplete set of assignments ;
; reset_reset_n               ; Incomplete set of assignments ;
; video_decoder_TD_RESET      ; Missing location assignment   ;
+-----------------------------+-------------------------------+


+---------------------------------------------------------------------------------------------------------------------------------------------------------------------------------------------------------------------------------------------------------------------------------------------------------------------------------------------------------------------------------------------------------------------------------------------------------------------------------------------------------------------------------------------------------------------------------------------------------------------------------------------------------------------------------------------------------------------------------------------------------------------+
; Fitter Resource Utilization by Entity                                                                                                                                                                                                                                                                                                                                                                                                                                                                                                                                                                                                                                                                                                                               ;
+-----------------------------------------------------------------------------------------------------------------------------------------+-------------+---------------------------+---------------+-------------+------+--------------+---------+-----------+------+--------------+--------------+-------------------+------------------+--------------------------------------------------------------------------------------------------------------------------------------------------------------------------------------------------------------------------------------------------------------------------------------------------------------------------------------------------------------+---------------------------------------------+--------------+
; Compilation Hierarchy Node                                                                                                              ; Logic Cells ; Dedicated Logic Registers ; I/O Registers ; Memory Bits ; M9Ks ; DSP Elements ; DSP 9x9 ; DSP 18x18 ; Pins ; Virtual Pins ; LUT-Only LCs ; Register-Only LCs ; LUT/Register LCs ; Full Hierarchy Name                                                                                                                                                                                                                                                                                                                                          ; Entity Name                                 ; Library Name ;
+-----------------------------------------------------------------------------------------------------------------------------------------+-------------+---------------------------+---------------+-------------+------+--------------+---------+-----------+------+--------------+--------------+-------------------+------------------+--------------------------------------------------------------------------------------------------------------------------------------------------------------------------------------------------------------------------------------------------------------------------------------------------------------------------------------------------------------+---------------------------------------------+--------------+
; |vga                                                                                                                                    ; 7546 (0)    ; 4197 (0)                  ; 0 (0)         ; 47424       ; 12   ; 10           ; 0       ; 5         ; 88   ; 0            ; 3349 (0)     ; 485 (0)           ; 3712 (1)         ; |vga                                                                                                                                                                                                                                                                                                                                                         ; vga                                         ; work         ;
;    |HoughTransform:hough_0|                                                                                                             ; 61 (14)     ; 41 (12)                   ; 0 (0)         ; 0           ; 0    ; 0            ; 0       ; 0         ; 0    ; 0            ; 20 (2)       ; 9 (7)             ; 32 (3)           ; |vga|HoughTransform:hough_0                                                                                                                                                                                                                                                                                                                                  ; HoughTransform                              ; vga          ;
;       |HoughTransformModule:gs_inst|                                                                                                    ; 49 (49)     ; 29 (29)                   ; 0 (0)         ; 0           ; 0    ; 0            ; 0       ; 0         ; 0    ; 0            ; 18 (18)      ; 2 (2)             ; 29 (29)          ; |vga|HoughTransform:hough_0|HoughTransformModule:gs_inst                                                                                                                                                                                                                                                                                                     ; HoughTransformModule                        ; vga          ;
;    |YCbCr_RedThreshold:red_0|                                                                                                           ; 69 (29)     ; 61 (29)                   ; 0 (0)         ; 0           ; 0    ; 0            ; 0       ; 0         ; 0    ; 0            ; 8 (2)        ; 29 (25)           ; 32 (2)           ; |vga|YCbCr_RedThreshold:red_0                                                                                                                                                                                                                                                                                                                                ; YCbCr_RedThreshold                          ; vga          ;
;       |YCbCr_RedThresholdModule:red_inst|                                                                                               ; 40 (40)     ; 32 (32)                   ; 0 (0)         ; 0           ; 0    ; 0            ; 0       ; 0         ; 0    ; 0            ; 6 (6)        ; 4 (4)             ; 30 (30)          ; |vga|YCbCr_RedThreshold:red_0|YCbCr_RedThresholdModule:red_inst                                                                                                                                                                                                                                                                                              ; YCbCr_RedThresholdModule                    ; vga          ;
;    |altera_irq_clock_crosser:irq_synchronizer|                                                                                          ; 3 (0)       ; 3 (0)                     ; 0 (0)         ; 0           ; 0    ; 0            ; 0       ; 0         ; 0    ; 0            ; 0 (0)        ; 2 (0)             ; 1 (0)            ; |vga|altera_irq_clock_crosser:irq_synchronizer                                                                                                                                                                                                                                                                                                               ; altera_irq_clock_crosser                    ; vga          ;
;       |altera_std_synchronizer_bundle:sync|                                                                                             ; 3 (0)       ; 3 (0)                     ; 0 (0)         ; 0           ; 0    ; 0            ; 0       ; 0         ; 0    ; 0            ; 0 (0)        ; 2 (0)             ; 1 (0)            ; |vga|altera_irq_clock_crosser:irq_synchronizer|altera_std_synchronizer_bundle:sync                                                                                                                                                                                                                                                                           ; altera_std_synchronizer_bundle              ; work         ;
;          |altera_std_synchronizer:sync[0].u|                                                                                            ; 3 (3)       ; 3 (3)                     ; 0 (0)         ; 0           ; 0    ; 0            ; 0       ; 0         ; 0    ; 0            ; 0 (0)        ; 2 (2)             ; 1 (1)            ; |vga|altera_irq_clock_crosser:irq_synchronizer|altera_std_synchronizer_bundle:sync|altera_std_synchronizer:sync[0].u                                                                                                                                                                                                                                         ; altera_std_synchronizer                     ; work         ;
;    |altera_reset_controller:rst_controller_001|                                                                                         ; 3 (0)       ; 3 (0)                     ; 0 (0)         ; 0           ; 0    ; 0            ; 0       ; 0         ; 0    ; 0            ; 0 (0)        ; 2 (0)             ; 1 (0)            ; |vga|altera_reset_controller:rst_controller_001                                                                                                                                                                                                                                                                                                              ; altera_reset_controller                     ; vga          ;
;       |altera_reset_synchronizer:alt_rst_sync_uq1|                                                                                      ; 3 (3)       ; 3 (3)                     ; 0 (0)         ; 0           ; 0    ; 0            ; 0       ; 0         ; 0    ; 0            ; 0 (0)        ; 2 (2)             ; 1 (1)            ; |vga|altera_reset_controller:rst_controller_001|altera_reset_synchronizer:alt_rst_sync_uq1                                                                                                                                                                                                                                                                   ; altera_reset_synchronizer                   ; vga          ;
;    |altera_reset_controller:rst_controller_002|                                                                                         ; 17 (11)     ; 16 (10)                   ; 0 (0)         ; 0           ; 0    ; 0            ; 0       ; 0         ; 0    ; 0            ; 0 (0)        ; 9 (5)             ; 8 (6)            ; |vga|altera_reset_controller:rst_controller_002                                                                                                                                                                                                                                                                                                              ; altera_reset_controller                     ; vga          ;
;       |altera_reset_synchronizer:alt_rst_req_sync_uq1|                                                                                  ; 3 (3)       ; 3 (3)                     ; 0 (0)         ; 0           ; 0    ; 0            ; 0       ; 0         ; 0    ; 0            ; 0 (0)        ; 2 (2)             ; 1 (1)            ; |vga|altera_reset_controller:rst_controller_002|altera_reset_synchronizer:alt_rst_req_sync_uq1                                                                                                                                                                                                                                                               ; altera_reset_synchronizer                   ; vga          ;
;       |altera_reset_synchronizer:alt_rst_sync_uq1|                                                                                      ; 3 (3)       ; 3 (3)                     ; 0 (0)         ; 0           ; 0    ; 0            ; 0       ; 0         ; 0    ; 0            ; 0 (0)        ; 2 (2)             ; 1 (1)            ; |vga|altera_reset_controller:rst_controller_002|altera_reset_synchronizer:alt_rst_sync_uq1                                                                                                                                                                                                                                                                   ; altera_reset_synchronizer                   ; vga          ;
;    |altera_reset_controller:rst_controller_003|                                                                                         ; 4 (0)       ; 3 (0)                     ; 0 (0)         ; 0           ; 0    ; 0            ; 0       ; 0         ; 0    ; 0            ; 1 (0)        ; 1 (0)             ; 2 (0)            ; |vga|altera_reset_controller:rst_controller_003                                                                                                                                                                                                                                                                                                              ; altera_reset_controller                     ; vga          ;
;       |altera_reset_synchronizer:alt_rst_sync_uq1|                                                                                      ; 4 (4)       ; 3 (3)                     ; 0 (0)         ; 0           ; 0    ; 0            ; 0       ; 0         ; 0    ; 0            ; 1 (1)        ; 1 (1)             ; 2 (2)            ; |vga|altera_reset_controller:rst_controller_003|altera_reset_synchronizer:alt_rst_sync_uq1                                                                                                                                                                                                                                                                   ; altera_reset_synchronizer                   ; vga          ;
;    |altera_reset_controller:rst_controller|                                                                                             ; 4 (1)       ; 3 (0)                     ; 0 (0)         ; 0           ; 0    ; 0            ; 0       ; 0         ; 0    ; 0            ; 1 (1)        ; 1 (0)             ; 2 (0)            ; |vga|altera_reset_controller:rst_controller                                                                                                                                                                                                                                                                                                                  ; altera_reset_controller                     ; vga          ;
;       |altera_reset_synchronizer:alt_rst_sync_uq1|                                                                                      ; 3 (3)       ; 3 (3)                     ; 0 (0)         ; 0           ; 0    ; 0            ; 0       ; 0         ; 0    ; 0            ; 0 (0)        ; 1 (1)             ; 2 (2)            ; |vga|altera_reset_controller:rst_controller|altera_reset_synchronizer:alt_rst_sync_uq1                                                                                                                                                                                                                                                                       ; altera_reset_synchronizer                   ; vga          ;
;    |canny:canny_0|                                                                                                                      ; 3296 (13)   ; 1560 (11)                 ; 0 (0)         ; 0           ; 0    ; 0            ; 0       ; 0         ; 0    ; 0            ; 1736 (2)     ; 62 (8)            ; 1498 (3)         ; |vga|canny:canny_0                                                                                                                                                                                                                                                                                                                                           ; canny                                       ; vga          ;
;       |cannyModule:gs_inst|                                                                                                             ; 3283 (3265) ; 1549 (1549)               ; 0 (0)         ; 0           ; 0    ; 0            ; 0       ; 0         ; 0    ; 0            ; 1734 (1716)  ; 54 (54)           ; 1495 (1495)      ; |vga|canny:canny_0|cannyModule:gs_inst                                                                                                                                                                                                                                                                                                                       ; cannyModule                                 ; vga          ;
;          |lpm_divide:Mod0|                                                                                                              ; 18 (0)      ; 0 (0)                     ; 0 (0)         ; 0           ; 0    ; 0            ; 0       ; 0         ; 0    ; 0            ; 18 (0)       ; 0 (0)             ; 0 (0)            ; |vga|canny:canny_0|cannyModule:gs_inst|lpm_divide:Mod0                                                                                                                                                                                                                                                                                                       ; lpm_divide                                  ; work         ;
;             |lpm_divide_jcm:auto_generated|                                                                                             ; 18 (0)      ; 0 (0)                     ; 0 (0)         ; 0           ; 0    ; 0            ; 0       ; 0         ; 0    ; 0            ; 18 (0)       ; 0 (0)             ; 0 (0)            ; |vga|canny:canny_0|cannyModule:gs_inst|lpm_divide:Mod0|lpm_divide_jcm:auto_generated                                                                                                                                                                                                                                                                         ; lpm_divide_jcm                              ; work         ;
;                |sign_div_unsign_8nh:divider|                                                                                            ; 18 (0)      ; 0 (0)                     ; 0 (0)         ; 0           ; 0    ; 0            ; 0       ; 0         ; 0    ; 0            ; 18 (0)       ; 0 (0)             ; 0 (0)            ; |vga|canny:canny_0|cannyModule:gs_inst|lpm_divide:Mod0|lpm_divide_jcm:auto_generated|sign_div_unsign_8nh:divider                                                                                                                                                                                                                                             ; sign_div_unsign_8nh                         ; work         ;
;                   |alt_u_div_4af:divider|                                                                                               ; 18 (18)     ; 0 (0)                     ; 0 (0)         ; 0           ; 0    ; 0            ; 0       ; 0         ; 0    ; 0            ; 18 (18)      ; 0 (0)             ; 0 (0)            ; |vga|canny:canny_0|cannyModule:gs_inst|lpm_divide:Mod0|lpm_divide_jcm:auto_generated|sign_div_unsign_8nh:divider|alt_u_div_4af:divider                                                                                                                                                                                                                       ; alt_u_div_4af                               ; work         ;
;    |sld_hub:auto_hub|                                                                                                                   ; 171 (1)     ; 83 (0)                    ; 0 (0)         ; 0           ; 0    ; 0            ; 0       ; 0         ; 0    ; 0            ; 88 (1)       ; 16 (0)            ; 67 (0)           ; |vga|sld_hub:auto_hub                                                                                                                                                                                                                                                                                                                                        ; sld_hub                                     ; altera_sld   ;
;       |alt_sld_fab_with_jtag_input:\instrumentation_fabric_with_node_gen:fabric_gen_new_way:with_jtag_input_gen:instrumentation_fabric| ; 170 (0)     ; 83 (0)                    ; 0 (0)         ; 0           ; 0    ; 0            ; 0       ; 0         ; 0    ; 0            ; 87 (0)       ; 16 (0)            ; 67 (0)           ; |vga|sld_hub:auto_hub|alt_sld_fab_with_jtag_input:\instrumentation_fabric_with_node_gen:fabric_gen_new_way:with_jtag_input_gen:instrumentation_fabric                                                                                                                                                                                                        ; alt_sld_fab_with_jtag_input                 ; altera_sld   ;
;          |alt_sld_fab:instrumentation_fabric|                                                                                           ; 170 (0)     ; 83 (0)                    ; 0 (0)         ; 0           ; 0    ; 0            ; 0       ; 0         ; 0    ; 0            ; 87 (0)       ; 16 (0)            ; 67 (0)           ; |vga|sld_hub:auto_hub|alt_sld_fab_with_jtag_input:\instrumentation_fabric_with_node_gen:fabric_gen_new_way:with_jtag_input_gen:instrumentation_fabric|alt_sld_fab:instrumentation_fabric                                                                                                                                                                     ; alt_sld_fab                                 ; alt_sld_fab  ;
;             |alt_sld_fab_alt_sld_fab:alt_sld_fab|                                                                                       ; 170 (7)     ; 83 (6)                    ; 0 (0)         ; 0           ; 0    ; 0            ; 0       ; 0         ; 0    ; 0            ; 87 (1)       ; 16 (2)            ; 67 (0)           ; |vga|sld_hub:auto_hub|alt_sld_fab_with_jtag_input:\instrumentation_fabric_with_node_gen:fabric_gen_new_way:with_jtag_input_gen:instrumentation_fabric|alt_sld_fab:instrumentation_fabric|alt_sld_fab_alt_sld_fab:alt_sld_fab                                                                                                                                 ; alt_sld_fab_alt_sld_fab                     ; alt_sld_fab  ;
;                |alt_sld_fab_alt_sld_fab_sldfabric:sldfabric|                                                                            ; 167 (0)     ; 77 (0)                    ; 0 (0)         ; 0           ; 0    ; 0            ; 0       ; 0         ; 0    ; 0            ; 86 (0)       ; 14 (0)            ; 67 (0)           ; |vga|sld_hub:auto_hub|alt_sld_fab_with_jtag_input:\instrumentation_fabric_with_node_gen:fabric_gen_new_way:with_jtag_input_gen:instrumentation_fabric|alt_sld_fab:instrumentation_fabric|alt_sld_fab_alt_sld_fab:alt_sld_fab|alt_sld_fab_alt_sld_fab_sldfabric:sldfabric                                                                                     ; alt_sld_fab_alt_sld_fab_sldfabric           ; alt_sld_fab  ;
;                   |sld_jtag_hub:\jtag_hub_gen:real_sld_jtag_hub|                                                                        ; 167 (121)   ; 77 (49)                   ; 0 (0)         ; 0           ; 0    ; 0            ; 0       ; 0         ; 0    ; 0            ; 86 (68)      ; 14 (11)           ; 67 (43)          ; |vga|sld_hub:auto_hub|alt_sld_fab_with_jtag_input:\instrumentation_fabric_with_node_gen:fabric_gen_new_way:with_jtag_input_gen:instrumentation_fabric|alt_sld_fab:instrumentation_fabric|alt_sld_fab_alt_sld_fab:alt_sld_fab|alt_sld_fab_alt_sld_fab_sldfabric:sldfabric|sld_jtag_hub:\jtag_hub_gen:real_sld_jtag_hub                                        ; sld_jtag_hub                                ; work         ;
;                      |sld_rom_sr:hub_info_reg|                                                                                          ; 24 (24)     ; 9 (9)                     ; 0 (0)         ; 0           ; 0    ; 0            ; 0       ; 0         ; 0    ; 0            ; 15 (15)      ; 0 (0)             ; 9 (9)            ; |vga|sld_hub:auto_hub|alt_sld_fab_with_jtag_input:\instrumentation_fabric_with_node_gen:fabric_gen_new_way:with_jtag_input_gen:instrumentation_fabric|alt_sld_fab:instrumentation_fabric|alt_sld_fab_alt_sld_fab:alt_sld_fab|alt_sld_fab_alt_sld_fab_sldfabric:sldfabric|sld_jtag_hub:\jtag_hub_gen:real_sld_jtag_hub|sld_rom_sr:hub_info_reg                ; sld_rom_sr                                  ; work         ;
;                      |sld_shadow_jsm:shadow_jsm|                                                                                        ; 22 (22)     ; 19 (19)                   ; 0 (0)         ; 0           ; 0    ; 0            ; 0       ; 0         ; 0    ; 0            ; 3 (3)        ; 3 (3)             ; 16 (16)          ; |vga|sld_hub:auto_hub|alt_sld_fab_with_jtag_input:\instrumentation_fabric_with_node_gen:fabric_gen_new_way:with_jtag_input_gen:instrumentation_fabric|alt_sld_fab:instrumentation_fabric|alt_sld_fab_alt_sld_fab:alt_sld_fab|alt_sld_fab_alt_sld_fab_sldfabric:sldfabric|sld_jtag_hub:\jtag_hub_gen:real_sld_jtag_hub|sld_shadow_jsm:shadow_jsm              ; sld_shadow_jsm                              ; altera_sld   ;
;    |vga_av_config:av_config|                                                                                                            ; 317 (81)    ; 159 (51)                  ; 0 (0)         ; 0           ; 0    ; 0            ; 0       ; 0         ; 0    ; 0            ; 158 (30)     ; 8 (8)             ; 151 (43)         ; |vga|vga_av_config:av_config                                                                                                                                                                                                                                                                                                                                 ; vga_av_config                               ; vga          ;
;       |altera_up_av_config_auto_init:AV_Config_Auto_Init|                                                                               ; 30 (30)     ; 27 (27)                   ; 0 (0)         ; 0           ; 0    ; 0            ; 0       ; 0         ; 0    ; 0            ; 3 (3)        ; 0 (0)             ; 27 (27)          ; |vga|vga_av_config:av_config|altera_up_av_config_auto_init:AV_Config_Auto_Init                                                                                                                                                                                                                                                                               ; altera_up_av_config_auto_init               ; vga          ;
;       |altera_up_av_config_auto_init_ob_de2_115:Auto_Init_OB_Devices_ROM|                                                               ; 90 (51)     ; 0 (0)                     ; 0 (0)         ; 0           ; 0    ; 0            ; 0       ; 0         ; 0    ; 0            ; 73 (39)      ; 0 (0)             ; 17 (12)          ; |vga|vga_av_config:av_config|altera_up_av_config_auto_init_ob_de2_115:Auto_Init_OB_Devices_ROM                                                                                                                                                                                                                                                               ; altera_up_av_config_auto_init_ob_de2_115    ; vga          ;
;          |altera_up_av_config_auto_init_ob_adv7180:Auto_Init_Video_ROM|                                                                 ; 34 (34)     ; 0 (0)                     ; 0 (0)         ; 0           ; 0    ; 0            ; 0       ; 0         ; 0    ; 0            ; 29 (29)      ; 0 (0)             ; 5 (5)            ; |vga|vga_av_config:av_config|altera_up_av_config_auto_init_ob_de2_115:Auto_Init_OB_Devices_ROM|altera_up_av_config_auto_init_ob_adv7180:Auto_Init_Video_ROM                                                                                                                                                                                                  ; altera_up_av_config_auto_init_ob_adv7180    ; vga          ;
;          |altera_up_av_config_auto_init_ob_audio:Auto_Init_Audio_ROM|                                                                   ; 5 (5)       ; 0 (0)                     ; 0 (0)         ; 0           ; 0    ; 0            ; 0       ; 0         ; 0    ; 0            ; 5 (5)        ; 0 (0)             ; 0 (0)            ; |vga|vga_av_config:av_config|altera_up_av_config_auto_init_ob_de2_115:Auto_Init_OB_Devices_ROM|altera_up_av_config_auto_init_ob_audio:Auto_Init_Audio_ROM                                                                                                                                                                                                    ; altera_up_av_config_auto_init_ob_audio      ; vga          ;
;       |altera_up_av_config_serial_bus_controller:Serial_Bus_Controller|                                                                 ; 133 (116)   ; 81 (67)                   ; 0 (0)         ; 0           ; 0    ; 0            ; 0       ; 0         ; 0    ; 0            ; 52 (49)      ; 0 (0)             ; 81 (67)          ; |vga|vga_av_config:av_config|altera_up_av_config_serial_bus_controller:Serial_Bus_Controller                                                                                                                                                                                                                                                                 ; altera_up_av_config_serial_bus_controller   ; vga          ;
;          |altera_up_slow_clock_generator:Serial_Config_Clock_Generator|                                                                 ; 17 (17)     ; 14 (14)                   ; 0 (0)         ; 0           ; 0    ; 0            ; 0       ; 0         ; 0    ; 0            ; 3 (3)        ; 0 (0)             ; 14 (14)          ; |vga|vga_av_config:av_config|altera_up_av_config_serial_bus_controller:Serial_Bus_Controller|altera_up_slow_clock_generator:Serial_Config_Clock_Generator                                                                                                                                                                                                    ; altera_up_slow_clock_generator              ; vga          ;
;    |vga_jtag_uart_0:jtag_uart_0|                                                                                                        ; 167 (40)    ; 105 (13)                  ; 0 (0)         ; 1024        ; 2    ; 0            ; 0       ; 0         ; 0    ; 0            ; 48 (14)      ; 22 (2)            ; 97 (23)          ; |vga|vga_jtag_uart_0:jtag_uart_0                                                                                                                                                                                                                                                                                                                             ; vga_jtag_uart_0                             ; vga          ;
;       |alt_jtag_atlantic:vga_jtag_uart_0_alt_jtag_atlantic|                                                                             ; 77 (77)     ; 52 (52)                   ; 0 (0)         ; 0           ; 0    ; 0            ; 0       ; 0         ; 0    ; 0            ; 23 (23)      ; 20 (20)           ; 34 (34)          ; |vga|vga_jtag_uart_0:jtag_uart_0|alt_jtag_atlantic:vga_jtag_uart_0_alt_jtag_atlantic                                                                                                                                                                                                                                                                         ; alt_jtag_atlantic                           ; work         ;
;       |vga_jtag_uart_0_scfifo_r:the_vga_jtag_uart_0_scfifo_r|                                                                           ; 26 (0)      ; 20 (0)                    ; 0 (0)         ; 512         ; 1    ; 0            ; 0       ; 0         ; 0    ; 0            ; 6 (0)        ; 0 (0)             ; 20 (0)           ; |vga|vga_jtag_uart_0:jtag_uart_0|vga_jtag_uart_0_scfifo_r:the_vga_jtag_uart_0_scfifo_r                                                                                                                                                                                                                                                                       ; vga_jtag_uart_0_scfifo_r                    ; vga          ;
;          |scfifo:rfifo|                                                                                                                 ; 26 (0)      ; 20 (0)                    ; 0 (0)         ; 512         ; 1    ; 0            ; 0       ; 0         ; 0    ; 0            ; 6 (0)        ; 0 (0)             ; 20 (0)           ; |vga|vga_jtag_uart_0:jtag_uart_0|vga_jtag_uart_0_scfifo_r:the_vga_jtag_uart_0_scfifo_r|scfifo:rfifo                                                                                                                                                                                                                                                          ; scfifo                                      ; work         ;
;             |scfifo_jr21:auto_generated|                                                                                                ; 26 (0)      ; 20 (0)                    ; 0 (0)         ; 512         ; 1    ; 0            ; 0       ; 0         ; 0    ; 0            ; 6 (0)        ; 0 (0)             ; 20 (0)           ; |vga|vga_jtag_uart_0:jtag_uart_0|vga_jtag_uart_0_scfifo_r:the_vga_jtag_uart_0_scfifo_r|scfifo:rfifo|scfifo_jr21:auto_generated                                                                                                                                                                                                                               ; scfifo_jr21                                 ; work         ;
;                |a_dpfifo_l011:dpfifo|                                                                                                   ; 26 (0)      ; 20 (0)                    ; 0 (0)         ; 512         ; 1    ; 0            ; 0       ; 0         ; 0    ; 0            ; 6 (0)        ; 0 (0)             ; 20 (0)           ; |vga|vga_jtag_uart_0:jtag_uart_0|vga_jtag_uart_0_scfifo_r:the_vga_jtag_uart_0_scfifo_r|scfifo:rfifo|scfifo_jr21:auto_generated|a_dpfifo_l011:dpfifo                                                                                                                                                                                                          ; a_dpfifo_l011                               ; work         ;
;                   |a_fefifo_7cf:fifo_state|                                                                                             ; 14 (8)      ; 8 (2)                     ; 0 (0)         ; 0           ; 0    ; 0            ; 0       ; 0         ; 0    ; 0            ; 6 (6)        ; 0 (0)             ; 8 (2)            ; |vga|vga_jtag_uart_0:jtag_uart_0|vga_jtag_uart_0_scfifo_r:the_vga_jtag_uart_0_scfifo_r|scfifo:rfifo|scfifo_jr21:auto_generated|a_dpfifo_l011:dpfifo|a_fefifo_7cf:fifo_state                                                                                                                                                                                  ; a_fefifo_7cf                                ; work         ;
;                      |cntr_do7:count_usedw|                                                                                             ; 6 (6)       ; 6 (6)                     ; 0 (0)         ; 0           ; 0    ; 0            ; 0       ; 0         ; 0    ; 0            ; 0 (0)        ; 0 (0)             ; 6 (6)            ; |vga|vga_jtag_uart_0:jtag_uart_0|vga_jtag_uart_0_scfifo_r:the_vga_jtag_uart_0_scfifo_r|scfifo:rfifo|scfifo_jr21:auto_generated|a_dpfifo_l011:dpfifo|a_fefifo_7cf:fifo_state|cntr_do7:count_usedw                                                                                                                                                             ; cntr_do7                                    ; work         ;
;                   |altsyncram_nio1:FIFOram|                                                                                             ; 0 (0)       ; 0 (0)                     ; 0 (0)         ; 512         ; 1    ; 0            ; 0       ; 0         ; 0    ; 0            ; 0 (0)        ; 0 (0)             ; 0 (0)            ; |vga|vga_jtag_uart_0:jtag_uart_0|vga_jtag_uart_0_scfifo_r:the_vga_jtag_uart_0_scfifo_r|scfifo:rfifo|scfifo_jr21:auto_generated|a_dpfifo_l011:dpfifo|altsyncram_nio1:FIFOram                                                                                                                                                                                  ; altsyncram_nio1                             ; work         ;
;                   |cntr_1ob:rd_ptr_count|                                                                                               ; 6 (6)       ; 6 (6)                     ; 0 (0)         ; 0           ; 0    ; 0            ; 0       ; 0         ; 0    ; 0            ; 0 (0)        ; 0 (0)             ; 6 (6)            ; |vga|vga_jtag_uart_0:jtag_uart_0|vga_jtag_uart_0_scfifo_r:the_vga_jtag_uart_0_scfifo_r|scfifo:rfifo|scfifo_jr21:auto_generated|a_dpfifo_l011:dpfifo|cntr_1ob:rd_ptr_count                                                                                                                                                                                    ; cntr_1ob                                    ; work         ;
;                   |cntr_1ob:wr_ptr|                                                                                                     ; 6 (6)       ; 6 (6)                     ; 0 (0)         ; 0           ; 0    ; 0            ; 0       ; 0         ; 0    ; 0            ; 0 (0)        ; 0 (0)             ; 6 (6)            ; |vga|vga_jtag_uart_0:jtag_uart_0|vga_jtag_uart_0_scfifo_r:the_vga_jtag_uart_0_scfifo_r|scfifo:rfifo|scfifo_jr21:auto_generated|a_dpfifo_l011:dpfifo|cntr_1ob:wr_ptr                                                                                                                                                                                          ; cntr_1ob                                    ; work         ;
;       |vga_jtag_uart_0_scfifo_w:the_vga_jtag_uart_0_scfifo_w|                                                                           ; 25 (0)      ; 20 (0)                    ; 0 (0)         ; 512         ; 1    ; 0            ; 0       ; 0         ; 0    ; 0            ; 5 (0)        ; 0 (0)             ; 20 (0)           ; |vga|vga_jtag_uart_0:jtag_uart_0|vga_jtag_uart_0_scfifo_w:the_vga_jtag_uart_0_scfifo_w                                                                                                                                                                                                                                                                       ; vga_jtag_uart_0_scfifo_w                    ; vga          ;
;          |scfifo:wfifo|                                                                                                                 ; 25 (0)      ; 20 (0)                    ; 0 (0)         ; 512         ; 1    ; 0            ; 0       ; 0         ; 0    ; 0            ; 5 (0)        ; 0 (0)             ; 20 (0)           ; |vga|vga_jtag_uart_0:jtag_uart_0|vga_jtag_uart_0_scfifo_w:the_vga_jtag_uart_0_scfifo_w|scfifo:wfifo                                                                                                                                                                                                                                                          ; scfifo                                      ; work         ;
;             |scfifo_jr21:auto_generated|                                                                                                ; 25 (0)      ; 20 (0)                    ; 0 (0)         ; 512         ; 1    ; 0            ; 0       ; 0         ; 0    ; 0            ; 5 (0)        ; 0 (0)             ; 20 (0)           ; |vga|vga_jtag_uart_0:jtag_uart_0|vga_jtag_uart_0_scfifo_w:the_vga_jtag_uart_0_scfifo_w|scfifo:wfifo|scfifo_jr21:auto_generated                                                                                                                                                                                                                               ; scfifo_jr21                                 ; work         ;
;                |a_dpfifo_l011:dpfifo|                                                                                                   ; 25 (0)      ; 20 (0)                    ; 0 (0)         ; 512         ; 1    ; 0            ; 0       ; 0         ; 0    ; 0            ; 5 (0)        ; 0 (0)             ; 20 (0)           ; |vga|vga_jtag_uart_0:jtag_uart_0|vga_jtag_uart_0_scfifo_w:the_vga_jtag_uart_0_scfifo_w|scfifo:wfifo|scfifo_jr21:auto_generated|a_dpfifo_l011:dpfifo                                                                                                                                                                                                          ; a_dpfifo_l011                               ; work         ;
;                   |a_fefifo_7cf:fifo_state|                                                                                             ; 13 (7)      ; 8 (2)                     ; 0 (0)         ; 0           ; 0    ; 0            ; 0       ; 0         ; 0    ; 0            ; 5 (5)        ; 0 (0)             ; 8 (2)            ; |vga|vga_jtag_uart_0:jtag_uart_0|vga_jtag_uart_0_scfifo_w:the_vga_jtag_uart_0_scfifo_w|scfifo:wfifo|scfifo_jr21:auto_generated|a_dpfifo_l011:dpfifo|a_fefifo_7cf:fifo_state                                                                                                                                                                                  ; a_fefifo_7cf                                ; work         ;
;                      |cntr_do7:count_usedw|                                                                                             ; 6 (6)       ; 6 (6)                     ; 0 (0)         ; 0           ; 0    ; 0            ; 0       ; 0         ; 0    ; 0            ; 0 (0)        ; 0 (0)             ; 6 (6)            ; |vga|vga_jtag_uart_0:jtag_uart_0|vga_jtag_uart_0_scfifo_w:the_vga_jtag_uart_0_scfifo_w|scfifo:wfifo|scfifo_jr21:auto_generated|a_dpfifo_l011:dpfifo|a_fefifo_7cf:fifo_state|cntr_do7:count_usedw                                                                                                                                                             ; cntr_do7                                    ; work         ;
;                   |altsyncram_nio1:FIFOram|                                                                                             ; 0 (0)       ; 0 (0)                     ; 0 (0)         ; 512         ; 1    ; 0            ; 0       ; 0         ; 0    ; 0            ; 0 (0)        ; 0 (0)             ; 0 (0)            ; |vga|vga_jtag_uart_0:jtag_uart_0|vga_jtag_uart_0_scfifo_w:the_vga_jtag_uart_0_scfifo_w|scfifo:wfifo|scfifo_jr21:auto_generated|a_dpfifo_l011:dpfifo|altsyncram_nio1:FIFOram                                                                                                                                                                                  ; altsyncram_nio1                             ; work         ;
;                   |cntr_1ob:rd_ptr_count|                                                                                               ; 6 (6)       ; 6 (6)                     ; 0 (0)         ; 0           ; 0    ; 0            ; 0       ; 0         ; 0    ; 0            ; 0 (0)        ; 0 (0)             ; 6 (6)            ; |vga|vga_jtag_uart_0:jtag_uart_0|vga_jtag_uart_0_scfifo_w:the_vga_jtag_uart_0_scfifo_w|scfifo:wfifo|scfifo_jr21:auto_generated|a_dpfifo_l011:dpfifo|cntr_1ob:rd_ptr_count                                                                                                                                                                                    ; cntr_1ob                                    ; work         ;
;                   |cntr_1ob:wr_ptr|                                                                                                     ; 6 (6)       ; 6 (6)                     ; 0 (0)         ; 0           ; 0    ; 0            ; 0       ; 0         ; 0    ; 0            ; 0 (0)        ; 0 (0)             ; 6 (6)            ; |vga|vga_jtag_uart_0:jtag_uart_0|vga_jtag_uart_0_scfifo_w:the_vga_jtag_uart_0_scfifo_w|scfifo:wfifo|scfifo_jr21:auto_generated|a_dpfifo_l011:dpfifo|cntr_1ob:wr_ptr                                                                                                                                                                                          ; cntr_1ob                                    ; work         ;
;    |vga_mm_interconnect_0:mm_interconnect_0|                                                                                            ; 789 (0)     ; 386 (0)                   ; 0 (0)         ; 0           ; 0    ; 0            ; 0       ; 0         ; 0    ; 0            ; 309 (0)      ; 80 (0)            ; 400 (0)          ; |vga|vga_mm_interconnect_0:mm_interconnect_0                                                                                                                                                                                                                                                                                                                 ; vga_mm_interconnect_0                       ; vga          ;
;       |altera_avalon_sc_fifo:av_config_avalon_av_config_slave_agent_rsp_fifo|                                                           ; 4 (4)       ; 2 (2)                     ; 0 (0)         ; 0           ; 0    ; 0            ; 0       ; 0         ; 0    ; 0            ; 2 (2)        ; 0 (0)             ; 2 (2)            ; |vga|vga_mm_interconnect_0:mm_interconnect_0|altera_avalon_sc_fifo:av_config_avalon_av_config_slave_agent_rsp_fifo                                                                                                                                                                                                                                           ; altera_avalon_sc_fifo                       ; vga          ;
;       |altera_avalon_sc_fifo:jtag_uart_0_avalon_jtag_slave_agent_rdata_fifo|                                                            ; 70 (70)     ; 46 (46)                   ; 0 (0)         ; 0           ; 0    ; 0            ; 0       ; 0         ; 0    ; 0            ; 2 (2)        ; 21 (21)           ; 47 (47)          ; |vga|vga_mm_interconnect_0:mm_interconnect_0|altera_avalon_sc_fifo:jtag_uart_0_avalon_jtag_slave_agent_rdata_fifo                                                                                                                                                                                                                                            ; altera_avalon_sc_fifo                       ; vga          ;
;       |altera_avalon_sc_fifo:jtag_uart_0_avalon_jtag_slave_agent_rsp_fifo|                                                              ; 9 (9)       ; 4 (4)                     ; 0 (0)         ; 0           ; 0    ; 0            ; 0       ; 0         ; 0    ; 0            ; 3 (3)        ; 0 (0)             ; 6 (6)            ; |vga|vga_mm_interconnect_0:mm_interconnect_0|altera_avalon_sc_fifo:jtag_uart_0_avalon_jtag_slave_agent_rsp_fifo                                                                                                                                                                                                                                              ; altera_avalon_sc_fifo                       ; vga          ;
;       |altera_avalon_sc_fifo:nios2_gen2_0_debug_mem_slave_agent_rsp_fifo|                                                               ; 10 (10)     ; 6 (6)                     ; 0 (0)         ; 0           ; 0    ; 0            ; 0       ; 0         ; 0    ; 0            ; 4 (4)        ; 1 (1)             ; 5 (5)            ; |vga|vga_mm_interconnect_0:mm_interconnect_0|altera_avalon_sc_fifo:nios2_gen2_0_debug_mem_slave_agent_rsp_fifo                                                                                                                                                                                                                                               ; altera_avalon_sc_fifo                       ; vga          ;
;       |altera_avalon_sc_fifo:onchip_memory2_0_s1_agent_rsp_fifo|                                                                        ; 9 (9)       ; 6 (6)                     ; 0 (0)         ; 0           ; 0    ; 0            ; 0       ; 0         ; 0    ; 0            ; 3 (3)        ; 0 (0)             ; 6 (6)            ; |vga|vga_mm_interconnect_0:mm_interconnect_0|altera_avalon_sc_fifo:onchip_memory2_0_s1_agent_rsp_fifo                                                                                                                                                                                                                                                        ; altera_avalon_sc_fifo                       ; vga          ;
;       |altera_avalon_sc_fifo:sram_avalon_sram_slave_agent_rdata_fifo|                                                                   ; 71 (71)     ; 51 (51)                   ; 0 (0)         ; 0           ; 0    ; 0            ; 0       ; 0         ; 0    ; 0            ; 14 (14)      ; 15 (15)           ; 42 (42)          ; |vga|vga_mm_interconnect_0:mm_interconnect_0|altera_avalon_sc_fifo:sram_avalon_sram_slave_agent_rdata_fifo                                                                                                                                                                                                                                                   ; altera_avalon_sc_fifo                       ; vga          ;
;       |altera_avalon_sc_fifo:sram_avalon_sram_slave_agent_rsp_fifo|                                                                     ; 40 (40)     ; 33 (33)                   ; 0 (0)         ; 0           ; 0    ; 0            ; 0       ; 0         ; 0    ; 0            ; 7 (7)        ; 8 (8)             ; 25 (25)          ; |vga|vga_mm_interconnect_0:mm_interconnect_0|altera_avalon_sc_fifo:sram_avalon_sram_slave_agent_rsp_fifo                                                                                                                                                                                                                                                     ; altera_avalon_sc_fifo                       ; vga          ;
;       |altera_avalon_sc_fifo:video_dma_controller_0_avalon_dma_control_slave_agent_rsp_fifo|                                            ; 5 (5)       ; 2 (2)                     ; 0 (0)         ; 0           ; 0    ; 0            ; 0       ; 0         ; 0    ; 0            ; 3 (3)        ; 0 (0)             ; 2 (2)            ; |vga|vga_mm_interconnect_0:mm_interconnect_0|altera_avalon_sc_fifo:video_dma_controller_0_avalon_dma_control_slave_agent_rsp_fifo                                                                                                                                                                                                                            ; altera_avalon_sc_fifo                       ; vga          ;
;       |altera_avalon_sc_fifo:video_pixel_buffer_dma_0_avalon_control_slave_agent_rsp_fifo|                                              ; 5 (5)       ; 2 (2)                     ; 0 (0)         ; 0           ; 0    ; 0            ; 0       ; 0         ; 0    ; 0            ; 3 (3)        ; 0 (0)             ; 2 (2)            ; |vga|vga_mm_interconnect_0:mm_interconnect_0|altera_avalon_sc_fifo:video_pixel_buffer_dma_0_avalon_control_slave_agent_rsp_fifo                                                                                                                                                                                                                              ; altera_avalon_sc_fifo                       ; vga          ;
;       |altera_avalon_sc_fifo:video_rgb_resampler_0_avalon_rgb_slave_agent_rsp_fifo|                                                     ; 4 (4)       ; 2 (2)                     ; 0 (0)         ; 0           ; 0    ; 0            ; 0       ; 0         ; 0    ; 0            ; 1 (1)        ; 0 (0)             ; 3 (3)            ; |vga|vga_mm_interconnect_0:mm_interconnect_0|altera_avalon_sc_fifo:video_rgb_resampler_0_avalon_rgb_slave_agent_rsp_fifo                                                                                                                                                                                                                                     ; altera_avalon_sc_fifo                       ; vga          ;
;       |altera_avalon_sc_fifo:video_rgb_resampler_1_avalon_rgb_slave_agent_rsp_fifo|                                                     ; 5 (5)       ; 2 (2)                     ; 0 (0)         ; 0           ; 0    ; 0            ; 0       ; 0         ; 0    ; 0            ; 2 (2)        ; 0 (0)             ; 3 (3)            ; |vga|vga_mm_interconnect_0:mm_interconnect_0|altera_avalon_sc_fifo:video_rgb_resampler_1_avalon_rgb_slave_agent_rsp_fifo                                                                                                                                                                                                                                     ; altera_avalon_sc_fifo                       ; vga          ;
;       |altera_avalon_st_handshake_clock_crosser:crosser_001|                                                                            ; 53 (0)      ; 50 (0)                    ; 0 (0)         ; 0           ; 0    ; 0            ; 0       ; 0         ; 0    ; 0            ; 1 (0)        ; 4 (0)             ; 48 (0)           ; |vga|vga_mm_interconnect_0:mm_interconnect_0|altera_avalon_st_handshake_clock_crosser:crosser_001                                                                                                                                                                                                                                                            ; altera_avalon_st_handshake_clock_crosser    ; vga          ;
;          |altera_avalon_st_clock_crosser:clock_xer|                                                                                     ; 53 (49)     ; 50 (46)                   ; 0 (0)         ; 0           ; 0    ; 0            ; 0       ; 0         ; 0    ; 0            ; 1 (1)        ; 4 (1)             ; 48 (48)          ; |vga|vga_mm_interconnect_0:mm_interconnect_0|altera_avalon_st_handshake_clock_crosser:crosser_001|altera_avalon_st_clock_crosser:clock_xer                                                                                                                                                                                                                   ; altera_avalon_st_clock_crosser              ; vga          ;
;             |altera_std_synchronizer_nocut:in_to_out_synchronizer|                                                                      ; 2 (2)       ; 2 (2)                     ; 0 (0)         ; 0           ; 0    ; 0            ; 0       ; 0         ; 0    ; 0            ; 0 (0)        ; 1 (1)             ; 1 (1)            ; |vga|vga_mm_interconnect_0:mm_interconnect_0|altera_avalon_st_handshake_clock_crosser:crosser_001|altera_avalon_st_clock_crosser:clock_xer|altera_std_synchronizer_nocut:in_to_out_synchronizer                                                                                                                                                              ; altera_std_synchronizer_nocut               ; vga          ;
;             |altera_std_synchronizer_nocut:out_to_in_synchronizer|                                                                      ; 2 (2)       ; 2 (2)                     ; 0 (0)         ; 0           ; 0    ; 0            ; 0       ; 0         ; 0    ; 0            ; 0 (0)        ; 2 (2)             ; 0 (0)            ; |vga|vga_mm_interconnect_0:mm_interconnect_0|altera_avalon_st_handshake_clock_crosser:crosser_001|altera_avalon_st_clock_crosser:clock_xer|altera_std_synchronizer_nocut:out_to_in_synchronizer                                                                                                                                                              ; altera_std_synchronizer_nocut               ; vga          ;
;       |altera_avalon_st_handshake_clock_crosser:crosser|                                                                                ; 36 (0)      ; 34 (0)                    ; 0 (0)         ; 0           ; 0    ; 0            ; 0       ; 0         ; 0    ; 0            ; 2 (0)        ; 26 (0)            ; 8 (0)            ; |vga|vga_mm_interconnect_0:mm_interconnect_0|altera_avalon_st_handshake_clock_crosser:crosser                                                                                                                                                                                                                                                                ; altera_avalon_st_handshake_clock_crosser    ; vga          ;
;          |altera_avalon_st_clock_crosser:clock_xer|                                                                                     ; 36 (32)     ; 34 (30)                   ; 0 (0)         ; 0           ; 0    ; 0            ; 0       ; 0         ; 0    ; 0            ; 2 (2)        ; 26 (23)           ; 8 (7)            ; |vga|vga_mm_interconnect_0:mm_interconnect_0|altera_avalon_st_handshake_clock_crosser:crosser|altera_avalon_st_clock_crosser:clock_xer                                                                                                                                                                                                                       ; altera_avalon_st_clock_crosser              ; vga          ;
;             |altera_std_synchronizer_nocut:in_to_out_synchronizer|                                                                      ; 2 (2)       ; 2 (2)                     ; 0 (0)         ; 0           ; 0    ; 0            ; 0       ; 0         ; 0    ; 0            ; 0 (0)        ; 1 (1)             ; 1 (1)            ; |vga|vga_mm_interconnect_0:mm_interconnect_0|altera_avalon_st_handshake_clock_crosser:crosser|altera_avalon_st_clock_crosser:clock_xer|altera_std_synchronizer_nocut:in_to_out_synchronizer                                                                                                                                                                  ; altera_std_synchronizer_nocut               ; vga          ;
;             |altera_std_synchronizer_nocut:out_to_in_synchronizer|                                                                      ; 2 (2)       ; 2 (2)                     ; 0 (0)         ; 0           ; 0    ; 0            ; 0       ; 0         ; 0    ; 0            ; 0 (0)        ; 2 (2)             ; 0 (0)            ; |vga|vga_mm_interconnect_0:mm_interconnect_0|altera_avalon_st_handshake_clock_crosser:crosser|altera_avalon_st_clock_crosser:clock_xer|altera_std_synchronizer_nocut:out_to_in_synchronizer                                                                                                                                                                  ; altera_std_synchronizer_nocut               ; vga          ;
;       |altera_merlin_master_agent:nios2_gen2_0_data_master_agent|                                                                       ; 3 (3)       ; 1 (1)                     ; 0 (0)         ; 0           ; 0    ; 0            ; 0       ; 0         ; 0    ; 0            ; 2 (2)        ; 0 (0)             ; 1 (1)            ; |vga|vga_mm_interconnect_0:mm_interconnect_0|altera_merlin_master_agent:nios2_gen2_0_data_master_agent                                                                                                                                                                                                                                                       ; altera_merlin_master_agent                  ; vga          ;
;       |altera_merlin_master_agent:nios2_gen2_0_instruction_master_agent|                                                                ; 1 (1)       ; 0 (0)                     ; 0 (0)         ; 0           ; 0    ; 0            ; 0       ; 0         ; 0    ; 0            ; 1 (1)        ; 0 (0)             ; 0 (0)            ; |vga|vga_mm_interconnect_0:mm_interconnect_0|altera_merlin_master_agent:nios2_gen2_0_instruction_master_agent                                                                                                                                                                                                                                                ; altera_merlin_master_agent                  ; vga          ;
;       |altera_merlin_master_agent:video_dma_controller_0_avalon_dma_master_agent|                                                       ; 2 (2)       ; 1 (1)                     ; 0 (0)         ; 0           ; 0    ; 0            ; 0       ; 0         ; 0    ; 0            ; 1 (1)        ; 0 (0)             ; 1 (1)            ; |vga|vga_mm_interconnect_0:mm_interconnect_0|altera_merlin_master_agent:video_dma_controller_0_avalon_dma_master_agent                                                                                                                                                                                                                                       ; altera_merlin_master_agent                  ; vga          ;
;       |altera_merlin_master_agent:video_pixel_buffer_dma_0_avalon_pixel_dma_master_agent|                                               ; 2 (2)       ; 0 (0)                     ; 0 (0)         ; 0           ; 0    ; 0            ; 0       ; 0         ; 0    ; 0            ; 2 (2)        ; 0 (0)             ; 0 (0)            ; |vga|vga_mm_interconnect_0:mm_interconnect_0|altera_merlin_master_agent:video_pixel_buffer_dma_0_avalon_pixel_dma_master_agent                                                                                                                                                                                                                               ; altera_merlin_master_agent                  ; vga          ;
;       |altera_merlin_master_translator:nios2_gen2_0_data_master_translator|                                                             ; 8 (8)       ; 3 (3)                     ; 0 (0)         ; 0           ; 0    ; 0            ; 0       ; 0         ; 0    ; 0            ; 5 (5)        ; 0 (0)             ; 3 (3)            ; |vga|vga_mm_interconnect_0:mm_interconnect_0|altera_merlin_master_translator:nios2_gen2_0_data_master_translator                                                                                                                                                                                                                                             ; altera_merlin_master_translator             ; vga          ;
;       |altera_merlin_master_translator:nios2_gen2_0_instruction_master_translator|                                                      ; 4 (4)       ; 1 (1)                     ; 0 (0)         ; 0           ; 0    ; 0            ; 0       ; 0         ; 0    ; 0            ; 3 (3)        ; 0 (0)             ; 1 (1)            ; |vga|vga_mm_interconnect_0:mm_interconnect_0|altera_merlin_master_translator:nios2_gen2_0_instruction_master_translator                                                                                                                                                                                                                                      ; altera_merlin_master_translator             ; vga          ;
;       |altera_merlin_slave_agent:av_config_avalon_av_config_slave_agent|                                                                ; 1 (1)       ; 0 (0)                     ; 0 (0)         ; 0           ; 0    ; 0            ; 0       ; 0         ; 0    ; 0            ; 1 (1)        ; 0 (0)             ; 0 (0)            ; |vga|vga_mm_interconnect_0:mm_interconnect_0|altera_merlin_slave_agent:av_config_avalon_av_config_slave_agent                                                                                                                                                                                                                                                ; altera_merlin_slave_agent                   ; vga          ;
;       |altera_merlin_slave_agent:jtag_uart_0_avalon_jtag_slave_agent|                                                                   ; 2 (2)       ; 0 (0)                     ; 0 (0)         ; 0           ; 0    ; 0            ; 0       ; 0         ; 0    ; 0            ; 2 (2)        ; 0 (0)             ; 0 (0)            ; |vga|vga_mm_interconnect_0:mm_interconnect_0|altera_merlin_slave_agent:jtag_uart_0_avalon_jtag_slave_agent                                                                                                                                                                                                                                                   ; altera_merlin_slave_agent                   ; vga          ;
;       |altera_merlin_slave_agent:nios2_gen2_0_debug_mem_slave_agent|                                                                    ; 1 (1)       ; 0 (0)                     ; 0 (0)         ; 0           ; 0    ; 0            ; 0       ; 0         ; 0    ; 0            ; 0 (0)        ; 0 (0)             ; 1 (1)            ; |vga|vga_mm_interconnect_0:mm_interconnect_0|altera_merlin_slave_agent:nios2_gen2_0_debug_mem_slave_agent                                                                                                                                                                                                                                                    ; altera_merlin_slave_agent                   ; vga          ;
;       |altera_merlin_slave_agent:sram_avalon_sram_slave_agent|                                                                          ; 13 (7)      ; 3 (0)                     ; 0 (0)         ; 0           ; 0    ; 0            ; 0       ; 0         ; 0    ; 0            ; 8 (5)        ; 0 (0)             ; 5 (2)            ; |vga|vga_mm_interconnect_0:mm_interconnect_0|altera_merlin_slave_agent:sram_avalon_sram_slave_agent                                                                                                                                                                                                                                                          ; altera_merlin_slave_agent                   ; vga          ;
;          |altera_merlin_burst_uncompressor:uncompressor|                                                                                ; 6 (6)       ; 3 (3)                     ; 0 (0)         ; 0           ; 0    ; 0            ; 0       ; 0         ; 0    ; 0            ; 3 (3)        ; 0 (0)             ; 3 (3)            ; |vga|vga_mm_interconnect_0:mm_interconnect_0|altera_merlin_slave_agent:sram_avalon_sram_slave_agent|altera_merlin_burst_uncompressor:uncompressor                                                                                                                                                                                                            ; altera_merlin_burst_uncompressor            ; vga          ;
;       |altera_merlin_slave_agent:video_rgb_resampler_0_avalon_rgb_slave_agent|                                                          ; 2 (2)       ; 0 (0)                     ; 0 (0)         ; 0           ; 0    ; 0            ; 0       ; 0         ; 0    ; 0            ; 2 (2)        ; 0 (0)             ; 0 (0)            ; |vga|vga_mm_interconnect_0:mm_interconnect_0|altera_merlin_slave_agent:video_rgb_resampler_0_avalon_rgb_slave_agent                                                                                                                                                                                                                                          ; altera_merlin_slave_agent                   ; vga          ;
;       |altera_merlin_slave_translator:av_config_avalon_av_config_slave_translator|                                                      ; 1 (1)       ; 1 (1)                     ; 0 (0)         ; 0           ; 0    ; 0            ; 0       ; 0         ; 0    ; 0            ; 0 (0)        ; 0 (0)             ; 1 (1)            ; |vga|vga_mm_interconnect_0:mm_interconnect_0|altera_merlin_slave_translator:av_config_avalon_av_config_slave_translator                                                                                                                                                                                                                                      ; altera_merlin_slave_translator              ; vga          ;
;       |altera_merlin_slave_translator:jtag_uart_0_avalon_jtag_slave_translator|                                                         ; 24 (24)     ; 23 (23)                   ; 0 (0)         ; 0           ; 0    ; 0            ; 0       ; 0         ; 0    ; 0            ; 1 (1)        ; 3 (3)             ; 20 (20)          ; |vga|vga_mm_interconnect_0:mm_interconnect_0|altera_merlin_slave_translator:jtag_uart_0_avalon_jtag_slave_translator                                                                                                                                                                                                                                         ; altera_merlin_slave_translator              ; vga          ;
;       |altera_merlin_slave_translator:nios2_gen2_0_debug_mem_slave_translator|                                                          ; 33 (33)     ; 33 (33)                   ; 0 (0)         ; 0           ; 0    ; 0            ; 0       ; 0         ; 0    ; 0            ; 0 (0)        ; 0 (0)             ; 33 (33)          ; |vga|vga_mm_interconnect_0:mm_interconnect_0|altera_merlin_slave_translator:nios2_gen2_0_debug_mem_slave_translator                                                                                                                                                                                                                                          ; altera_merlin_slave_translator              ; vga          ;
;       |altera_merlin_slave_translator:onchip_memory2_0_s1_translator|                                                                   ; 1 (1)       ; 1 (1)                     ; 0 (0)         ; 0           ; 0    ; 0            ; 0       ; 0         ; 0    ; 0            ; 0 (0)        ; 0 (0)             ; 1 (1)            ; |vga|vga_mm_interconnect_0:mm_interconnect_0|altera_merlin_slave_translator:onchip_memory2_0_s1_translator                                                                                                                                                                                                                                                   ; altera_merlin_slave_translator              ; vga          ;
;       |altera_merlin_slave_translator:video_dma_controller_0_avalon_dma_control_slave_translator|                                       ; 1 (1)       ; 1 (1)                     ; 0 (0)         ; 0           ; 0    ; 0            ; 0       ; 0         ; 0    ; 0            ; 0 (0)        ; 0 (0)             ; 1 (1)            ; |vga|vga_mm_interconnect_0:mm_interconnect_0|altera_merlin_slave_translator:video_dma_controller_0_avalon_dma_control_slave_translator                                                                                                                                                                                                                       ; altera_merlin_slave_translator              ; vga          ;
;       |altera_merlin_slave_translator:video_pixel_buffer_dma_0_avalon_control_slave_translator|                                         ; 1 (1)       ; 1 (1)                     ; 0 (0)         ; 0           ; 0    ; 0            ; 0       ; 0         ; 0    ; 0            ; 0 (0)        ; 0 (0)             ; 1 (1)            ; |vga|vga_mm_interconnect_0:mm_interconnect_0|altera_merlin_slave_translator:video_pixel_buffer_dma_0_avalon_control_slave_translator                                                                                                                                                                                                                         ; altera_merlin_slave_translator              ; vga          ;
;       |altera_merlin_slave_translator:video_rgb_resampler_0_avalon_rgb_slave_translator|                                                ; 1 (1)       ; 1 (1)                     ; 0 (0)         ; 0           ; 0    ; 0            ; 0       ; 0         ; 0    ; 0            ; 0 (0)        ; 0 (0)             ; 1 (1)            ; |vga|vga_mm_interconnect_0:mm_interconnect_0|altera_merlin_slave_translator:video_rgb_resampler_0_avalon_rgb_slave_translator                                                                                                                                                                                                                                ; altera_merlin_slave_translator              ; vga          ;
;       |altera_merlin_slave_translator:video_rgb_resampler_1_avalon_rgb_slave_translator|                                                ; 1 (1)       ; 1 (1)                     ; 0 (0)         ; 0           ; 0    ; 0            ; 0       ; 0         ; 0    ; 0            ; 0 (0)        ; 0 (0)             ; 1 (1)            ; |vga|vga_mm_interconnect_0:mm_interconnect_0|altera_merlin_slave_translator:video_rgb_resampler_1_avalon_rgb_slave_translator                                                                                                                                                                                                                                ; altera_merlin_slave_translator              ; vga          ;
;       |altera_merlin_width_adapter:nios2_gen2_0_data_master_to_sram_avalon_sram_slave_cmd_width_adapter|                                ; 42 (42)     ; 41 (41)                   ; 0 (0)         ; 0           ; 0    ; 0            ; 0       ; 0         ; 0    ; 0            ; 1 (1)        ; 0 (0)             ; 41 (41)          ; |vga|vga_mm_interconnect_0:mm_interconnect_0|altera_merlin_width_adapter:nios2_gen2_0_data_master_to_sram_avalon_sram_slave_cmd_width_adapter                                                                                                                                                                                                                ; altera_merlin_width_adapter                 ; vga          ;
;       |altera_merlin_width_adapter:sram_avalon_sram_slave_to_nios2_gen2_0_data_master_rsp_width_adapter|                                ; 19 (19)     ; 16 (16)                   ; 0 (0)         ; 0           ; 0    ; 0            ; 0       ; 0         ; 0    ; 0            ; 3 (3)        ; 0 (0)             ; 16 (16)          ; |vga|vga_mm_interconnect_0:mm_interconnect_0|altera_merlin_width_adapter:sram_avalon_sram_slave_to_nios2_gen2_0_data_master_rsp_width_adapter                                                                                                                                                                                                                ; altera_merlin_width_adapter                 ; vga          ;
;       |vga_mm_interconnect_0_cmd_demux_002:cmd_demux_002|                                                                               ; 11 (11)     ; 0 (0)                     ; 0 (0)         ; 0           ; 0    ; 0            ; 0       ; 0         ; 0    ; 0            ; 10 (10)      ; 0 (0)             ; 1 (1)            ; |vga|vga_mm_interconnect_0:mm_interconnect_0|vga_mm_interconnect_0_cmd_demux_002:cmd_demux_002                                                                                                                                                                                                                                                               ; vga_mm_interconnect_0_cmd_demux_002         ; vga          ;
;       |vga_mm_interconnect_0_cmd_demux_003:cmd_demux_003|                                                                               ; 2 (2)       ; 0 (0)                     ; 0 (0)         ; 0           ; 0    ; 0            ; 0       ; 0         ; 0    ; 0            ; 2 (2)        ; 0 (0)             ; 0 (0)            ; |vga|vga_mm_interconnect_0:mm_interconnect_0|vga_mm_interconnect_0_cmd_demux_003:cmd_demux_003                                                                                                                                                                                                                                                               ; vga_mm_interconnect_0_cmd_demux_003         ; vga          ;
;       |vga_mm_interconnect_0_cmd_demux_003:rsp_demux_007|                                                                               ; 2 (2)       ; 0 (0)                     ; 0 (0)         ; 0           ; 0    ; 0            ; 0       ; 0         ; 0    ; 0            ; 2 (2)        ; 0 (0)             ; 0 (0)            ; |vga|vga_mm_interconnect_0:mm_interconnect_0|vga_mm_interconnect_0_cmd_demux_003:rsp_demux_007                                                                                                                                                                                                                                                               ; vga_mm_interconnect_0_cmd_demux_003         ; vga          ;
;       |vga_mm_interconnect_0_cmd_demux_003:rsp_demux_008|                                                                               ; 2 (2)       ; 0 (0)                     ; 0 (0)         ; 0           ; 0    ; 0            ; 0       ; 0         ; 0    ; 0            ; 2 (2)        ; 0 (0)             ; 0 (0)            ; |vga|vga_mm_interconnect_0:mm_interconnect_0|vga_mm_interconnect_0_cmd_demux_003:rsp_demux_008                                                                                                                                                                                                                                                               ; vga_mm_interconnect_0_cmd_demux_003         ; vga          ;
;       |vga_mm_interconnect_0_cmd_mux:cmd_mux|                                                                                           ; 116 (108)   ; 8 (5)                     ; 0 (0)         ; 0           ; 0    ; 0            ; 0       ; 0         ; 0    ; 0            ; 54 (49)      ; 1 (1)             ; 61 (56)          ; |vga|vga_mm_interconnect_0:mm_interconnect_0|vga_mm_interconnect_0_cmd_mux:cmd_mux                                                                                                                                                                                                                                                                           ; vga_mm_interconnect_0_cmd_mux               ; vga          ;
;          |altera_merlin_arbitrator:arb|                                                                                                 ; 10 (7)      ; 3 (3)                     ; 0 (0)         ; 0           ; 0    ; 0            ; 0       ; 0         ; 0    ; 0            ; 5 (3)        ; 0 (0)             ; 5 (4)            ; |vga|vga_mm_interconnect_0:mm_interconnect_0|vga_mm_interconnect_0_cmd_mux:cmd_mux|altera_merlin_arbitrator:arb                                                                                                                                                                                                                                              ; altera_merlin_arbitrator                    ; vga          ;
;             |altera_merlin_arb_adder:adder|                                                                                             ; 3 (3)       ; 0 (0)                     ; 0 (0)         ; 0           ; 0    ; 0            ; 0       ; 0         ; 0    ; 0            ; 2 (2)        ; 0 (0)             ; 1 (1)            ; |vga|vga_mm_interconnect_0:mm_interconnect_0|vga_mm_interconnect_0_cmd_mux:cmd_mux|altera_merlin_arbitrator:arb|altera_merlin_arb_adder:adder                                                                                                                                                                                                                ; altera_merlin_arb_adder                     ; vga          ;
;       |vga_mm_interconnect_0_cmd_mux_007:cmd_mux_007|                                                                                   ; 56 (53)     ; 5 (3)                     ; 0 (0)         ; 0           ; 0    ; 0            ; 0       ; 0         ; 0    ; 0            ; 5 (4)        ; 1 (1)             ; 50 (47)          ; |vga|vga_mm_interconnect_0:mm_interconnect_0|vga_mm_interconnect_0_cmd_mux_007:cmd_mux_007                                                                                                                                                                                                                                                                   ; vga_mm_interconnect_0_cmd_mux_007           ; vga          ;
;          |altera_merlin_arbitrator:arb|                                                                                                 ; 4 (4)       ; 2 (2)                     ; 0 (0)         ; 0           ; 0    ; 0            ; 0       ; 0         ; 0    ; 0            ; 1 (1)        ; 0 (0)             ; 3 (3)            ; |vga|vga_mm_interconnect_0:mm_interconnect_0|vga_mm_interconnect_0_cmd_mux_007:cmd_mux_007|altera_merlin_arbitrator:arb                                                                                                                                                                                                                                      ; altera_merlin_arbitrator                    ; vga          ;
;       |vga_mm_interconnect_0_cmd_mux_007:cmd_mux_008|                                                                                   ; 54 (52)     ; 5 (3)                     ; 0 (0)         ; 0           ; 0    ; 0            ; 0       ; 0         ; 0    ; 0            ; 44 (44)      ; 0 (0)             ; 10 (6)           ; |vga|vga_mm_interconnect_0:mm_interconnect_0|vga_mm_interconnect_0_cmd_mux_007:cmd_mux_008                                                                                                                                                                                                                                                                   ; vga_mm_interconnect_0_cmd_mux_007           ; vga          ;
;          |altera_merlin_arbitrator:arb|                                                                                                 ; 4 (4)       ; 2 (2)                     ; 0 (0)         ; 0           ; 0    ; 0            ; 0       ; 0         ; 0    ; 0            ; 0 (0)        ; 0 (0)             ; 4 (4)            ; |vga|vga_mm_interconnect_0:mm_interconnect_0|vga_mm_interconnect_0_cmd_mux_007:cmd_mux_008|altera_merlin_arbitrator:arb                                                                                                                                                                                                                                      ; altera_merlin_arbitrator                    ; vga          ;
;       |vga_mm_interconnect_0_router_002:router_002|                                                                                     ; 12 (12)     ; 0 (0)                     ; 0 (0)         ; 0           ; 0    ; 0            ; 0       ; 0         ; 0    ; 0            ; 12 (12)      ; 0 (0)             ; 0 (0)            ; |vga|vga_mm_interconnect_0:mm_interconnect_0|vga_mm_interconnect_0_router_002:router_002                                                                                                                                                                                                                                                                     ; vga_mm_interconnect_0_router_002            ; vga          ;
;       |vga_mm_interconnect_0_router_003:router_003|                                                                                     ; 4 (4)       ; 0 (0)                     ; 0 (0)         ; 0           ; 0    ; 0            ; 0       ; 0         ; 0    ; 0            ; 4 (4)        ; 0 (0)             ; 0 (0)            ; |vga|vga_mm_interconnect_0:mm_interconnect_0|vga_mm_interconnect_0_router_003:router_003                                                                                                                                                                                                                                                                     ; vga_mm_interconnect_0_router_003            ; vga          ;
;       |vga_mm_interconnect_0_rsp_demux:rsp_demux|                                                                                       ; 2 (2)       ; 0 (0)                     ; 0 (0)         ; 0           ; 0    ; 0            ; 0       ; 0         ; 0    ; 0            ; 2 (2)        ; 0 (0)             ; 0 (0)            ; |vga|vga_mm_interconnect_0:mm_interconnect_0|vga_mm_interconnect_0_rsp_demux:rsp_demux                                                                                                                                                                                                                                                                       ; vga_mm_interconnect_0_rsp_demux             ; vga          ;
;       |vga_mm_interconnect_0_rsp_mux_002:rsp_mux_002|                                                                                   ; 131 (131)   ; 0 (0)                     ; 0 (0)         ; 0           ; 0    ; 0            ; 0       ; 0         ; 0    ; 0            ; 84 (84)      ; 0 (0)             ; 47 (47)          ; |vga|vga_mm_interconnect_0:mm_interconnect_0|vga_mm_interconnect_0_rsp_mux_002:rsp_mux_002                                                                                                                                                                                                                                                                   ; vga_mm_interconnect_0_rsp_mux_002           ; vga          ;
;       |vga_mm_interconnect_0_rsp_mux_003:rsp_mux_003|                                                                                   ; 11 (11)     ; 0 (0)                     ; 0 (0)         ; 0           ; 0    ; 0            ; 0       ; 0         ; 0    ; 0            ; 9 (9)        ; 0 (0)             ; 2 (2)            ; |vga|vga_mm_interconnect_0:mm_interconnect_0|vga_mm_interconnect_0_rsp_mux_003:rsp_mux_003                                                                                                                                                                                                                                                                   ; vga_mm_interconnect_0_rsp_mux_003           ; vga          ;
;    |vga_nios2_gen2_0:nios2_gen2_0|                                                                                                      ; 1120 (0)    ; 594 (0)                   ; 0 (0)         ; 10240       ; 3    ; 0            ; 0       ; 0         ; 0    ; 0            ; 518 (0)      ; 63 (0)            ; 539 (0)          ; |vga|vga_nios2_gen2_0:nios2_gen2_0                                                                                                                                                                                                                                                                                                                           ; vga_nios2_gen2_0                            ; vga          ;
;       |vga_nios2_gen2_0_cpu:cpu|                                                                                                        ; 1120 (692)  ; 594 (310)                 ; 0 (0)         ; 10240       ; 3    ; 0            ; 0       ; 0         ; 0    ; 0            ; 518 (374)    ; 63 (5)            ; 539 (313)        ; |vga|vga_nios2_gen2_0:nios2_gen2_0|vga_nios2_gen2_0_cpu:cpu                                                                                                                                                                                                                                                                                                  ; vga_nios2_gen2_0_cpu                        ; vga          ;
;          |vga_nios2_gen2_0_cpu_nios2_oci:the_vga_nios2_gen2_0_cpu_nios2_oci|                                                            ; 428 (84)    ; 284 (80)                  ; 0 (0)         ; 8192        ; 1    ; 0            ; 0       ; 0         ; 0    ; 0            ; 144 (4)      ; 58 (4)            ; 226 (76)         ; |vga|vga_nios2_gen2_0:nios2_gen2_0|vga_nios2_gen2_0_cpu:cpu|vga_nios2_gen2_0_cpu_nios2_oci:the_vga_nios2_gen2_0_cpu_nios2_oci                                                                                                                                                                                                                                ; vga_nios2_gen2_0_cpu_nios2_oci              ; vga          ;
;             |vga_nios2_gen2_0_cpu_debug_slave_wrapper:the_vga_nios2_gen2_0_cpu_debug_slave_wrapper|                                     ; 163 (0)     ; 98 (0)                    ; 0 (0)         ; 0           ; 0    ; 0            ; 0       ; 0         ; 0    ; 0            ; 65 (0)       ; 49 (0)            ; 49 (0)           ; |vga|vga_nios2_gen2_0:nios2_gen2_0|vga_nios2_gen2_0_cpu:cpu|vga_nios2_gen2_0_cpu_nios2_oci:the_vga_nios2_gen2_0_cpu_nios2_oci|vga_nios2_gen2_0_cpu_debug_slave_wrapper:the_vga_nios2_gen2_0_cpu_debug_slave_wrapper                                                                                                                                          ; vga_nios2_gen2_0_cpu_debug_slave_wrapper    ; vga          ;
;                |sld_virtual_jtag_basic:vga_nios2_gen2_0_cpu_debug_slave_phy|                                                            ; 4 (4)       ; 0 (0)                     ; 0 (0)         ; 0           ; 0    ; 0            ; 0       ; 0         ; 0    ; 0            ; 3 (3)        ; 0 (0)             ; 1 (1)            ; |vga|vga_nios2_gen2_0:nios2_gen2_0|vga_nios2_gen2_0_cpu:cpu|vga_nios2_gen2_0_cpu_nios2_oci:the_vga_nios2_gen2_0_cpu_nios2_oci|vga_nios2_gen2_0_cpu_debug_slave_wrapper:the_vga_nios2_gen2_0_cpu_debug_slave_wrapper|sld_virtual_jtag_basic:vga_nios2_gen2_0_cpu_debug_slave_phy                                                                              ; sld_virtual_jtag_basic                      ; work         ;
;                |vga_nios2_gen2_0_cpu_debug_slave_sysclk:the_vga_nios2_gen2_0_cpu_debug_slave_sysclk|                                    ; 53 (49)     ; 49 (45)                   ; 0 (0)         ; 0           ; 0    ; 0            ; 0       ; 0         ; 0    ; 0            ; 4 (4)        ; 42 (39)           ; 7 (6)            ; |vga|vga_nios2_gen2_0:nios2_gen2_0|vga_nios2_gen2_0_cpu:cpu|vga_nios2_gen2_0_cpu_nios2_oci:the_vga_nios2_gen2_0_cpu_nios2_oci|vga_nios2_gen2_0_cpu_debug_slave_wrapper:the_vga_nios2_gen2_0_cpu_debug_slave_wrapper|vga_nios2_gen2_0_cpu_debug_slave_sysclk:the_vga_nios2_gen2_0_cpu_debug_slave_sysclk                                                      ; vga_nios2_gen2_0_cpu_debug_slave_sysclk     ; vga          ;
;                   |altera_std_synchronizer:the_altera_std_synchronizer4|                                                                ; 2 (2)       ; 2 (2)                     ; 0 (0)         ; 0           ; 0    ; 0            ; 0       ; 0         ; 0    ; 0            ; 0 (0)        ; 1 (1)             ; 1 (1)            ; |vga|vga_nios2_gen2_0:nios2_gen2_0|vga_nios2_gen2_0_cpu:cpu|vga_nios2_gen2_0_cpu_nios2_oci:the_vga_nios2_gen2_0_cpu_nios2_oci|vga_nios2_gen2_0_cpu_debug_slave_wrapper:the_vga_nios2_gen2_0_cpu_debug_slave_wrapper|vga_nios2_gen2_0_cpu_debug_slave_sysclk:the_vga_nios2_gen2_0_cpu_debug_slave_sysclk|altera_std_synchronizer:the_altera_std_synchronizer4 ; altera_std_synchronizer                     ; work         ;
;                   |altera_std_synchronizer:the_altera_std_synchronizer5|                                                                ; 2 (2)       ; 2 (2)                     ; 0 (0)         ; 0           ; 0    ; 0            ; 0       ; 0         ; 0    ; 0            ; 0 (0)        ; 2 (2)             ; 0 (0)            ; |vga|vga_nios2_gen2_0:nios2_gen2_0|vga_nios2_gen2_0_cpu:cpu|vga_nios2_gen2_0_cpu_nios2_oci:the_vga_nios2_gen2_0_cpu_nios2_oci|vga_nios2_gen2_0_cpu_debug_slave_wrapper:the_vga_nios2_gen2_0_cpu_debug_slave_wrapper|vga_nios2_gen2_0_cpu_debug_slave_sysclk:the_vga_nios2_gen2_0_cpu_debug_slave_sysclk|altera_std_synchronizer:the_altera_std_synchronizer5 ; altera_std_synchronizer                     ; work         ;
;                |vga_nios2_gen2_0_cpu_debug_slave_tck:the_vga_nios2_gen2_0_cpu_debug_slave_tck|                                          ; 110 (106)   ; 49 (45)                   ; 0 (0)         ; 0           ; 0    ; 0            ; 0       ; 0         ; 0    ; 0            ; 58 (58)      ; 7 (3)             ; 45 (45)          ; |vga|vga_nios2_gen2_0:nios2_gen2_0|vga_nios2_gen2_0_cpu:cpu|vga_nios2_gen2_0_cpu_nios2_oci:the_vga_nios2_gen2_0_cpu_nios2_oci|vga_nios2_gen2_0_cpu_debug_slave_wrapper:the_vga_nios2_gen2_0_cpu_debug_slave_wrapper|vga_nios2_gen2_0_cpu_debug_slave_tck:the_vga_nios2_gen2_0_cpu_debug_slave_tck                                                            ; vga_nios2_gen2_0_cpu_debug_slave_tck        ; vga          ;
;                   |altera_std_synchronizer:the_altera_std_synchronizer2|                                                                ; 2 (2)       ; 2 (2)                     ; 0 (0)         ; 0           ; 0    ; 0            ; 0       ; 0         ; 0    ; 0            ; 0 (0)        ; 2 (2)             ; 0 (0)            ; |vga|vga_nios2_gen2_0:nios2_gen2_0|vga_nios2_gen2_0_cpu:cpu|vga_nios2_gen2_0_cpu_nios2_oci:the_vga_nios2_gen2_0_cpu_nios2_oci|vga_nios2_gen2_0_cpu_debug_slave_wrapper:the_vga_nios2_gen2_0_cpu_debug_slave_wrapper|vga_nios2_gen2_0_cpu_debug_slave_tck:the_vga_nios2_gen2_0_cpu_debug_slave_tck|altera_std_synchronizer:the_altera_std_synchronizer2       ; altera_std_synchronizer                     ; work         ;
;                   |altera_std_synchronizer:the_altera_std_synchronizer3|                                                                ; 2 (2)       ; 2 (2)                     ; 0 (0)         ; 0           ; 0    ; 0            ; 0       ; 0         ; 0    ; 0            ; 0 (0)        ; 2 (2)             ; 0 (0)            ; |vga|vga_nios2_gen2_0:nios2_gen2_0|vga_nios2_gen2_0_cpu:cpu|vga_nios2_gen2_0_cpu_nios2_oci:the_vga_nios2_gen2_0_cpu_nios2_oci|vga_nios2_gen2_0_cpu_debug_slave_wrapper:the_vga_nios2_gen2_0_cpu_debug_slave_wrapper|vga_nios2_gen2_0_cpu_debug_slave_tck:the_vga_nios2_gen2_0_cpu_debug_slave_tck|altera_std_synchronizer:the_altera_std_synchronizer3       ; altera_std_synchronizer                     ; work         ;
;             |vga_nios2_gen2_0_cpu_nios2_avalon_reg:the_vga_nios2_gen2_0_cpu_nios2_avalon_reg|                                           ; 10 (10)     ; 3 (3)                     ; 0 (0)         ; 0           ; 0    ; 0            ; 0       ; 0         ; 0    ; 0            ; 7 (7)        ; 0 (0)             ; 3 (3)            ; |vga|vga_nios2_gen2_0:nios2_gen2_0|vga_nios2_gen2_0_cpu:cpu|vga_nios2_gen2_0_cpu_nios2_oci:the_vga_nios2_gen2_0_cpu_nios2_oci|vga_nios2_gen2_0_cpu_nios2_avalon_reg:the_vga_nios2_gen2_0_cpu_nios2_avalon_reg                                                                                                                                                ; vga_nios2_gen2_0_cpu_nios2_avalon_reg       ; vga          ;
;             |vga_nios2_gen2_0_cpu_nios2_oci_break:the_vga_nios2_gen2_0_cpu_nios2_oci_break|                                             ; 36 (36)     ; 34 (34)                   ; 0 (0)         ; 0           ; 0    ; 0            ; 0       ; 0         ; 0    ; 0            ; 1 (1)        ; 1 (1)             ; 34 (34)          ; |vga|vga_nios2_gen2_0:nios2_gen2_0|vga_nios2_gen2_0_cpu:cpu|vga_nios2_gen2_0_cpu_nios2_oci:the_vga_nios2_gen2_0_cpu_nios2_oci|vga_nios2_gen2_0_cpu_nios2_oci_break:the_vga_nios2_gen2_0_cpu_nios2_oci_break                                                                                                                                                  ; vga_nios2_gen2_0_cpu_nios2_oci_break        ; vga          ;
;             |vga_nios2_gen2_0_cpu_nios2_oci_debug:the_vga_nios2_gen2_0_cpu_nios2_oci_debug|                                             ; 13 (9)      ; 11 (7)                    ; 0 (0)         ; 0           ; 0    ; 0            ; 0       ; 0         ; 0    ; 0            ; 1 (1)        ; 4 (0)             ; 8 (8)            ; |vga|vga_nios2_gen2_0:nios2_gen2_0|vga_nios2_gen2_0_cpu:cpu|vga_nios2_gen2_0_cpu_nios2_oci:the_vga_nios2_gen2_0_cpu_nios2_oci|vga_nios2_gen2_0_cpu_nios2_oci_debug:the_vga_nios2_gen2_0_cpu_nios2_oci_debug                                                                                                                                                  ; vga_nios2_gen2_0_cpu_nios2_oci_debug        ; vga          ;
;                |altera_std_synchronizer:the_altera_std_synchronizer1|                                                                   ; 2 (2)       ; 2 (2)                     ; 0 (0)         ; 0           ; 0    ; 0            ; 0       ; 0         ; 0    ; 0            ; 0 (0)        ; 2 (2)             ; 0 (0)            ; |vga|vga_nios2_gen2_0:nios2_gen2_0|vga_nios2_gen2_0_cpu:cpu|vga_nios2_gen2_0_cpu_nios2_oci:the_vga_nios2_gen2_0_cpu_nios2_oci|vga_nios2_gen2_0_cpu_nios2_oci_debug:the_vga_nios2_gen2_0_cpu_nios2_oci_debug|altera_std_synchronizer:the_altera_std_synchronizer1                                                                                             ; altera_std_synchronizer                     ; work         ;
;                |altera_std_synchronizer:the_altera_std_synchronizer|                                                                    ; 2 (2)       ; 2 (2)                     ; 0 (0)         ; 0           ; 0    ; 0            ; 0       ; 0         ; 0    ; 0            ; 0 (0)        ; 2 (2)             ; 0 (0)            ; |vga|vga_nios2_gen2_0:nios2_gen2_0|vga_nios2_gen2_0_cpu:cpu|vga_nios2_gen2_0_cpu_nios2_oci:the_vga_nios2_gen2_0_cpu_nios2_oci|vga_nios2_gen2_0_cpu_nios2_oci_debug:the_vga_nios2_gen2_0_cpu_nios2_oci_debug|altera_std_synchronizer:the_altera_std_synchronizer                                                                                              ; altera_std_synchronizer                     ; work         ;
;             |vga_nios2_gen2_0_cpu_nios2_oci_im:the_vga_nios2_gen2_0_cpu_nios2_oci_im|                                                   ; 8 (8)       ; 8 (8)                     ; 0 (0)         ; 0           ; 0    ; 0            ; 0       ; 0         ; 0    ; 0            ; 0 (0)        ; 0 (0)             ; 8 (8)            ; |vga|vga_nios2_gen2_0:nios2_gen2_0|vga_nios2_gen2_0_cpu:cpu|vga_nios2_gen2_0_cpu_nios2_oci:the_vga_nios2_gen2_0_cpu_nios2_oci|vga_nios2_gen2_0_cpu_nios2_oci_im:the_vga_nios2_gen2_0_cpu_nios2_oci_im                                                                                                                                                        ; vga_nios2_gen2_0_cpu_nios2_oci_im           ; vga          ;
;             |vga_nios2_gen2_0_cpu_nios2_oci_itrace:the_vga_nios2_gen2_0_cpu_nios2_oci_itrace|                                           ; 1 (1)       ; 1 (1)                     ; 0 (0)         ; 0           ; 0    ; 0            ; 0       ; 0         ; 0    ; 0            ; 0 (0)        ; 0 (0)             ; 1 (1)            ; |vga|vga_nios2_gen2_0:nios2_gen2_0|vga_nios2_gen2_0_cpu:cpu|vga_nios2_gen2_0_cpu_nios2_oci:the_vga_nios2_gen2_0_cpu_nios2_oci|vga_nios2_gen2_0_cpu_nios2_oci_itrace:the_vga_nios2_gen2_0_cpu_nios2_oci_itrace                                                                                                                                                ; vga_nios2_gen2_0_cpu_nios2_oci_itrace       ; vga          ;
;             |vga_nios2_gen2_0_cpu_nios2_ocimem:the_vga_nios2_gen2_0_cpu_nios2_ocimem|                                                   ; 115 (115)   ; 49 (49)                   ; 0 (0)         ; 8192        ; 1    ; 0            ; 0       ; 0         ; 0    ; 0            ; 66 (66)      ; 0 (0)             ; 49 (49)          ; |vga|vga_nios2_gen2_0:nios2_gen2_0|vga_nios2_gen2_0_cpu:cpu|vga_nios2_gen2_0_cpu_nios2_oci:the_vga_nios2_gen2_0_cpu_nios2_oci|vga_nios2_gen2_0_cpu_nios2_ocimem:the_vga_nios2_gen2_0_cpu_nios2_ocimem                                                                                                                                                        ; vga_nios2_gen2_0_cpu_nios2_ocimem           ; vga          ;
;                |vga_nios2_gen2_0_cpu_ociram_sp_ram_module:vga_nios2_gen2_0_cpu_ociram_sp_ram|                                           ; 0 (0)       ; 0 (0)                     ; 0 (0)         ; 8192        ; 1    ; 0            ; 0       ; 0         ; 0    ; 0            ; 0 (0)        ; 0 (0)             ; 0 (0)            ; |vga|vga_nios2_gen2_0:nios2_gen2_0|vga_nios2_gen2_0_cpu:cpu|vga_nios2_gen2_0_cpu_nios2_oci:the_vga_nios2_gen2_0_cpu_nios2_oci|vga_nios2_gen2_0_cpu_nios2_ocimem:the_vga_nios2_gen2_0_cpu_nios2_ocimem|vga_nios2_gen2_0_cpu_ociram_sp_ram_module:vga_nios2_gen2_0_cpu_ociram_sp_ram                                                                           ; vga_nios2_gen2_0_cpu_ociram_sp_ram_module   ; vga          ;
;                   |altsyncram:the_altsyncram|                                                                                           ; 0 (0)       ; 0 (0)                     ; 0 (0)         ; 8192        ; 1    ; 0            ; 0       ; 0         ; 0    ; 0            ; 0 (0)        ; 0 (0)             ; 0 (0)            ; |vga|vga_nios2_gen2_0:nios2_gen2_0|vga_nios2_gen2_0_cpu:cpu|vga_nios2_gen2_0_cpu_nios2_oci:the_vga_nios2_gen2_0_cpu_nios2_oci|vga_nios2_gen2_0_cpu_nios2_ocimem:the_vga_nios2_gen2_0_cpu_nios2_ocimem|vga_nios2_gen2_0_cpu_ociram_sp_ram_module:vga_nios2_gen2_0_cpu_ociram_sp_ram|altsyncram:the_altsyncram                                                 ; altsyncram                                  ; work         ;
;                      |altsyncram_ac71:auto_generated|                                                                                   ; 0 (0)       ; 0 (0)                     ; 0 (0)         ; 8192        ; 1    ; 0            ; 0       ; 0         ; 0    ; 0            ; 0 (0)        ; 0 (0)             ; 0 (0)            ; |vga|vga_nios2_gen2_0:nios2_gen2_0|vga_nios2_gen2_0_cpu:cpu|vga_nios2_gen2_0_cpu_nios2_oci:the_vga_nios2_gen2_0_cpu_nios2_oci|vga_nios2_gen2_0_cpu_nios2_ocimem:the_vga_nios2_gen2_0_cpu_nios2_ocimem|vga_nios2_gen2_0_cpu_ociram_sp_ram_module:vga_nios2_gen2_0_cpu_ociram_sp_ram|altsyncram:the_altsyncram|altsyncram_ac71:auto_generated                  ; altsyncram_ac71                             ; work         ;
;          |vga_nios2_gen2_0_cpu_register_bank_a_module:vga_nios2_gen2_0_cpu_register_bank_a|                                             ; 0 (0)       ; 0 (0)                     ; 0 (0)         ; 1024        ; 1    ; 0            ; 0       ; 0         ; 0    ; 0            ; 0 (0)        ; 0 (0)             ; 0 (0)            ; |vga|vga_nios2_gen2_0:nios2_gen2_0|vga_nios2_gen2_0_cpu:cpu|vga_nios2_gen2_0_cpu_register_bank_a_module:vga_nios2_gen2_0_cpu_register_bank_a                                                                                                                                                                                                                 ; vga_nios2_gen2_0_cpu_register_bank_a_module ; vga          ;
;             |altsyncram:the_altsyncram|                                                                                                 ; 0 (0)       ; 0 (0)                     ; 0 (0)         ; 1024        ; 1    ; 0            ; 0       ; 0         ; 0    ; 0            ; 0 (0)        ; 0 (0)             ; 0 (0)            ; |vga|vga_nios2_gen2_0:nios2_gen2_0|vga_nios2_gen2_0_cpu:cpu|vga_nios2_gen2_0_cpu_register_bank_a_module:vga_nios2_gen2_0_cpu_register_bank_a|altsyncram:the_altsyncram                                                                                                                                                                                       ; altsyncram                                  ; work         ;
;                |altsyncram_6mc1:auto_generated|                                                                                         ; 0 (0)       ; 0 (0)                     ; 0 (0)         ; 1024        ; 1    ; 0            ; 0       ; 0         ; 0    ; 0            ; 0 (0)        ; 0 (0)             ; 0 (0)            ; |vga|vga_nios2_gen2_0:nios2_gen2_0|vga_nios2_gen2_0_cpu:cpu|vga_nios2_gen2_0_cpu_register_bank_a_module:vga_nios2_gen2_0_cpu_register_bank_a|altsyncram:the_altsyncram|altsyncram_6mc1:auto_generated                                                                                                                                                        ; altsyncram_6mc1                             ; work         ;
;          |vga_nios2_gen2_0_cpu_register_bank_b_module:vga_nios2_gen2_0_cpu_register_bank_b|                                             ; 0 (0)       ; 0 (0)                     ; 0 (0)         ; 1024        ; 1    ; 0            ; 0       ; 0         ; 0    ; 0            ; 0 (0)        ; 0 (0)             ; 0 (0)            ; |vga|vga_nios2_gen2_0:nios2_gen2_0|vga_nios2_gen2_0_cpu:cpu|vga_nios2_gen2_0_cpu_register_bank_b_module:vga_nios2_gen2_0_cpu_register_bank_b                                                                                                                                                                                                                 ; vga_nios2_gen2_0_cpu_register_bank_b_module ; vga          ;
;             |altsyncram:the_altsyncram|                                                                                                 ; 0 (0)       ; 0 (0)                     ; 0 (0)         ; 1024        ; 1    ; 0            ; 0       ; 0         ; 0    ; 0            ; 0 (0)        ; 0 (0)             ; 0 (0)            ; |vga|vga_nios2_gen2_0:nios2_gen2_0|vga_nios2_gen2_0_cpu:cpu|vga_nios2_gen2_0_cpu_register_bank_b_module:vga_nios2_gen2_0_cpu_register_bank_b|altsyncram:the_altsyncram                                                                                                                                                                                       ; altsyncram                                  ; work         ;
;                |altsyncram_6mc1:auto_generated|                                                                                         ; 0 (0)       ; 0 (0)                     ; 0 (0)         ; 1024        ; 1    ; 0            ; 0       ; 0         ; 0    ; 0            ; 0 (0)        ; 0 (0)             ; 0 (0)            ; |vga|vga_nios2_gen2_0:nios2_gen2_0|vga_nios2_gen2_0_cpu:cpu|vga_nios2_gen2_0_cpu_register_bank_b_module:vga_nios2_gen2_0_cpu_register_bank_b|altsyncram:the_altsyncram|altsyncram_6mc1:auto_generated                                                                                                                                                        ; altsyncram_6mc1                             ; work         ;
;    |vga_onchip_memory2_0:onchip_memory2_0|                                                                                              ; 1 (1)       ; 0 (0)                     ; 0 (0)         ; 15680       ; 2    ; 0            ; 0       ; 0         ; 0    ; 0            ; 1 (1)        ; 0 (0)             ; 0 (0)            ; |vga|vga_onchip_memory2_0:onchip_memory2_0                                                                                                                                                                                                                                                                                                                   ; vga_onchip_memory2_0                        ; vga          ;
;       |altsyncram:the_altsyncram|                                                                                                       ; 0 (0)       ; 0 (0)                     ; 0 (0)         ; 15680       ; 2    ; 0            ; 0       ; 0         ; 0    ; 0            ; 0 (0)        ; 0 (0)             ; 0 (0)            ; |vga|vga_onchip_memory2_0:onchip_memory2_0|altsyncram:the_altsyncram                                                                                                                                                                                                                                                                                         ; altsyncram                                  ; work         ;
;          |altsyncram_8jg1:auto_generated|                                                                                               ; 0 (0)       ; 0 (0)                     ; 0 (0)         ; 15680       ; 2    ; 0            ; 0       ; 0         ; 0    ; 0            ; 0 (0)        ; 0 (0)             ; 0 (0)            ; |vga|vga_onchip_memory2_0:onchip_memory2_0|altsyncram:the_altsyncram|altsyncram_8jg1:auto_generated                                                                                                                                                                                                                                                          ; altsyncram_8jg1                             ; work         ;
;    |vga_sram:sram|                                                                                                                      ; 60 (60)     ; 60 (60)                   ; 0 (0)         ; 0           ; 0    ; 0            ; 0       ; 0         ; 0    ; 0            ; 0 (0)        ; 12 (12)           ; 48 (48)          ; |vga|vga_sram:sram                                                                                                                                                                                                                                                                                                                                           ; vga_sram                                    ; vga          ;
;    |vga_vga_controller:vga_controller|                                                                                                  ; 100 (28)    ; 83 (28)                   ; 0 (0)         ; 0           ; 0    ; 0            ; 0       ; 0         ; 0    ; 0            ; 17 (0)       ; 27 (27)           ; 56 (1)           ; |vga|vga_vga_controller:vga_controller                                                                                                                                                                                                                                                                                                                       ; vga_vga_controller                          ; vga          ;
;       |altera_up_avalon_video_vga_timing:VGA_Timing|                                                                                    ; 72 (72)     ; 55 (55)                   ; 0 (0)         ; 0           ; 0    ; 0            ; 0       ; 0         ; 0    ; 0            ; 17 (17)      ; 0 (0)             ; 55 (55)          ; |vga|vga_vga_controller:vga_controller|altera_up_avalon_video_vga_timing:VGA_Timing                                                                                                                                                                                                                                                                          ; altera_up_avalon_video_vga_timing           ; vga          ;
;    |vga_video_chroma_resampler_0:video_chroma_resampler_0|                                                                              ; 57 (57)     ; 52 (52)                   ; 0 (0)         ; 0           ; 0    ; 0            ; 0       ; 0         ; 0    ; 0            ; 5 (5)        ; 0 (0)             ; 52 (52)          ; |vga|vga_video_chroma_resampler_0:video_chroma_resampler_0                                                                                                                                                                                                                                                                                                   ; vga_video_chroma_resampler_0                ; vga          ;
;    |vga_video_clipper_0:video_clipper_0|                                                                                                ; 143 (0)     ; 77 (0)                    ; 0 (0)         ; 0           ; 0    ; 0            ; 0       ; 0         ; 0    ; 0            ; 66 (0)       ; 0 (0)             ; 77 (0)           ; |vga|vga_video_clipper_0:video_clipper_0                                                                                                                                                                                                                                                                                                                     ; vga_video_clipper_0                         ; vga          ;
;       |altera_up_video_clipper_add:Clipper_Add|                                                                                         ; 64 (26)     ; 37 (18)                   ; 0 (0)         ; 0           ; 0    ; 0            ; 0       ; 0         ; 0    ; 0            ; 27 (8)       ; 0 (0)             ; 37 (18)          ; |vga|vga_video_clipper_0:video_clipper_0|altera_up_video_clipper_add:Clipper_Add                                                                                                                                                                                                                                                                             ; altera_up_video_clipper_add                 ; vga          ;
;          |altera_up_video_clipper_counters:Clipper_Add_Counters|                                                                        ; 38 (38)     ; 19 (19)                   ; 0 (0)         ; 0           ; 0    ; 0            ; 0       ; 0         ; 0    ; 0            ; 19 (19)      ; 0 (0)             ; 19 (19)          ; |vga|vga_video_clipper_0:video_clipper_0|altera_up_video_clipper_add:Clipper_Add|altera_up_video_clipper_counters:Clipper_Add_Counters                                                                                                                                                                                                                       ; altera_up_video_clipper_counters            ; vga          ;
;       |altera_up_video_clipper_drop:Clipper_Drop|                                                                                       ; 79 (34)     ; 40 (20)                   ; 0 (0)         ; 0           ; 0    ; 0            ; 0       ; 0         ; 0    ; 0            ; 39 (14)      ; 0 (0)             ; 40 (20)          ; |vga|vga_video_clipper_0:video_clipper_0|altera_up_video_clipper_drop:Clipper_Drop                                                                                                                                                                                                                                                                           ; altera_up_video_clipper_drop                ; vga          ;
;          |altera_up_video_clipper_counters:Clipper_Drop_Counters|                                                                       ; 45 (45)     ; 20 (20)                   ; 0 (0)         ; 0           ; 0    ; 0            ; 0       ; 0         ; 0    ; 0            ; 25 (25)      ; 0 (0)             ; 20 (20)          ; |vga|vga_video_clipper_0:video_clipper_0|altera_up_video_clipper_drop:Clipper_Drop|altera_up_video_clipper_counters:Clipper_Drop_Counters                                                                                                                                                                                                                    ; altera_up_video_clipper_counters            ; vga          ;
;    |vga_video_csc_0:video_csc_0|                                                                                                        ; 165 (28)    ; 105 (25)                  ; 0 (0)         ; 0           ; 0    ; 10           ; 0       ; 5         ; 0    ; 0            ; 58 (2)       ; 3 (0)             ; 104 (26)         ; |vga|vga_video_csc_0:video_csc_0                                                                                                                                                                                                                                                                                                                             ; vga_video_csc_0                             ; vga          ;
;       |altera_up_YCrCb_to_RGB_converter:YCrCb_to_RGB|                                                                                   ; 137 (137)   ; 80 (80)                   ; 0 (0)         ; 0           ; 0    ; 10           ; 0       ; 5         ; 0    ; 0            ; 56 (56)      ; 3 (3)             ; 78 (78)          ; |vga|vga_video_csc_0:video_csc_0|altera_up_YCrCb_to_RGB_converter:YCrCb_to_RGB                                                                                                                                                                                                                                                                               ; altera_up_YCrCb_to_RGB_converter            ; vga          ;
;          |lpm_mult:lpm_mult_component_0|                                                                                                ; 0 (0)       ; 0 (0)                     ; 0 (0)         ; 0           ; 0    ; 2            ; 0       ; 1         ; 0    ; 0            ; 0 (0)        ; 0 (0)             ; 0 (0)            ; |vga|vga_video_csc_0:video_csc_0|altera_up_YCrCb_to_RGB_converter:YCrCb_to_RGB|lpm_mult:lpm_mult_component_0                                                                                                                                                                                                                                                 ; lpm_mult                                    ; work         ;
;             |mult_duq:auto_generated|                                                                                                   ; 0 (0)       ; 0 (0)                     ; 0 (0)         ; 0           ; 0    ; 2            ; 0       ; 1         ; 0    ; 0            ; 0 (0)        ; 0 (0)             ; 0 (0)            ; |vga|vga_video_csc_0:video_csc_0|altera_up_YCrCb_to_RGB_converter:YCrCb_to_RGB|lpm_mult:lpm_mult_component_0|mult_duq:auto_generated                                                                                                                                                                                                                         ; mult_duq                                    ; work         ;
;          |lpm_mult:lpm_mult_component_1|                                                                                                ; 0 (0)       ; 0 (0)                     ; 0 (0)         ; 0           ; 0    ; 2            ; 0       ; 1         ; 0    ; 0            ; 0 (0)        ; 0 (0)             ; 0 (0)            ; |vga|vga_video_csc_0:video_csc_0|altera_up_YCrCb_to_RGB_converter:YCrCb_to_RGB|lpm_mult:lpm_mult_component_1                                                                                                                                                                                                                                                 ; lpm_mult                                    ; work         ;
;             |mult_duq:auto_generated|                                                                                                   ; 0 (0)       ; 0 (0)                     ; 0 (0)         ; 0           ; 0    ; 2            ; 0       ; 1         ; 0    ; 0            ; 0 (0)        ; 0 (0)             ; 0 (0)            ; |vga|vga_video_csc_0:video_csc_0|altera_up_YCrCb_to_RGB_converter:YCrCb_to_RGB|lpm_mult:lpm_mult_component_1|mult_duq:auto_generated                                                                                                                                                                                                                         ; mult_duq                                    ; work         ;
;          |lpm_mult:lpm_mult_component_2|                                                                                                ; 0 (0)       ; 0 (0)                     ; 0 (0)         ; 0           ; 0    ; 2            ; 0       ; 1         ; 0    ; 0            ; 0 (0)        ; 0 (0)             ; 0 (0)            ; |vga|vga_video_csc_0:video_csc_0|altera_up_YCrCb_to_RGB_converter:YCrCb_to_RGB|lpm_mult:lpm_mult_component_2                                                                                                                                                                                                                                                 ; lpm_mult                                    ; work         ;
;             |mult_duq:auto_generated|                                                                                                   ; 0 (0)       ; 0 (0)                     ; 0 (0)         ; 0           ; 0    ; 2            ; 0       ; 1         ; 0    ; 0            ; 0 (0)        ; 0 (0)             ; 0 (0)            ; |vga|vga_video_csc_0:video_csc_0|altera_up_YCrCb_to_RGB_converter:YCrCb_to_RGB|lpm_mult:lpm_mult_component_2|mult_duq:auto_generated                                                                                                                                                                                                                         ; mult_duq                                    ; work         ;
;          |lpm_mult:lpm_mult_component_3|                                                                                                ; 0 (0)       ; 0 (0)                     ; 0 (0)         ; 0           ; 0    ; 2            ; 0       ; 1         ; 0    ; 0            ; 0 (0)        ; 0 (0)             ; 0 (0)            ; |vga|vga_video_csc_0:video_csc_0|altera_up_YCrCb_to_RGB_converter:YCrCb_to_RGB|lpm_mult:lpm_mult_component_3                                                                                                                                                                                                                                                 ; lpm_mult                                    ; work         ;
;             |mult_duq:auto_generated|                                                                                                   ; 0 (0)       ; 0 (0)                     ; 0 (0)         ; 0           ; 0    ; 2            ; 0       ; 1         ; 0    ; 0            ; 0 (0)        ; 0 (0)             ; 0 (0)            ; |vga|vga_video_csc_0:video_csc_0|altera_up_YCrCb_to_RGB_converter:YCrCb_to_RGB|lpm_mult:lpm_mult_component_3|mult_duq:auto_generated                                                                                                                                                                                                                         ; mult_duq                                    ; work         ;
;          |lpm_mult:lpm_mult_component_4|                                                                                                ; 0 (0)       ; 0 (0)                     ; 0 (0)         ; 0           ; 0    ; 2            ; 0       ; 1         ; 0    ; 0            ; 0 (0)        ; 0 (0)             ; 0 (0)            ; |vga|vga_video_csc_0:video_csc_0|altera_up_YCrCb_to_RGB_converter:YCrCb_to_RGB|lpm_mult:lpm_mult_component_4                                                                                                                                                                                                                                                 ; lpm_mult                                    ; work         ;
;             |mult_duq:auto_generated|                                                                                                   ; 0 (0)       ; 0 (0)                     ; 0 (0)         ; 0           ; 0    ; 2            ; 0       ; 1         ; 0    ; 0            ; 0 (0)        ; 0 (0)             ; 0 (0)            ; |vga|vga_video_csc_0:video_csc_0|altera_up_YCrCb_to_RGB_converter:YCrCb_to_RGB|lpm_mult:lpm_mult_component_4|mult_duq:auto_generated                                                                                                                                                                                                                         ; mult_duq                                    ; work         ;
;    |vga_video_decoder:video_decoder|                                                                                                    ; 199 (2)     ; 181 (2)                   ; 0 (0)         ; 2304        ; 1    ; 0            ; 0       ; 0         ; 0    ; 0            ; 18 (0)       ; 88 (0)            ; 93 (2)           ; |vga|vga_video_decoder:video_decoder                                                                                                                                                                                                                                                                                                                         ; vga_video_decoder                           ; vga          ;
;       |altera_up_video_dual_clock_fifo:Video_In_Dual_Clock_FIFO|                                                                        ; 90 (0)      ; 78 (0)                    ; 0 (0)         ; 2304        ; 1    ; 0            ; 0       ; 0         ; 0    ; 0            ; 12 (0)       ; 42 (0)            ; 36 (0)           ; |vga|vga_video_decoder:video_decoder|altera_up_video_dual_clock_fifo:Video_In_Dual_Clock_FIFO                                                                                                                                                                                                                                                                ; altera_up_video_dual_clock_fifo             ; vga          ;
;          |dcfifo:dcfifo_component|                                                                                                      ; 90 (0)      ; 78 (0)                    ; 0 (0)         ; 2304        ; 1    ; 0            ; 0       ; 0         ; 0    ; 0            ; 12 (0)       ; 42 (0)            ; 36 (0)           ; |vga|vga_video_decoder:video_decoder|altera_up_video_dual_clock_fifo:Video_In_Dual_Clock_FIFO|dcfifo:dcfifo_component                                                                                                                                                                                                                                        ; dcfifo                                      ; work         ;
;             |dcfifo_37l1:auto_generated|                                                                                                ; 90 (27)     ; 78 (24)                   ; 0 (0)         ; 2304        ; 1    ; 0            ; 0       ; 0         ; 0    ; 0            ; 12 (3)       ; 42 (19)           ; 36 (2)           ; |vga|vga_video_decoder:video_decoder|altera_up_video_dual_clock_fifo:Video_In_Dual_Clock_FIFO|dcfifo:dcfifo_component|dcfifo_37l1:auto_generated                                                                                                                                                                                                             ; dcfifo_37l1                                 ; work         ;
;                |a_graycounter_m5c:wrptr_g1p|                                                                                            ; 16 (16)     ; 11 (11)                   ; 0 (0)         ; 0           ; 0    ; 0            ; 0       ; 0         ; 0    ; 0            ; 5 (5)        ; 0 (0)             ; 11 (11)          ; |vga|vga_video_decoder:video_decoder|altera_up_video_dual_clock_fifo:Video_In_Dual_Clock_FIFO|dcfifo:dcfifo_component|dcfifo_37l1:auto_generated|a_graycounter_m5c:wrptr_g1p                                                                                                                                                                                 ; a_graycounter_m5c                           ; work         ;
;                |a_graycounter_qn6:rdptr_g1p|                                                                                            ; 17 (17)     ; 11 (11)                   ; 0 (0)         ; 0           ; 0    ; 0            ; 0       ; 0         ; 0    ; 0            ; 2 (2)        ; 0 (0)             ; 15 (15)          ; |vga|vga_video_decoder:video_decoder|altera_up_video_dual_clock_fifo:Video_In_Dual_Clock_FIFO|dcfifo:dcfifo_component|dcfifo_37l1:auto_generated|a_graycounter_qn6:rdptr_g1p                                                                                                                                                                                 ; a_graycounter_qn6                           ; work         ;
;                |alt_synch_pipe_g9l:rs_dgwp|                                                                                             ; 16 (0)      ; 16 (0)                    ; 0 (0)         ; 0           ; 0    ; 0            ; 0       ; 0         ; 0    ; 0            ; 0 (0)        ; 11 (0)            ; 5 (0)            ; |vga|vga_video_decoder:video_decoder|altera_up_video_dual_clock_fifo:Video_In_Dual_Clock_FIFO|dcfifo:dcfifo_component|dcfifo_37l1:auto_generated|alt_synch_pipe_g9l:rs_dgwp                                                                                                                                                                                  ; alt_synch_pipe_g9l                          ; work         ;
;                   |dffpipe_1v8:dffpipe13|                                                                                               ; 16 (16)     ; 16 (16)                   ; 0 (0)         ; 0           ; 0    ; 0            ; 0       ; 0         ; 0    ; 0            ; 0 (0)        ; 11 (11)           ; 5 (5)            ; |vga|vga_video_decoder:video_decoder|altera_up_video_dual_clock_fifo:Video_In_Dual_Clock_FIFO|dcfifo:dcfifo_component|dcfifo_37l1:auto_generated|alt_synch_pipe_g9l:rs_dgwp|dffpipe_1v8:dffpipe13                                                                                                                                                            ; dffpipe_1v8                                 ; work         ;
;                |alt_synch_pipe_h9l:ws_dgrp|                                                                                             ; 16 (0)      ; 16 (0)                    ; 0 (0)         ; 0           ; 0    ; 0            ; 0       ; 0         ; 0    ; 0            ; 0 (0)        ; 12 (0)            ; 4 (0)            ; |vga|vga_video_decoder:video_decoder|altera_up_video_dual_clock_fifo:Video_In_Dual_Clock_FIFO|dcfifo:dcfifo_component|dcfifo_37l1:auto_generated|alt_synch_pipe_h9l:ws_dgrp                                                                                                                                                                                  ; alt_synch_pipe_h9l                          ; work         ;
;                   |dffpipe_2v8:dffpipe16|                                                                                               ; 16 (16)     ; 16 (16)                   ; 0 (0)         ; 0           ; 0    ; 0            ; 0       ; 0         ; 0    ; 0            ; 0 (0)        ; 12 (12)           ; 4 (4)            ; |vga|vga_video_decoder:video_decoder|altera_up_video_dual_clock_fifo:Video_In_Dual_Clock_FIFO|dcfifo:dcfifo_component|dcfifo_37l1:auto_generated|alt_synch_pipe_h9l:ws_dgrp|dffpipe_2v8:dffpipe16                                                                                                                                                            ; dffpipe_2v8                                 ; work         ;
;                |altsyncram_r421:fifo_ram|                                                                                               ; 0 (0)       ; 0 (0)                     ; 0 (0)         ; 2304        ; 1    ; 0            ; 0       ; 0         ; 0    ; 0            ; 0 (0)        ; 0 (0)             ; 0 (0)            ; |vga|vga_video_decoder:video_decoder|altera_up_video_dual_clock_fifo:Video_In_Dual_Clock_FIFO|dcfifo:dcfifo_component|dcfifo_37l1:auto_generated|altsyncram_r421:fifo_ram                                                                                                                                                                                    ; altsyncram_r421                             ; work         ;
;                |cmpr_e66:rdempty_eq_comp|                                                                                               ; 5 (5)       ; 0 (0)                     ; 0 (0)         ; 0           ; 0    ; 0            ; 0       ; 0         ; 0    ; 0            ; 1 (1)        ; 0 (0)             ; 4 (4)            ; |vga|vga_video_decoder:video_decoder|altera_up_video_dual_clock_fifo:Video_In_Dual_Clock_FIFO|dcfifo:dcfifo_component|dcfifo_37l1:auto_generated|cmpr_e66:rdempty_eq_comp                                                                                                                                                                                    ; cmpr_e66                                    ; work         ;
;                |cmpr_e66:wrfull_eq_comp|                                                                                                ; 5 (5)       ; 0 (0)                     ; 0 (0)         ; 0           ; 0    ; 0            ; 0       ; 0         ; 0    ; 0            ; 1 (1)        ; 0 (0)             ; 4 (4)            ; |vga|vga_video_decoder:video_decoder|altera_up_video_dual_clock_fifo:Video_In_Dual_Clock_FIFO|dcfifo:dcfifo_component|dcfifo_37l1:auto_generated|cmpr_e66:wrfull_eq_comp                                                                                                                                                                                     ; cmpr_e66                                    ; work         ;
;       |altera_up_video_itu_656_decoder:ITU_R_656_Decoder|                                                                               ; 107 (70)    ; 101 (65)                  ; 0 (0)         ; 0           ; 0    ; 0            ; 0       ; 0         ; 0    ; 0            ; 6 (5)        ; 46 (46)           ; 55 (19)          ; |vga|vga_video_decoder:video_decoder|altera_up_video_itu_656_decoder:ITU_R_656_Decoder                                                                                                                                                                                                                                                                       ; altera_up_video_itu_656_decoder             ; vga          ;
;          |altera_up_video_decoder_add_endofpacket:Add_EndofPacket|                                                                      ; 37 (37)     ; 36 (36)                   ; 0 (0)         ; 0           ; 0    ; 0            ; 0       ; 0         ; 0    ; 0            ; 1 (1)        ; 0 (0)             ; 36 (36)          ; |vga|vga_video_decoder:video_decoder|altera_up_video_itu_656_decoder:ITU_R_656_Decoder|altera_up_video_decoder_add_endofpacket:Add_EndofPacket                                                                                                                                                                                                               ; altera_up_video_decoder_add_endofpacket     ; vga          ;
;    |vga_video_dma_controller_0:video_dma_controller_0|                                                                                  ; 198 (45)    ; 132 (17)                  ; 0 (0)         ; 0           ; 0    ; 0            ; 0       ; 0         ; 0    ; 0            ; 66 (28)      ; 0 (0)             ; 132 (17)         ; |vga|vga_video_dma_controller_0:video_dma_controller_0                                                                                                                                                                                                                                                                                                       ; vga_video_dma_controller_0                  ; vga          ;
;       |altera_up_video_dma_control_slave:DMA_Control_Slave|                                                                             ; 134 (134)   ; 98 (98)                   ; 0 (0)         ; 0           ; 0    ; 0            ; 0       ; 0         ; 0    ; 0            ; 36 (36)      ; 0 (0)             ; 98 (98)          ; |vga|vga_video_dma_controller_0:video_dma_controller_0|altera_up_video_dma_control_slave:DMA_Control_Slave                                                                                                                                                                                                                                                   ; altera_up_video_dma_control_slave           ; vga          ;
;       |altera_up_video_dma_to_memory:From_Stream_to_Memory|                                                                             ; 19 (19)     ; 17 (17)                   ; 0 (0)         ; 0           ; 0    ; 0            ; 0       ; 0         ; 0    ; 0            ; 2 (2)        ; 0 (0)             ; 17 (17)          ; |vga|vga_video_dma_controller_0:video_dma_controller_0|altera_up_video_dma_to_memory:From_Stream_to_Memory                                                                                                                                                                                                                                                   ; altera_up_video_dma_to_memory               ; vga          ;
;    |vga_video_dual_clock_buffer_0:video_dual_clock_buffer_0|                                                                            ; 121 (2)     ; 102 (0)                   ; 0 (0)         ; 3200        ; 1    ; 0            ; 0       ; 0         ; 0    ; 0            ; 19 (2)       ; 51 (0)            ; 51 (0)           ; |vga|vga_video_dual_clock_buffer_0:video_dual_clock_buffer_0                                                                                                                                                                                                                                                                                                 ; vga_video_dual_clock_buffer_0               ; vga          ;
;       |dcfifo:Data_FIFO|                                                                                                                ; 119 (0)     ; 102 (0)                   ; 0 (0)         ; 3200        ; 1    ; 0            ; 0       ; 0         ; 0    ; 0            ; 17 (0)       ; 51 (0)            ; 51 (0)           ; |vga|vga_video_dual_clock_buffer_0:video_dual_clock_buffer_0|dcfifo:Data_FIFO                                                                                                                                                                                                                                                                                ; dcfifo                                      ; work         ;
;          |dcfifo_nsj1:auto_generated|                                                                                                   ; 119 (42)    ; 102 (34)                  ; 0 (0)         ; 3200        ; 1    ; 0            ; 0       ; 0         ; 0    ; 0            ; 17 (6)       ; 51 (23)           ; 51 (4)           ; |vga|vga_video_dual_clock_buffer_0:video_dual_clock_buffer_0|dcfifo:Data_FIFO|dcfifo_nsj1:auto_generated                                                                                                                                                                                                                                                     ; dcfifo_nsj1                                 ; work         ;
;             |a_gray2bin_tgb:wrptr_g_gray2bin|                                                                                           ; 7 (7)       ; 0 (0)                     ; 0 (0)         ; 0           ; 0    ; 0            ; 0       ; 0         ; 0    ; 0            ; 1 (1)        ; 0 (0)             ; 6 (6)            ; |vga|vga_video_dual_clock_buffer_0:video_dual_clock_buffer_0|dcfifo:Data_FIFO|dcfifo_nsj1:auto_generated|a_gray2bin_tgb:wrptr_g_gray2bin                                                                                                                                                                                                                     ; a_gray2bin_tgb                              ; work         ;
;             |a_gray2bin_tgb:ws_dgrp_gray2bin|                                                                                           ; 7 (7)       ; 0 (0)                     ; 0 (0)         ; 0           ; 0    ; 0            ; 0       ; 0         ; 0    ; 0            ; 1 (1)        ; 0 (0)             ; 6 (6)            ; |vga|vga_video_dual_clock_buffer_0:video_dual_clock_buffer_0|dcfifo:Data_FIFO|dcfifo_nsj1:auto_generated|a_gray2bin_tgb:ws_dgrp_gray2bin                                                                                                                                                                                                                     ; a_gray2bin_tgb                              ; work         ;
;             |a_graycounter_m5c:wrptr_g1p|                                                                                               ; 15 (15)     ; 11 (11)                   ; 0 (0)         ; 0           ; 0    ; 0            ; 0       ; 0         ; 0    ; 0            ; 4 (4)        ; 0 (0)             ; 11 (11)          ; |vga|vga_video_dual_clock_buffer_0:video_dual_clock_buffer_0|dcfifo:Data_FIFO|dcfifo_nsj1:auto_generated|a_graycounter_m5c:wrptr_g1p                                                                                                                                                                                                                         ; a_graycounter_m5c                           ; work         ;
;             |a_graycounter_qn6:rdptr_g1p|                                                                                               ; 17 (17)     ; 11 (11)                   ; 0 (0)         ; 0           ; 0    ; 0            ; 0       ; 0         ; 0    ; 0            ; 5 (5)        ; 0 (0)             ; 12 (12)          ; |vga|vga_video_dual_clock_buffer_0:video_dual_clock_buffer_0|dcfifo:Data_FIFO|dcfifo_nsj1:auto_generated|a_graycounter_qn6:rdptr_g1p                                                                                                                                                                                                                         ; a_graycounter_qn6                           ; work         ;
;             |alt_synch_pipe_i9l:rs_dgwp|                                                                                                ; 16 (0)      ; 16 (0)                    ; 0 (0)         ; 0           ; 0    ; 0            ; 0       ; 0         ; 0    ; 0            ; 0 (0)        ; 10 (0)            ; 6 (0)            ; |vga|vga_video_dual_clock_buffer_0:video_dual_clock_buffer_0|dcfifo:Data_FIFO|dcfifo_nsj1:auto_generated|alt_synch_pipe_i9l:rs_dgwp                                                                                                                                                                                                                          ; alt_synch_pipe_i9l                          ; work         ;
;                |dffpipe_3v8:dffpipe6|                                                                                                   ; 16 (16)     ; 16 (16)                   ; 0 (0)         ; 0           ; 0    ; 0            ; 0       ; 0         ; 0    ; 0            ; 0 (0)        ; 10 (10)           ; 6 (6)            ; |vga|vga_video_dual_clock_buffer_0:video_dual_clock_buffer_0|dcfifo:Data_FIFO|dcfifo_nsj1:auto_generated|alt_synch_pipe_i9l:rs_dgwp|dffpipe_3v8:dffpipe6                                                                                                                                                                                                     ; dffpipe_3v8                                 ; work         ;
;             |alt_synch_pipe_j9l:ws_dgrp|                                                                                                ; 16 (0)      ; 16 (0)                    ; 0 (0)         ; 0           ; 0    ; 0            ; 0       ; 0         ; 0    ; 0            ; 0 (0)        ; 16 (0)            ; 0 (0)            ; |vga|vga_video_dual_clock_buffer_0:video_dual_clock_buffer_0|dcfifo:Data_FIFO|dcfifo_nsj1:auto_generated|alt_synch_pipe_j9l:ws_dgrp                                                                                                                                                                                                                          ; alt_synch_pipe_j9l                          ; work         ;
;                |dffpipe_4v8:dffpipe9|                                                                                                   ; 16 (16)     ; 16 (16)                   ; 0 (0)         ; 0           ; 0    ; 0            ; 0       ; 0         ; 0    ; 0            ; 0 (0)        ; 16 (16)           ; 0 (0)            ; |vga|vga_video_dual_clock_buffer_0:video_dual_clock_buffer_0|dcfifo:Data_FIFO|dcfifo_nsj1:auto_generated|alt_synch_pipe_j9l:ws_dgrp|dffpipe_4v8:dffpipe9                                                                                                                                                                                                     ; dffpipe_4v8                                 ; work         ;
;             |altsyncram_j421:fifo_ram|                                                                                                  ; 0 (0)       ; 0 (0)                     ; 0 (0)         ; 3200        ; 1    ; 0            ; 0       ; 0         ; 0    ; 0            ; 0 (0)        ; 0 (0)             ; 0 (0)            ; |vga|vga_video_dual_clock_buffer_0:video_dual_clock_buffer_0|dcfifo:Data_FIFO|dcfifo_nsj1:auto_generated|altsyncram_j421:fifo_ram                                                                                                                                                                                                                            ; altsyncram_j421                             ; work         ;
;             |cmpr_a66:rdempty_eq_comp_lsb|                                                                                              ; 1 (1)       ; 0 (0)                     ; 0 (0)         ; 0           ; 0    ; 0            ; 0       ; 0         ; 0    ; 0            ; 0 (0)        ; 0 (0)             ; 1 (1)            ; |vga|vga_video_dual_clock_buffer_0:video_dual_clock_buffer_0|dcfifo:Data_FIFO|dcfifo_nsj1:auto_generated|cmpr_a66:rdempty_eq_comp_lsb                                                                                                                                                                                                                        ; cmpr_a66                                    ; work         ;
;             |cmpr_a66:rdempty_eq_comp_msb|                                                                                              ; 1 (1)       ; 0 (0)                     ; 0 (0)         ; 0           ; 0    ; 0            ; 0       ; 0         ; 0    ; 0            ; 0 (0)        ; 0 (0)             ; 1 (1)            ; |vga|vga_video_dual_clock_buffer_0:video_dual_clock_buffer_0|dcfifo:Data_FIFO|dcfifo_nsj1:auto_generated|cmpr_a66:rdempty_eq_comp_msb                                                                                                                                                                                                                        ; cmpr_a66                                    ; work         ;
;             |dffpipe_0v8:ws_brp|                                                                                                        ; 7 (7)       ; 7 (7)                     ; 0 (0)         ; 0           ; 0    ; 0            ; 0       ; 0         ; 0    ; 0            ; 0 (0)        ; 2 (2)             ; 5 (5)            ; |vga|vga_video_dual_clock_buffer_0:video_dual_clock_buffer_0|dcfifo:Data_FIFO|dcfifo_nsj1:auto_generated|dffpipe_0v8:ws_brp                                                                                                                                                                                                                                  ; dffpipe_0v8                                 ; work         ;
;             |dffpipe_0v8:ws_bwp|                                                                                                        ; 7 (7)       ; 7 (7)                     ; 0 (0)         ; 0           ; 0    ; 0            ; 0       ; 0         ; 0    ; 0            ; 0 (0)        ; 0 (0)             ; 7 (7)            ; |vga|vga_video_dual_clock_buffer_0:video_dual_clock_buffer_0|dcfifo:Data_FIFO|dcfifo_nsj1:auto_generated|dffpipe_0v8:ws_bwp                                                                                                                                                                                                                                  ; dffpipe_0v8                                 ; work         ;
;             |mux_j28:rdemp_eq_comp_lsb_mux|                                                                                             ; 5 (5)       ; 0 (0)                     ; 0 (0)         ; 0           ; 0    ; 0            ; 0       ; 0         ; 0    ; 0            ; 0 (0)        ; 0 (0)             ; 5 (5)            ; |vga|vga_video_dual_clock_buffer_0:video_dual_clock_buffer_0|dcfifo:Data_FIFO|dcfifo_nsj1:auto_generated|mux_j28:rdemp_eq_comp_lsb_mux                                                                                                                                                                                                                       ; mux_j28                                     ; work         ;
;             |mux_j28:rdemp_eq_comp_msb_mux|                                                                                             ; 5 (5)       ; 0 (0)                     ; 0 (0)         ; 0           ; 0    ; 0            ; 0       ; 0         ; 0    ; 0            ; 0 (0)        ; 0 (0)             ; 5 (5)            ; |vga|vga_video_dual_clock_buffer_0:video_dual_clock_buffer_0|dcfifo:Data_FIFO|dcfifo_nsj1:auto_generated|mux_j28:rdemp_eq_comp_msb_mux                                                                                                                                                                                                                       ; mux_j28                                     ; work         ;
;    |vga_video_pixel_buffer_dma_0:video_pixel_buffer_dma_0|                                                                              ; 268 (211)   ; 158 (123)                 ; 0 (0)         ; 2176        ; 1    ; 0            ; 0       ; 0         ; 0    ; 0            ; 110 (88)     ; 0 (0)             ; 158 (123)        ; |vga|vga_video_pixel_buffer_dma_0:video_pixel_buffer_dma_0                                                                                                                                                                                                                                                                                                   ; vga_video_pixel_buffer_dma_0                ; vga          ;
;       |scfifo:Image_Buffer|                                                                                                             ; 57 (0)      ; 35 (0)                    ; 0 (0)         ; 2176        ; 1    ; 0            ; 0       ; 0         ; 0    ; 0            ; 22 (0)       ; 0 (0)             ; 35 (0)           ; |vga|vga_video_pixel_buffer_dma_0:video_pixel_buffer_dma_0|scfifo:Image_Buffer                                                                                                                                                                                                                                                                               ; scfifo                                      ; work         ;
;          |scfifo_p4a1:auto_generated|                                                                                                   ; 57 (6)      ; 35 (2)                    ; 0 (0)         ; 2176        ; 1    ; 0            ; 0       ; 0         ; 0    ; 0            ; 22 (4)       ; 0 (0)             ; 35 (2)           ; |vga|vga_video_pixel_buffer_dma_0:video_pixel_buffer_dma_0|scfifo:Image_Buffer|scfifo_p4a1:auto_generated                                                                                                                                                                                                                                                    ; scfifo_p4a1                                 ; work         ;
;             |a_dpfifo_es31:dpfifo|                                                                                                      ; 51 (28)     ; 33 (13)                   ; 0 (0)         ; 2176        ; 1    ; 0            ; 0       ; 0         ; 0    ; 0            ; 18 (15)      ; 0 (0)             ; 33 (13)          ; |vga|vga_video_pixel_buffer_dma_0:video_pixel_buffer_dma_0|scfifo:Image_Buffer|scfifo_p4a1:auto_generated|a_dpfifo_es31:dpfifo                                                                                                                                                                                                                               ; a_dpfifo_es31                               ; work         ;
;                |altsyncram_ftb1:FIFOram|                                                                                                ; 0 (0)       ; 0 (0)                     ; 0 (0)         ; 2176        ; 1    ; 0            ; 0       ; 0         ; 0    ; 0            ; 0 (0)        ; 0 (0)             ; 0 (0)            ; |vga|vga_video_pixel_buffer_dma_0:video_pixel_buffer_dma_0|scfifo:Image_Buffer|scfifo_p4a1:auto_generated|a_dpfifo_es31:dpfifo|altsyncram_ftb1:FIFOram                                                                                                                                                                                                       ; altsyncram_ftb1                             ; work         ;
;                |cntr_0ab:wr_ptr|                                                                                                        ; 8 (8)       ; 7 (7)                     ; 0 (0)         ; 0           ; 0    ; 0            ; 0       ; 0         ; 0    ; 0            ; 1 (1)        ; 0 (0)             ; 7 (7)            ; |vga|vga_video_pixel_buffer_dma_0:video_pixel_buffer_dma_0|scfifo:Image_Buffer|scfifo_p4a1:auto_generated|a_dpfifo_es31:dpfifo|cntr_0ab:wr_ptr                                                                                                                                                                                                               ; cntr_0ab                                    ; work         ;
;                |cntr_ca7:usedw_counter|                                                                                                 ; 8 (8)       ; 7 (7)                     ; 0 (0)         ; 0           ; 0    ; 0            ; 0       ; 0         ; 0    ; 0            ; 1 (1)        ; 0 (0)             ; 7 (7)            ; |vga|vga_video_pixel_buffer_dma_0:video_pixel_buffer_dma_0|scfifo:Image_Buffer|scfifo_p4a1:auto_generated|a_dpfifo_es31:dpfifo|cntr_ca7:usedw_counter                                                                                                                                                                                                        ; cntr_ca7                                    ; work         ;
;                |cntr_v9b:rd_ptr_msb|                                                                                                    ; 7 (7)       ; 6 (6)                     ; 0 (0)         ; 0           ; 0    ; 0            ; 0       ; 0         ; 0    ; 0            ; 1 (1)        ; 0 (0)             ; 6 (6)            ; |vga|vga_video_pixel_buffer_dma_0:video_pixel_buffer_dma_0|scfifo:Image_Buffer|scfifo_p4a1:auto_generated|a_dpfifo_es31:dpfifo|cntr_v9b:rd_ptr_msb                                                                                                                                                                                                           ; cntr_v9b                                    ; work         ;
;    |vga_video_pll_0:video_pll_0|                                                                                                        ; 0 (0)       ; 0 (0)                     ; 0 (0)         ; 0           ; 0    ; 0            ; 0       ; 0         ; 0    ; 0            ; 0 (0)        ; 0 (0)             ; 0 (0)            ; |vga|vga_video_pll_0:video_pll_0                                                                                                                                                                                                                                                                                                                             ; vga_video_pll_0                             ; vga          ;
;       |altera_up_altpll:video_pll|                                                                                                      ; 0 (0)       ; 0 (0)                     ; 0 (0)         ; 0           ; 0    ; 0            ; 0       ; 0         ; 0    ; 0            ; 0 (0)        ; 0 (0)             ; 0 (0)            ; |vga|vga_video_pll_0:video_pll_0|altera_up_altpll:video_pll                                                                                                                                                                                                                                                                                                  ; altera_up_altpll                            ; vga          ;
;          |altpll:PLL_for_DE_Series_Boards|                                                                                              ; 0 (0)       ; 0 (0)                     ; 0 (0)         ; 0           ; 0    ; 0            ; 0       ; 0         ; 0    ; 0            ; 0 (0)        ; 0 (0)             ; 0 (0)            ; |vga|vga_video_pll_0:video_pll_0|altera_up_altpll:video_pll|altpll:PLL_for_DE_Series_Boards                                                                                                                                                                                                                                                                  ; altpll                                      ; work         ;
;             |altpll_8fb2:auto_generated|                                                                                                ; 0 (0)       ; 0 (0)                     ; 0 (0)         ; 0           ; 0    ; 0            ; 0       ; 0         ; 0    ; 0            ; 0 (0)        ; 0 (0)             ; 0 (0)            ; |vga|vga_video_pll_0:video_pll_0|altera_up_altpll:video_pll|altpll:PLL_for_DE_Series_Boards|altpll_8fb2:auto_generated                                                                                                                                                                                                                                       ; altpll_8fb2                                 ; work         ;
;    |vga_video_rgb_resampler_0:video_rgb_resampler_0|                                                                                    ; 21 (21)     ; 20 (20)                   ; 0 (0)         ; 0           ; 0    ; 0            ; 0       ; 0         ; 0    ; 0            ; 1 (1)        ; 0 (0)             ; 20 (20)          ; |vga|vga_video_rgb_resampler_0:video_rgb_resampler_0                                                                                                                                                                                                                                                                                                         ; vga_video_rgb_resampler_0                   ; vga          ;
;    |vga_video_rgb_resampler_1:video_rgb_resampler_1|                                                                                    ; 23 (23)     ; 19 (19)                   ; 0 (0)         ; 0           ; 0    ; 0            ; 0       ; 0         ; 0    ; 0            ; 4 (4)        ; 0 (0)             ; 19 (19)          ; |vga|vga_video_rgb_resampler_1:video_rgb_resampler_1                                                                                                                                                                                                                                                                                                         ; vga_video_rgb_resampler_1                   ; vga          ;
;    |vga_video_scaler_0:video_scaler_0|                                                                                                  ; 62 (0)      ; 49 (0)                    ; 0 (0)         ; 0           ; 0    ; 0            ; 0       ; 0         ; 0    ; 0            ; 13 (0)       ; 0 (0)             ; 49 (0)           ; |vga|vga_video_scaler_0:video_scaler_0                                                                                                                                                                                                                                                                                                                       ; vga_video_scaler_0                          ; vga          ;
;       |altera_up_video_scaler_shrink:Shrink_Frame|                                                                                      ; 62 (62)     ; 49 (49)                   ; 0 (0)         ; 0           ; 0    ; 0            ; 0       ; 0         ; 0    ; 0            ; 13 (13)      ; 0 (0)             ; 49 (49)          ; |vga|vga_video_scaler_0:video_scaler_0|altera_up_video_scaler_shrink:Shrink_Frame                                                                                                                                                                                                                                                                            ; altera_up_video_scaler_shrink               ; vga          ;
;    |vga_video_scaler_1:video_scaler_1|                                                                                                  ; 228 (0)     ; 142 (0)                   ; 0 (0)         ; 12800       ; 2    ; 0            ; 0       ; 0         ; 0    ; 0            ; 84 (0)       ; 0 (0)             ; 144 (0)          ; |vga|vga_video_scaler_1:video_scaler_1                                                                                                                                                                                                                                                                                                                       ; vga_video_scaler_1                          ; vga          ;
;       |altera_up_video_scaler_multiply_height:Multiply_Height|                                                                          ; 173 (110)   ; 89 (48)                   ; 0 (0)         ; 12800       ; 2    ; 0            ; 0       ; 0         ; 0    ; 0            ; 82 (60)      ; 0 (0)             ; 91 (50)          ; |vga|vga_video_scaler_1:video_scaler_1|altera_up_video_scaler_multiply_height:Multiply_Height                                                                                                                                                                                                                                                                ; altera_up_video_scaler_multiply_height      ; vga          ;
;          |scfifo:Multiply_Height_FIFO|                                                                                                  ; 63 (0)      ; 41 (0)                    ; 0 (0)         ; 12800       ; 2    ; 0            ; 0       ; 0         ; 0    ; 0            ; 22 (0)       ; 0 (0)             ; 41 (0)           ; |vga|vga_video_scaler_1:video_scaler_1|altera_up_video_scaler_multiply_height:Multiply_Height|scfifo:Multiply_Height_FIFO                                                                                                                                                                                                                                    ; scfifo                                      ; work         ;
;             |scfifo_ci31:auto_generated|                                                                                                ; 63 (0)      ; 41 (0)                    ; 0 (0)         ; 12800       ; 2    ; 0            ; 0       ; 0         ; 0    ; 0            ; 22 (0)       ; 0 (0)             ; 41 (0)           ; |vga|vga_video_scaler_1:video_scaler_1|altera_up_video_scaler_multiply_height:Multiply_Height|scfifo:Multiply_Height_FIFO|scfifo_ci31:auto_generated                                                                                                                                                                                                         ; scfifo_ci31                                 ; work         ;
;                |a_dpfifo_v931:dpfifo|                                                                                                   ; 63 (34)     ; 41 (15)                   ; 0 (0)         ; 12800       ; 2    ; 0            ; 0       ; 0         ; 0    ; 0            ; 22 (19)      ; 0 (0)             ; 41 (15)          ; |vga|vga_video_scaler_1:video_scaler_1|altera_up_video_scaler_multiply_height:Multiply_Height|scfifo:Multiply_Height_FIFO|scfifo_ci31:auto_generated|a_dpfifo_v931:dpfifo                                                                                                                                                                                    ; a_dpfifo_v931                               ; work         ;
;                   |altsyncram_5tb1:FIFOram|                                                                                             ; 0 (0)       ; 0 (0)                     ; 0 (0)         ; 12800       ; 2    ; 0            ; 0       ; 0         ; 0    ; 0            ; 0 (0)        ; 0 (0)             ; 0 (0)            ; |vga|vga_video_scaler_1:video_scaler_1|altera_up_video_scaler_multiply_height:Multiply_Height|scfifo:Multiply_Height_FIFO|scfifo_ci31:auto_generated|a_dpfifo_v931:dpfifo|altsyncram_5tb1:FIFOram                                                                                                                                                            ; altsyncram_5tb1                             ; work         ;
;                   |cntr_1ab:rd_ptr_msb|                                                                                                 ; 9 (9)       ; 8 (8)                     ; 0 (0)         ; 0           ; 0    ; 0            ; 0       ; 0         ; 0    ; 0            ; 1 (1)        ; 0 (0)             ; 8 (8)            ; |vga|vga_video_scaler_1:video_scaler_1|altera_up_video_scaler_multiply_height:Multiply_Height|scfifo:Multiply_Height_FIFO|scfifo_ci31:auto_generated|a_dpfifo_v931:dpfifo|cntr_1ab:rd_ptr_msb                                                                                                                                                                ; cntr_1ab                                    ; work         ;
;                   |cntr_2ab:wr_ptr|                                                                                                     ; 10 (10)     ; 9 (9)                     ; 0 (0)         ; 0           ; 0    ; 0            ; 0       ; 0         ; 0    ; 0            ; 1 (1)        ; 0 (0)             ; 9 (9)            ; |vga|vga_video_scaler_1:video_scaler_1|altera_up_video_scaler_multiply_height:Multiply_Height|scfifo:Multiply_Height_FIFO|scfifo_ci31:auto_generated|a_dpfifo_v931:dpfifo|cntr_2ab:wr_ptr                                                                                                                                                                    ; cntr_2ab                                    ; work         ;
;                   |cntr_ea7:usedw_counter|                                                                                              ; 10 (10)     ; 9 (9)                     ; 0 (0)         ; 0           ; 0    ; 0            ; 0       ; 0         ; 0    ; 0            ; 1 (1)        ; 0 (0)             ; 9 (9)            ; |vga|vga_video_scaler_1:video_scaler_1|altera_up_video_scaler_multiply_height:Multiply_Height|scfifo:Multiply_Height_FIFO|scfifo_ci31:auto_generated|a_dpfifo_v931:dpfifo|cntr_ea7:usedw_counter                                                                                                                                                             ; cntr_ea7                                    ; work         ;
;       |altera_up_video_scaler_multiply_width:Multiply_Width|                                                                            ; 55 (55)     ; 53 (53)                   ; 0 (0)         ; 0           ; 0    ; 0            ; 0       ; 0         ; 0    ; 0            ; 2 (2)        ; 0 (0)             ; 53 (53)          ; |vga|vga_video_scaler_1:video_scaler_1|altera_up_video_scaler_multiply_width:Multiply_Width                                                                                                                                                                                                                                                                  ; altera_up_video_scaler_multiply_width       ; vga          ;
+-----------------------------------------------------------------------------------------------------------------------------------------+-------------+---------------------------+---------------+-------------+------+--------------+---------+-----------+------+--------------+--------------+-------------------+------------------+--------------------------------------------------------------------------------------------------------------------------------------------------------------------------------------------------------------------------------------------------------------------------------------------------------------------------------------------------------------+---------------------------------------------+--------------+
Note: For table entries with two numbers listed, the numbers in parentheses indicate the number of resources of the given type used by the specific entity alone. The numbers listed outside of parentheses indicate the total resources of the given type used by the specific entity and all of its sub-entities in the hierarchy.


+-------------------------------------------------------------------------------------------------------------+
; Delay Chain Summary                                                                                         ;
+-----------------------------+----------+---------------+---------------+-----------------------+-----+------+
; Name                        ; Pin Type ; Pad to Core 0 ; Pad to Core 1 ; Pad to Input Register ; TCO ; TCOE ;
+-----------------------------+----------+---------------+---------------+-----------------------+-----+------+
; av_config_SCLK              ; Output   ; --            ; --            ; --                    ; --  ; --   ;
; sram_ADDR[0]                ; Output   ; --            ; --            ; --                    ; --  ; --   ;
; sram_ADDR[1]                ; Output   ; --            ; --            ; --                    ; --  ; --   ;
; sram_ADDR[2]                ; Output   ; --            ; --            ; --                    ; --  ; --   ;
; sram_ADDR[3]                ; Output   ; --            ; --            ; --                    ; --  ; --   ;
; sram_ADDR[4]                ; Output   ; --            ; --            ; --                    ; --  ; --   ;
; sram_ADDR[5]                ; Output   ; --            ; --            ; --                    ; --  ; --   ;
; sram_ADDR[6]                ; Output   ; --            ; --            ; --                    ; --  ; --   ;
; sram_ADDR[7]                ; Output   ; --            ; --            ; --                    ; --  ; --   ;
; sram_ADDR[8]                ; Output   ; --            ; --            ; --                    ; --  ; --   ;
; sram_ADDR[9]                ; Output   ; --            ; --            ; --                    ; --  ; --   ;
; sram_ADDR[10]               ; Output   ; --            ; --            ; --                    ; --  ; --   ;
; sram_ADDR[11]               ; Output   ; --            ; --            ; --                    ; --  ; --   ;
; sram_ADDR[12]               ; Output   ; --            ; --            ; --                    ; --  ; --   ;
; sram_ADDR[13]               ; Output   ; --            ; --            ; --                    ; --  ; --   ;
; sram_ADDR[14]               ; Output   ; --            ; --            ; --                    ; --  ; --   ;
; sram_ADDR[15]               ; Output   ; --            ; --            ; --                    ; --  ; --   ;
; sram_ADDR[16]               ; Output   ; --            ; --            ; --                    ; --  ; --   ;
; sram_ADDR[17]               ; Output   ; --            ; --            ; --                    ; --  ; --   ;
; sram_ADDR[18]               ; Output   ; --            ; --            ; --                    ; --  ; --   ;
; sram_ADDR[19]               ; Output   ; --            ; --            ; --                    ; --  ; --   ;
; sram_LB_N                   ; Output   ; --            ; --            ; --                    ; --  ; --   ;
; sram_UB_N                   ; Output   ; --            ; --            ; --                    ; --  ; --   ;
; sram_CE_N                   ; Output   ; --            ; --            ; --                    ; --  ; --   ;
; sram_OE_N                   ; Output   ; --            ; --            ; --                    ; --  ; --   ;
; sram_WE_N                   ; Output   ; --            ; --            ; --                    ; --  ; --   ;
; vga_controller_CLK          ; Output   ; --            ; --            ; --                    ; --  ; --   ;
; vga_controller_HS           ; Output   ; --            ; --            ; --                    ; --  ; --   ;
; vga_controller_VS           ; Output   ; --            ; --            ; --                    ; --  ; --   ;
; vga_controller_BLANK        ; Output   ; --            ; --            ; --                    ; --  ; --   ;
; vga_controller_SYNC         ; Output   ; --            ; --            ; --                    ; --  ; --   ;
; vga_controller_R[0]         ; Output   ; --            ; --            ; --                    ; --  ; --   ;
; vga_controller_R[1]         ; Output   ; --            ; --            ; --                    ; --  ; --   ;
; vga_controller_R[2]         ; Output   ; --            ; --            ; --                    ; --  ; --   ;
; vga_controller_R[3]         ; Output   ; --            ; --            ; --                    ; --  ; --   ;
; vga_controller_R[4]         ; Output   ; --            ; --            ; --                    ; --  ; --   ;
; vga_controller_R[5]         ; Output   ; --            ; --            ; --                    ; --  ; --   ;
; vga_controller_R[6]         ; Output   ; --            ; --            ; --                    ; --  ; --   ;
; vga_controller_R[7]         ; Output   ; --            ; --            ; --                    ; --  ; --   ;
; vga_controller_G[0]         ; Output   ; --            ; --            ; --                    ; --  ; --   ;
; vga_controller_G[1]         ; Output   ; --            ; --            ; --                    ; --  ; --   ;
; vga_controller_G[2]         ; Output   ; --            ; --            ; --                    ; --  ; --   ;
; vga_controller_G[3]         ; Output   ; --            ; --            ; --                    ; --  ; --   ;
; vga_controller_G[4]         ; Output   ; --            ; --            ; --                    ; --  ; --   ;
; vga_controller_G[5]         ; Output   ; --            ; --            ; --                    ; --  ; --   ;
; vga_controller_G[6]         ; Output   ; --            ; --            ; --                    ; --  ; --   ;
; vga_controller_G[7]         ; Output   ; --            ; --            ; --                    ; --  ; --   ;
; vga_controller_B[0]         ; Output   ; --            ; --            ; --                    ; --  ; --   ;
; vga_controller_B[1]         ; Output   ; --            ; --            ; --                    ; --  ; --   ;
; vga_controller_B[2]         ; Output   ; --            ; --            ; --                    ; --  ; --   ;
; vga_controller_B[3]         ; Output   ; --            ; --            ; --                    ; --  ; --   ;
; vga_controller_B[4]         ; Output   ; --            ; --            ; --                    ; --  ; --   ;
; vga_controller_B[5]         ; Output   ; --            ; --            ; --                    ; --  ; --   ;
; vga_controller_B[6]         ; Output   ; --            ; --            ; --                    ; --  ; --   ;
; vga_controller_B[7]         ; Output   ; --            ; --            ; --                    ; --  ; --   ;
; video_decoder_TD_HS         ; Input    ; --            ; --            ; --                    ; --  ; --   ;
; video_decoder_TD_VS         ; Input    ; --            ; --            ; --                    ; --  ; --   ;
; video_decoder_TD_RESET      ; Output   ; --            ; --            ; --                    ; --  ; --   ;
; video_decoder_overflow_flag ; Output   ; --            ; --            ; --                    ; --  ; --   ;
; av_config_SDAT              ; Bidir    ; (6) 1314 ps   ; --            ; --                    ; --  ; --   ;
; sram_DQ[0]                  ; Bidir    ; (6) 1314 ps   ; --            ; --                    ; --  ; --   ;
; sram_DQ[1]                  ; Bidir    ; (6) 1314 ps   ; --            ; --                    ; --  ; --   ;
; sram_DQ[2]                  ; Bidir    ; --            ; (6) 1314 ps   ; --                    ; --  ; --   ;
; sram_DQ[3]                  ; Bidir    ; --            ; (6) 1314 ps   ; --                    ; --  ; --   ;
; sram_DQ[4]                  ; Bidir    ; --            ; (6) 1314 ps   ; --                    ; --  ; --   ;
; sram_DQ[5]                  ; Bidir    ; --            ; (6) 1314 ps   ; --                    ; --  ; --   ;
; sram_DQ[6]                  ; Bidir    ; (6) 1314 ps   ; --            ; --                    ; --  ; --   ;
; sram_DQ[7]                  ; Bidir    ; --            ; (6) 1314 ps   ; --                    ; --  ; --   ;
; sram_DQ[8]                  ; Bidir    ; (6) 1314 ps   ; --            ; --                    ; --  ; --   ;
; sram_DQ[9]                  ; Bidir    ; --            ; (6) 1314 ps   ; --                    ; --  ; --   ;
; sram_DQ[10]                 ; Bidir    ; --            ; (6) 1314 ps   ; --                    ; --  ; --   ;
; sram_DQ[11]                 ; Bidir    ; --            ; (6) 1314 ps   ; --                    ; --  ; --   ;
; sram_DQ[12]                 ; Bidir    ; --            ; (6) 1314 ps   ; --                    ; --  ; --   ;
; sram_DQ[13]                 ; Bidir    ; --            ; (6) 1314 ps   ; --                    ; --  ; --   ;
; sram_DQ[14]                 ; Bidir    ; --            ; (6) 1314 ps   ; --                    ; --  ; --   ;
; sram_DQ[15]                 ; Bidir    ; (6) 1314 ps   ; --            ; --                    ; --  ; --   ;
; clk_clk                     ; Input    ; (0) 0 ps      ; --            ; --                    ; --  ; --   ;
; video_decoder_TD_CLK27      ; Input    ; (0) 0 ps      ; --            ; --                    ; --  ; --   ;
; video_decoder_clk27_reset   ; Input    ; (6) 1314 ps   ; --            ; --                    ; --  ; --   ;
; video_decoder_TD_DATA[5]    ; Input    ; (6) 1314 ps   ; --            ; --                    ; --  ; --   ;
; video_decoder_TD_DATA[6]    ; Input    ; (6) 1314 ps   ; --            ; --                    ; --  ; --   ;
; video_decoder_TD_DATA[1]    ; Input    ; (6) 1314 ps   ; --            ; --                    ; --  ; --   ;
; video_decoder_TD_DATA[4]    ; Input    ; --            ; (6) 1314 ps   ; --                    ; --  ; --   ;
; video_decoder_TD_DATA[0]    ; Input    ; (6) 1314 ps   ; --            ; --                    ; --  ; --   ;
; video_decoder_TD_DATA[3]    ; Input    ; --            ; (6) 1314 ps   ; --                    ; --  ; --   ;
; video_decoder_TD_DATA[2]    ; Input    ; --            ; (6) 1314 ps   ; --                    ; --  ; --   ;
; video_decoder_TD_DATA[7]    ; Input    ; (6) 1314 ps   ; --            ; --                    ; --  ; --   ;
; reset_reset_n               ; Input    ; --            ; (6) 1314 ps   ; --                    ; --  ; --   ;
+-----------------------------+----------+---------------+---------------+-----------------------+-----+------+


+-----------------------------------------------------------------------------------------------------------------------------------------------------------------------------------------------------------+
; Pad To Core Delay Chain Fanout                                                                                                                                                                            ;
+-----------------------------------------------------------------------------------------------------------------------------------------------------------------------------+-------------------+---------+
; Source Pin / Fanout                                                                                                                                                         ; Pad To Core Index ; Setting ;
+-----------------------------------------------------------------------------------------------------------------------------------------------------------------------------+-------------------+---------+
; video_decoder_TD_HS                                                                                                                                                         ;                   ;         ;
; video_decoder_TD_VS                                                                                                                                                         ;                   ;         ;
; av_config_SDAT                                                                                                                                                              ;                   ;         ;
;      - vga_av_config:av_config|altera_up_av_config_serial_bus_controller:Serial_Bus_Controller|new_data~0                                                                   ; 0                 ; 6       ;
; sram_DQ[0]                                                                                                                                                                  ;                   ;         ;
;      - vga_sram:sram|readdata[0]                                                                                                                                            ; 0                 ; 6       ;
; sram_DQ[1]                                                                                                                                                                  ;                   ;         ;
;      - vga_sram:sram|readdata[1]~feeder                                                                                                                                     ; 0                 ; 6       ;
; sram_DQ[2]                                                                                                                                                                  ;                   ;         ;
;      - vga_sram:sram|readdata[2]~feeder                                                                                                                                     ; 1                 ; 6       ;
; sram_DQ[3]                                                                                                                                                                  ;                   ;         ;
;      - vga_sram:sram|readdata[3]                                                                                                                                            ; 1                 ; 6       ;
; sram_DQ[4]                                                                                                                                                                  ;                   ;         ;
;      - vga_sram:sram|readdata[4]                                                                                                                                            ; 1                 ; 6       ;
; sram_DQ[5]                                                                                                                                                                  ;                   ;         ;
;      - vga_sram:sram|readdata[5]                                                                                                                                            ; 1                 ; 6       ;
; sram_DQ[6]                                                                                                                                                                  ;                   ;         ;
;      - vga_sram:sram|readdata[6]                                                                                                                                            ; 0                 ; 6       ;
; sram_DQ[7]                                                                                                                                                                  ;                   ;         ;
;      - vga_sram:sram|readdata[7]~feeder                                                                                                                                     ; 1                 ; 6       ;
; sram_DQ[8]                                                                                                                                                                  ;                   ;         ;
;      - vga_sram:sram|readdata[8]                                                                                                                                            ; 0                 ; 6       ;
; sram_DQ[9]                                                                                                                                                                  ;                   ;         ;
;      - vga_sram:sram|readdata[9]                                                                                                                                            ; 1                 ; 6       ;
; sram_DQ[10]                                                                                                                                                                 ;                   ;         ;
;      - vga_sram:sram|readdata[10]                                                                                                                                           ; 1                 ; 6       ;
; sram_DQ[11]                                                                                                                                                                 ;                   ;         ;
;      - vga_sram:sram|readdata[11]                                                                                                                                           ; 1                 ; 6       ;
; sram_DQ[12]                                                                                                                                                                 ;                   ;         ;
;      - vga_sram:sram|readdata[12]~feeder                                                                                                                                    ; 1                 ; 6       ;
; sram_DQ[13]                                                                                                                                                                 ;                   ;         ;
;      - vga_sram:sram|readdata[13]                                                                                                                                           ; 1                 ; 6       ;
; sram_DQ[14]                                                                                                                                                                 ;                   ;         ;
;      - vga_sram:sram|readdata[14]                                                                                                                                           ; 1                 ; 6       ;
; sram_DQ[15]                                                                                                                                                                 ;                   ;         ;
;      - vga_sram:sram|readdata[15]                                                                                                                                           ; 0                 ; 6       ;
; clk_clk                                                                                                                                                                     ;                   ;         ;
; video_decoder_TD_CLK27                                                                                                                                                      ;                   ;         ;
; video_decoder_clk27_reset                                                                                                                                                   ;                   ;         ;
;      - vga_video_decoder:video_decoder|overflow_flag                                                                                                                        ; 0                 ; 6       ;
;      - vga_video_decoder:video_decoder|reached_start_of_frame                                                                                                               ; 0                 ; 6       ;
;      - vga_video_decoder:video_decoder|altera_up_video_itu_656_decoder:ITU_R_656_Decoder|altera_up_video_decoder_add_endofpacket:Add_EndofPacket|stream_out_valid           ; 0                 ; 6       ;
;      - vga_video_decoder:video_decoder|altera_up_video_itu_656_decoder:ITU_R_656_Decoder|last_line                                                                          ; 0                 ; 6       ;
;      - vga_video_decoder:video_decoder|altera_up_video_itu_656_decoder:ITU_R_656_Decoder|active_video[2]                                                                    ; 0                 ; 6       ;
;      - vga_video_decoder:video_decoder|altera_up_video_itu_656_decoder:ITU_R_656_Decoder|active_video[1]                                                                    ; 0                 ; 6       ;
;      - vga_video_decoder:video_decoder|altera_up_video_itu_656_decoder:ITU_R_656_Decoder|altera_up_video_decoder_add_endofpacket:Add_EndofPacket|stream_out_startofpacket~0 ; 0                 ; 6       ;
;      - vga_video_decoder:video_decoder|altera_up_video_itu_656_decoder:ITU_R_656_Decoder|altera_up_video_decoder_add_endofpacket:Add_EndofPacket|stream_out_data[4]~0       ; 0                 ; 6       ;
;      - vga_video_decoder:video_decoder|altera_up_video_itu_656_decoder:ITU_R_656_Decoder|altera_up_video_decoder_add_endofpacket:Add_EndofPacket|internal_valid~0           ; 0                 ; 6       ;
;      - vga_video_decoder:video_decoder|altera_up_video_itu_656_decoder:ITU_R_656_Decoder|altera_up_video_decoder_add_endofpacket:Add_EndofPacket|internal_startofpacket~0   ; 0                 ; 6       ;
;      - vga_video_decoder:video_decoder|altera_up_video_itu_656_decoder:ITU_R_656_Decoder|active_video~1                                                                     ; 0                 ; 6       ;
;      - vga_video_decoder:video_decoder|altera_up_video_itu_656_decoder:ITU_R_656_Decoder|active_video~2                                                                     ; 0                 ; 6       ;
;      - vga_video_decoder:video_decoder|altera_up_video_itu_656_decoder:ITU_R_656_Decoder|active_video~3                                                                     ; 0                 ; 6       ;
;      - vga_video_decoder:video_decoder|altera_up_video_itu_656_decoder:ITU_R_656_Decoder|altera_up_video_decoder_add_endofpacket:Add_EndofPacket|stream_out_data~1          ; 0                 ; 6       ;
;      - vga_video_decoder:video_decoder|altera_up_video_itu_656_decoder:ITU_R_656_Decoder|altera_up_video_decoder_add_endofpacket:Add_EndofPacket|stream_out_data~2          ; 0                 ; 6       ;
;      - vga_video_decoder:video_decoder|altera_up_video_itu_656_decoder:ITU_R_656_Decoder|altera_up_video_decoder_add_endofpacket:Add_EndofPacket|stream_out_data~3          ; 0                 ; 6       ;
;      - vga_video_decoder:video_decoder|altera_up_video_itu_656_decoder:ITU_R_656_Decoder|altera_up_video_decoder_add_endofpacket:Add_EndofPacket|stream_out_data~4          ; 0                 ; 6       ;
;      - vga_video_decoder:video_decoder|altera_up_video_itu_656_decoder:ITU_R_656_Decoder|altera_up_video_decoder_add_endofpacket:Add_EndofPacket|stream_out_data~5          ; 0                 ; 6       ;
;      - vga_video_decoder:video_decoder|altera_up_video_itu_656_decoder:ITU_R_656_Decoder|altera_up_video_decoder_add_endofpacket:Add_EndofPacket|stream_out_data~6          ; 0                 ; 6       ;
;      - vga_video_decoder:video_decoder|altera_up_video_itu_656_decoder:ITU_R_656_Decoder|altera_up_video_decoder_add_endofpacket:Add_EndofPacket|stream_out_data~7          ; 0                 ; 6       ;
;      - vga_video_decoder:video_decoder|altera_up_video_itu_656_decoder:ITU_R_656_Decoder|altera_up_video_decoder_add_endofpacket:Add_EndofPacket|stream_out_data~8          ; 0                 ; 6       ;
;      - vga_video_decoder:video_decoder|altera_up_video_itu_656_decoder:ITU_R_656_Decoder|altera_up_video_decoder_add_endofpacket:Add_EndofPacket|stream_out_data~9          ; 0                 ; 6       ;
;      - vga_video_decoder:video_decoder|altera_up_video_itu_656_decoder:ITU_R_656_Decoder|altera_up_video_decoder_add_endofpacket:Add_EndofPacket|stream_out_data~10         ; 0                 ; 6       ;
;      - vga_video_decoder:video_decoder|altera_up_video_itu_656_decoder:ITU_R_656_Decoder|altera_up_video_decoder_add_endofpacket:Add_EndofPacket|stream_out_data~11         ; 0                 ; 6       ;
;      - vga_video_decoder:video_decoder|altera_up_video_itu_656_decoder:ITU_R_656_Decoder|altera_up_video_decoder_add_endofpacket:Add_EndofPacket|stream_out_data~12         ; 0                 ; 6       ;
;      - vga_video_decoder:video_decoder|altera_up_video_itu_656_decoder:ITU_R_656_Decoder|altera_up_video_decoder_add_endofpacket:Add_EndofPacket|stream_out_data~13         ; 0                 ; 6       ;
;      - vga_video_decoder:video_decoder|altera_up_video_itu_656_decoder:ITU_R_656_Decoder|altera_up_video_decoder_add_endofpacket:Add_EndofPacket|stream_out_data~14         ; 0                 ; 6       ;
;      - vga_video_decoder:video_decoder|altera_up_video_itu_656_decoder:ITU_R_656_Decoder|altera_up_video_decoder_add_endofpacket:Add_EndofPacket|stream_out_data~15         ; 0                 ; 6       ;
;      - vga_video_decoder:video_decoder|altera_up_video_itu_656_decoder:ITU_R_656_Decoder|altera_up_video_decoder_add_endofpacket:Add_EndofPacket|stream_out_data~16         ; 0                 ; 6       ;
;      - vga_video_decoder:video_decoder|altera_up_video_itu_656_decoder:ITU_R_656_Decoder|altera_up_video_decoder_add_endofpacket:Add_EndofPacket|internal_data~0            ; 0                 ; 6       ;
;      - vga_video_decoder:video_decoder|altera_up_video_itu_656_decoder:ITU_R_656_Decoder|altera_up_video_decoder_add_endofpacket:Add_EndofPacket|internal_data~1            ; 0                 ; 6       ;
;      - vga_video_decoder:video_decoder|altera_up_video_itu_656_decoder:ITU_R_656_Decoder|altera_up_video_decoder_add_endofpacket:Add_EndofPacket|internal_data~2            ; 0                 ; 6       ;
;      - vga_video_decoder:video_decoder|altera_up_video_itu_656_decoder:ITU_R_656_Decoder|altera_up_video_decoder_add_endofpacket:Add_EndofPacket|internal_data~3            ; 0                 ; 6       ;
;      - vga_video_decoder:video_decoder|altera_up_video_itu_656_decoder:ITU_R_656_Decoder|altera_up_video_decoder_add_endofpacket:Add_EndofPacket|internal_data~4            ; 0                 ; 6       ;
;      - vga_video_decoder:video_decoder|altera_up_video_itu_656_decoder:ITU_R_656_Decoder|altera_up_video_decoder_add_endofpacket:Add_EndofPacket|internal_data~5            ; 0                 ; 6       ;
;      - vga_video_decoder:video_decoder|altera_up_video_itu_656_decoder:ITU_R_656_Decoder|altera_up_video_decoder_add_endofpacket:Add_EndofPacket|internal_data~6            ; 0                 ; 6       ;
;      - vga_video_decoder:video_decoder|altera_up_video_itu_656_decoder:ITU_R_656_Decoder|altera_up_video_decoder_add_endofpacket:Add_EndofPacket|internal_data~7            ; 0                 ; 6       ;
;      - vga_video_decoder:video_decoder|altera_up_video_itu_656_decoder:ITU_R_656_Decoder|altera_up_video_decoder_add_endofpacket:Add_EndofPacket|internal_data~8            ; 0                 ; 6       ;
;      - vga_video_decoder:video_decoder|altera_up_video_itu_656_decoder:ITU_R_656_Decoder|altera_up_video_decoder_add_endofpacket:Add_EndofPacket|internal_data~9            ; 0                 ; 6       ;
;      - vga_video_decoder:video_decoder|altera_up_video_itu_656_decoder:ITU_R_656_Decoder|altera_up_video_decoder_add_endofpacket:Add_EndofPacket|internal_data~10           ; 0                 ; 6       ;
;      - vga_video_decoder:video_decoder|altera_up_video_itu_656_decoder:ITU_R_656_Decoder|altera_up_video_decoder_add_endofpacket:Add_EndofPacket|internal_data~11           ; 0                 ; 6       ;
;      - vga_video_decoder:video_decoder|altera_up_video_itu_656_decoder:ITU_R_656_Decoder|altera_up_video_decoder_add_endofpacket:Add_EndofPacket|internal_data~12           ; 0                 ; 6       ;
;      - vga_video_decoder:video_decoder|altera_up_video_itu_656_decoder:ITU_R_656_Decoder|altera_up_video_decoder_add_endofpacket:Add_EndofPacket|internal_data~13           ; 0                 ; 6       ;
;      - vga_video_decoder:video_decoder|altera_up_video_itu_656_decoder:ITU_R_656_Decoder|altera_up_video_decoder_add_endofpacket:Add_EndofPacket|internal_data~14           ; 0                 ; 6       ;
;      - vga_video_decoder:video_decoder|altera_up_video_itu_656_decoder:ITU_R_656_Decoder|altera_up_video_decoder_add_endofpacket:Add_EndofPacket|internal_data~15           ; 0                 ; 6       ;
; video_decoder_TD_DATA[5]                                                                                                                                                    ;                   ;         ;
;      - vga_video_decoder:video_decoder|altera_up_video_itu_656_decoder:ITU_R_656_Decoder|io_register[5]~feeder                                                              ; 0                 ; 6       ;
; video_decoder_TD_DATA[6]                                                                                                                                                    ;                   ;         ;
;      - vga_video_decoder:video_decoder|altera_up_video_itu_656_decoder:ITU_R_656_Decoder|io_register[6]~feeder                                                              ; 0                 ; 6       ;
; video_decoder_TD_DATA[1]                                                                                                                                                    ;                   ;         ;
;      - vga_video_decoder:video_decoder|altera_up_video_itu_656_decoder:ITU_R_656_Decoder|io_register[1]~feeder                                                              ; 0                 ; 6       ;
; video_decoder_TD_DATA[4]                                                                                                                                                    ;                   ;         ;
;      - vga_video_decoder:video_decoder|altera_up_video_itu_656_decoder:ITU_R_656_Decoder|io_register[4]                                                                     ; 1                 ; 6       ;
; video_decoder_TD_DATA[0]                                                                                                                                                    ;                   ;         ;
;      - vga_video_decoder:video_decoder|altera_up_video_itu_656_decoder:ITU_R_656_Decoder|io_register[0]~feeder                                                              ; 0                 ; 6       ;
; video_decoder_TD_DATA[3]                                                                                                                                                    ;                   ;         ;
;      - vga_video_decoder:video_decoder|altera_up_video_itu_656_decoder:ITU_R_656_Decoder|io_register[3]~feeder                                                              ; 1                 ; 6       ;
; video_decoder_TD_DATA[2]                                                                                                                                                    ;                   ;         ;
;      - vga_video_decoder:video_decoder|altera_up_video_itu_656_decoder:ITU_R_656_Decoder|io_register[2]                                                                     ; 1                 ; 6       ;
; video_decoder_TD_DATA[7]                                                                                                                                                    ;                   ;         ;
;      - vga_video_decoder:video_decoder|altera_up_video_itu_656_decoder:ITU_R_656_Decoder|io_register[7]~feeder                                                              ; 0                 ; 6       ;
; reset_reset_n                                                                                                                                                               ;                   ;         ;
;      - altera_reset_controller:rst_controller_002|merged_reset~0                                                                                                            ; 1                 ; 6       ;
+-----------------------------------------------------------------------------------------------------------------------------------------------------------------------------+-------------------+---------+


+--------------------------------------------------------------------------------------------------------------------------------------------------------------------------------------------------------------------------------------------------------------------------------------------------------------------------------------------------------------------------------------------------------------------------------------------------------------------------------------------------------+
; Control Signals                                                                                                                                                                                                                                                                                                                                                                                                                                                                                        ;
+-------------------------------------------------------------------------------------------------------------------------------------------------------------------------------------------------------------------------------------------------------------------------------------------------------------------------------------------------------------+--------------------+---------+----------------------------+--------+----------------------+------------------+---------------------------+
; Name                                                                                                                                                                                                                                                                                                                                                        ; Location           ; Fan-Out ; Usage                      ; Global ; Global Resource Used ; Global Line Name ; Enable Signal Source Name ;
+-------------------------------------------------------------------------------------------------------------------------------------------------------------------------------------------------------------------------------------------------------------------------------------------------------------------------------------------------------------+--------------------+---------+----------------------------+--------+----------------------+------------------+---------------------------+
; HoughTransform:hough_0|HoughTransformModule:gs_inst|state~12                                                                                                                                                                                                                                                                                                ; LCCOMB_X58_Y32_N12 ; 3       ; Clock enable               ; no     ; --                   ; --               ; --                        ;
; HoughTransform:hough_0|HoughTransformModule:gs_inst|x_pos[1]~27                                                                                                                                                                                                                                                                                             ; LCCOMB_X58_Y32_N30 ; 10      ; Sync. clear                ; no     ; --                   ; --               ; --                        ;
; HoughTransform:hough_0|HoughTransformModule:gs_inst|x_pos[9]~28                                                                                                                                                                                                                                                                                             ; LCCOMB_X58_Y32_N24 ; 10      ; Clock enable               ; no     ; --                   ; --               ; --                        ;
; HoughTransform:hough_0|HoughTransformModule:gs_inst|y_pos[2]~22                                                                                                                                                                                                                                                                                             ; LCCOMB_X57_Y32_N24 ; 10      ; Sync. clear                ; no     ; --                   ; --               ; --                        ;
; HoughTransform:hough_0|HoughTransformModule:gs_inst|y_pos[9]~24                                                                                                                                                                                                                                                                                             ; LCCOMB_X58_Y32_N4  ; 10      ; Clock enable               ; no     ; --                   ; --               ; --                        ;
; HoughTransform:hough_0|avalon_streaming_sink_ready~0                                                                                                                                                                                                                                                                                                        ; LCCOMB_X63_Y28_N22 ; 5       ; Clock enable               ; no     ; --                   ; --               ; --                        ;
; HoughTransform:hough_0|valid~0                                                                                                                                                                                                                                                                                                                              ; LCCOMB_X52_Y32_N26 ; 19      ; Clock enable               ; no     ; --                   ; --               ; --                        ;
; YCbCr_RedThreshold:red_0|YCbCr_RedThresholdModule:red_inst|iCb_sub[4]~0                                                                                                                                                                                                                                                                                     ; LCCOMB_X60_Y33_N18 ; 28      ; Clock enable               ; no     ; --                   ; --               ; --                        ;
; YCbCr_RedThreshold:red_0|avalon_streaming_sink_ready~0                                                                                                                                                                                                                                                                                                      ; LCCOMB_X36_Y45_N2  ; 23      ; Clock enable               ; no     ; --                   ; --               ; --                        ;
; YCbCr_RedThreshold:red_0|transfer_data~0                                                                                                                                                                                                                                                                                                                    ; LCCOMB_X62_Y31_N26 ; 12      ; Clock enable               ; no     ; --                   ; --               ; --                        ;
; altera_internal_jtag~TCKUTAP                                                                                                                                                                                                                                                                                                                                ; JTAG_X1_Y37_N0     ; 171     ; Clock                      ; yes    ; Global Clock         ; GCLK2            ; --                        ;
; altera_internal_jtag~TMSUTAP                                                                                                                                                                                                                                                                                                                                ; JTAG_X1_Y37_N0     ; 22      ; Sync. clear                ; no     ; --                   ; --               ; --                        ;
; altera_reset_controller:rst_controller_001|altera_reset_synchronizer:alt_rst_sync_uq1|altera_reset_synchronizer_int_chain_out                                                                                                                                                                                                                               ; FF_X30_Y1_N27      ; 182     ; Async. clear               ; yes    ; Global Clock         ; GCLK15           ; --                        ;
; altera_reset_controller:rst_controller_002|merged_reset~0                                                                                                                                                                                                                                                                                                   ; LCCOMB_X32_Y36_N16 ; 3       ; Async. clear               ; yes    ; Global Clock         ; GCLK0            ; --                        ;
; altera_reset_controller:rst_controller_002|r_early_rst                                                                                                                                                                                                                                                                                                      ; FF_X49_Y26_N21     ; 3       ; Clock enable               ; no     ; --                   ; --               ; --                        ;
; altera_reset_controller:rst_controller_002|r_sync_rst                                                                                                                                                                                                                                                                                                       ; FF_X49_Y26_N17     ; 460     ; Async. clear               ; yes    ; Global Clock         ; GCLK19           ; --                        ;
; altera_reset_controller:rst_controller_003|altera_reset_synchronizer:alt_rst_sync_uq1|altera_reset_synchronizer_int_chain_out                                                                                                                                                                                                                               ; FF_X36_Y61_N19     ; 39      ; Sync. clear, Sync. load    ; no     ; --                   ; --               ; --                        ;
; altera_reset_controller:rst_controller|altera_reset_synchronizer:alt_rst_sync_uq1|altera_reset_synchronizer_int_chain_out                                                                                                                                                                                                                                   ; FF_X45_Y32_N21     ; 725     ; Sync. clear, Sync. load    ; no     ; --                   ; --               ; --                        ;
; altera_reset_controller:rst_controller|altera_reset_synchronizer:alt_rst_sync_uq1|altera_reset_synchronizer_int_chain_out                                                                                                                                                                                                                                   ; FF_X45_Y32_N21     ; 1757    ; Async. clear               ; yes    ; Global Clock         ; GCLK14           ; --                        ;
; altera_reset_controller:rst_controller|merged_reset~0                                                                                                                                                                                                                                                                                                       ; LCCOMB_X30_Y1_N24  ; 6       ; Async. clear               ; yes    ; Global Clock         ; GCLK18           ; --                        ;
; canny:canny_0|avalon_streaming_sink_ready~0                                                                                                                                                                                                                                                                                                                 ; LCCOMB_X62_Y31_N18 ; 4       ; Clock enable               ; no     ; --                   ; --               ; --                        ;
; canny:canny_0|valid~0                                                                                                                                                                                                                                                                                                                                       ; LCCOMB_X63_Y28_N28 ; 289     ; Clock enable               ; no     ; --                   ; --               ; --                        ;
; clk_clk                                                                                                                                                                                                                                                                                                                                                     ; PIN_Y2             ; 186     ; Clock                      ; yes    ; Global Clock         ; GCLK1            ; --                        ;
; clk_clk                                                                                                                                                                                                                                                                                                                                                     ; PIN_Y2             ; 2       ; Clock                      ; no     ; --                   ; --               ; --                        ;
; sld_hub:auto_hub|alt_sld_fab_with_jtag_input:\instrumentation_fabric_with_node_gen:fabric_gen_new_way:with_jtag_input_gen:instrumentation_fabric|alt_sld_fab:instrumentation_fabric|alt_sld_fab_alt_sld_fab:alt_sld_fab|alt_sld_fab_alt_sld_fab_sldfabric:sldfabric|sld_jtag_hub:\jtag_hub_gen:real_sld_jtag_hub|clr_reg                                    ; FF_X30_Y36_N21     ; 57      ; Async. clear               ; no     ; --                   ; --               ; --                        ;
; sld_hub:auto_hub|alt_sld_fab_with_jtag_input:\instrumentation_fabric_with_node_gen:fabric_gen_new_way:with_jtag_input_gen:instrumentation_fabric|alt_sld_fab:instrumentation_fabric|alt_sld_fab_alt_sld_fab:alt_sld_fab|alt_sld_fab_alt_sld_fab_sldfabric:sldfabric|sld_jtag_hub:\jtag_hub_gen:real_sld_jtag_hub|design_hash_proc~0                         ; LCCOMB_X25_Y35_N26 ; 4       ; Sync. load                 ; no     ; --                   ; --               ; --                        ;
; sld_hub:auto_hub|alt_sld_fab_with_jtag_input:\instrumentation_fabric_with_node_gen:fabric_gen_new_way:with_jtag_input_gen:instrumentation_fabric|alt_sld_fab:instrumentation_fabric|alt_sld_fab_alt_sld_fab:alt_sld_fab|alt_sld_fab_alt_sld_fab_sldfabric:sldfabric|sld_jtag_hub:\jtag_hub_gen:real_sld_jtag_hub|hub_info_reg_ena                           ; LCCOMB_X25_Y35_N14 ; 4       ; Clock enable               ; no     ; --                   ; --               ; --                        ;
; sld_hub:auto_hub|alt_sld_fab_with_jtag_input:\instrumentation_fabric_with_node_gen:fabric_gen_new_way:with_jtag_input_gen:instrumentation_fabric|alt_sld_fab:instrumentation_fabric|alt_sld_fab_alt_sld_fab:alt_sld_fab|alt_sld_fab_alt_sld_fab_sldfabric:sldfabric|sld_jtag_hub:\jtag_hub_gen:real_sld_jtag_hub|hub_info_reg_ena~0                         ; LCCOMB_X27_Y35_N0  ; 5       ; Clock enable               ; no     ; --                   ; --               ; --                        ;
; sld_hub:auto_hub|alt_sld_fab_with_jtag_input:\instrumentation_fabric_with_node_gen:fabric_gen_new_way:with_jtag_input_gen:instrumentation_fabric|alt_sld_fab:instrumentation_fabric|alt_sld_fab_alt_sld_fab:alt_sld_fab|alt_sld_fab_alt_sld_fab_sldfabric:sldfabric|sld_jtag_hub:\jtag_hub_gen:real_sld_jtag_hub|identity_contrib_shift_reg[0]~2            ; LCCOMB_X24_Y35_N0  ; 4       ; Clock enable               ; no     ; --                   ; --               ; --                        ;
; sld_hub:auto_hub|alt_sld_fab_with_jtag_input:\instrumentation_fabric_with_node_gen:fabric_gen_new_way:with_jtag_input_gen:instrumentation_fabric|alt_sld_fab:instrumentation_fabric|alt_sld_fab_alt_sld_fab:alt_sld_fab|alt_sld_fab_alt_sld_fab_sldfabric:sldfabric|sld_jtag_hub:\jtag_hub_gen:real_sld_jtag_hub|irf_reg[2][0]~9                            ; LCCOMB_X28_Y36_N0  ; 2       ; Clock enable               ; no     ; --                   ; --               ; --                        ;
; sld_hub:auto_hub|alt_sld_fab_with_jtag_input:\instrumentation_fabric_with_node_gen:fabric_gen_new_way:with_jtag_input_gen:instrumentation_fabric|alt_sld_fab:instrumentation_fabric|alt_sld_fab_alt_sld_fab:alt_sld_fab|alt_sld_fab_alt_sld_fab_sldfabric:sldfabric|sld_jtag_hub:\jtag_hub_gen:real_sld_jtag_hub|irsr_reg[2]~16                             ; LCCOMB_X29_Y36_N20 ; 5       ; Clock enable               ; no     ; --                   ; --               ; --                        ;
; sld_hub:auto_hub|alt_sld_fab_with_jtag_input:\instrumentation_fabric_with_node_gen:fabric_gen_new_way:with_jtag_input_gen:instrumentation_fabric|alt_sld_fab:instrumentation_fabric|alt_sld_fab_alt_sld_fab:alt_sld_fab|alt_sld_fab_alt_sld_fab_sldfabric:sldfabric|sld_jtag_hub:\jtag_hub_gen:real_sld_jtag_hub|mixer_addr_reg_internal[2]~12              ; LCCOMB_X25_Y36_N18 ; 5       ; Sync. load                 ; no     ; --                   ; --               ; --                        ;
; sld_hub:auto_hub|alt_sld_fab_with_jtag_input:\instrumentation_fabric_with_node_gen:fabric_gen_new_way:with_jtag_input_gen:instrumentation_fabric|alt_sld_fab:instrumentation_fabric|alt_sld_fab_alt_sld_fab:alt_sld_fab|alt_sld_fab_alt_sld_fab_sldfabric:sldfabric|sld_jtag_hub:\jtag_hub_gen:real_sld_jtag_hub|mixer_addr_reg_internal[2]~13              ; LCCOMB_X26_Y36_N18 ; 5       ; Clock enable               ; no     ; --                   ; --               ; --                        ;
; sld_hub:auto_hub|alt_sld_fab_with_jtag_input:\instrumentation_fabric_with_node_gen:fabric_gen_new_way:with_jtag_input_gen:instrumentation_fabric|alt_sld_fab:instrumentation_fabric|alt_sld_fab_alt_sld_fab:alt_sld_fab|alt_sld_fab_alt_sld_fab_sldfabric:sldfabric|sld_jtag_hub:\jtag_hub_gen:real_sld_jtag_hub|node_ena~4                                 ; LCCOMB_X30_Y37_N20 ; 2       ; Clock enable               ; no     ; --                   ; --               ; --                        ;
; sld_hub:auto_hub|alt_sld_fab_with_jtag_input:\instrumentation_fabric_with_node_gen:fabric_gen_new_way:with_jtag_input_gen:instrumentation_fabric|alt_sld_fab:instrumentation_fabric|alt_sld_fab_alt_sld_fab:alt_sld_fab|alt_sld_fab_alt_sld_fab_sldfabric:sldfabric|sld_jtag_hub:\jtag_hub_gen:real_sld_jtag_hub|shadow_irf_reg[2][0]~7                     ; LCCOMB_X27_Y36_N4  ; 2       ; Clock enable               ; no     ; --                   ; --               ; --                        ;
; sld_hub:auto_hub|alt_sld_fab_with_jtag_input:\instrumentation_fabric_with_node_gen:fabric_gen_new_way:with_jtag_input_gen:instrumentation_fabric|alt_sld_fab:instrumentation_fabric|alt_sld_fab_alt_sld_fab:alt_sld_fab|alt_sld_fab_alt_sld_fab_sldfabric:sldfabric|sld_jtag_hub:\jtag_hub_gen:real_sld_jtag_hub|sld_rom_sr:hub_info_reg|WORD_SR[0]~20      ; LCCOMB_X25_Y35_N20 ; 4       ; Clock enable               ; no     ; --                   ; --               ; --                        ;
; sld_hub:auto_hub|alt_sld_fab_with_jtag_input:\instrumentation_fabric_with_node_gen:fabric_gen_new_way:with_jtag_input_gen:instrumentation_fabric|alt_sld_fab:instrumentation_fabric|alt_sld_fab_alt_sld_fab:alt_sld_fab|alt_sld_fab_alt_sld_fab_sldfabric:sldfabric|sld_jtag_hub:\jtag_hub_gen:real_sld_jtag_hub|sld_rom_sr:hub_info_reg|word_counter[0]~22 ; LCCOMB_X26_Y35_N6  ; 5       ; Sync. clear                ; no     ; --                   ; --               ; --                        ;
; sld_hub:auto_hub|alt_sld_fab_with_jtag_input:\instrumentation_fabric_with_node_gen:fabric_gen_new_way:with_jtag_input_gen:instrumentation_fabric|alt_sld_fab:instrumentation_fabric|alt_sld_fab_alt_sld_fab:alt_sld_fab|alt_sld_fab_alt_sld_fab_sldfabric:sldfabric|sld_jtag_hub:\jtag_hub_gen:real_sld_jtag_hub|sld_rom_sr:hub_info_reg|word_counter[0]~23 ; LCCOMB_X25_Y35_N6  ; 5       ; Clock enable               ; no     ; --                   ; --               ; --                        ;
; sld_hub:auto_hub|alt_sld_fab_with_jtag_input:\instrumentation_fabric_with_node_gen:fabric_gen_new_way:with_jtag_input_gen:instrumentation_fabric|alt_sld_fab:instrumentation_fabric|alt_sld_fab_alt_sld_fab:alt_sld_fab|alt_sld_fab_alt_sld_fab_sldfabric:sldfabric|sld_jtag_hub:\jtag_hub_gen:real_sld_jtag_hub|sld_shadow_jsm:shadow_jsm|state[0]         ; FF_X30_Y36_N31     ; 15      ; Async. clear               ; no     ; --                   ; --               ; --                        ;
; sld_hub:auto_hub|alt_sld_fab_with_jtag_input:\instrumentation_fabric_with_node_gen:fabric_gen_new_way:with_jtag_input_gen:instrumentation_fabric|alt_sld_fab:instrumentation_fabric|alt_sld_fab_alt_sld_fab:alt_sld_fab|alt_sld_fab_alt_sld_fab_sldfabric:sldfabric|sld_jtag_hub:\jtag_hub_gen:real_sld_jtag_hub|sld_shadow_jsm:shadow_jsm|state[11]        ; FF_X33_Y36_N29     ; 12      ; Clock enable               ; no     ; --                   ; --               ; --                        ;
; sld_hub:auto_hub|alt_sld_fab_with_jtag_input:\instrumentation_fabric_with_node_gen:fabric_gen_new_way:with_jtag_input_gen:instrumentation_fabric|alt_sld_fab:instrumentation_fabric|alt_sld_fab_alt_sld_fab:alt_sld_fab|alt_sld_fab_alt_sld_fab_sldfabric:sldfabric|sld_jtag_hub:\jtag_hub_gen:real_sld_jtag_hub|sld_shadow_jsm:shadow_jsm|state[3]         ; FF_X30_Y36_N27     ; 35      ; Sync. load                 ; no     ; --                   ; --               ; --                        ;
; sld_hub:auto_hub|alt_sld_fab_with_jtag_input:\instrumentation_fabric_with_node_gen:fabric_gen_new_way:with_jtag_input_gen:instrumentation_fabric|alt_sld_fab:instrumentation_fabric|alt_sld_fab_alt_sld_fab:alt_sld_fab|alt_sld_fab_alt_sld_fab_sldfabric:sldfabric|sld_jtag_hub:\jtag_hub_gen:real_sld_jtag_hub|sld_shadow_jsm:shadow_jsm|state[4]         ; FF_X29_Y36_N17     ; 49      ; Sync. clear                ; no     ; --                   ; --               ; --                        ;
; sld_hub:auto_hub|alt_sld_fab_with_jtag_input:\instrumentation_fabric_with_node_gen:fabric_gen_new_way:with_jtag_input_gen:instrumentation_fabric|alt_sld_fab:instrumentation_fabric|alt_sld_fab_alt_sld_fab:alt_sld_fab|alt_sld_fab_alt_sld_fab_sldfabric:sldfabric|sld_jtag_hub:\jtag_hub_gen:real_sld_jtag_hub|virtual_ir_dr_scan_proc~0                  ; LCCOMB_X33_Y36_N30 ; 3       ; Clock enable               ; no     ; --                   ; --               ; --                        ;
; sld_hub:auto_hub|alt_sld_fab_with_jtag_input:\instrumentation_fabric_with_node_gen:fabric_gen_new_way:with_jtag_input_gen:instrumentation_fabric|alt_sld_fab:instrumentation_fabric|alt_sld_fab_alt_sld_fab:alt_sld_fab|alt_sld_fab_alt_sld_fab_sldfabric:sldfabric|sld_jtag_hub:\jtag_hub_gen:real_sld_jtag_hub|virtual_ir_scan_reg                        ; FF_X28_Y35_N9      ; 30      ; Async. clear               ; no     ; --                   ; --               ; --                        ;
; sld_hub:auto_hub|alt_sld_fab_with_jtag_input:\instrumentation_fabric_with_node_gen:fabric_gen_new_way:with_jtag_input_gen:instrumentation_fabric|alt_sld_fab:instrumentation_fabric|alt_sld_fab_alt_sld_fab:alt_sld_fab|sldfabric_ident_writedata[0]~0                                                                                                      ; LCCOMB_X24_Y35_N8  ; 4       ; Clock enable               ; no     ; --                   ; --               ; --                        ;
; vga_av_config:av_config|address_reg[2]~2                                                                                                                                                                                                                                                                                                                    ; LCCOMB_X45_Y44_N30 ; 8       ; Clock enable               ; no     ; --                   ; --               ; --                        ;
; vga_av_config:av_config|altera_up_av_config_auto_init:AV_Config_Auto_Init|rom_address[1]~18                                                                                                                                                                                                                                                                 ; LCCOMB_X45_Y45_N2  ; 6       ; Clock enable               ; no     ; --                   ; --               ; --                        ;
; vga_av_config:av_config|altera_up_av_config_serial_bus_controller:Serial_Bus_Controller|s_serial_protocol.STATE_1_INITIALIZE                                                                                                                                                                                                                                ; FF_X42_Y43_N31     ; 63      ; Sync. clear                ; no     ; --                   ; --               ; --                        ;
; vga_av_config:av_config|altera_up_av_config_serial_bus_controller:Serial_Bus_Controller|serial_data~2                                                                                                                                                                                                                                                       ; LCCOMB_X43_Y46_N22 ; 1       ; Output enable              ; no     ; --                   ; --               ; --                        ;
; vga_av_config:av_config|altera_up_av_config_serial_bus_controller:Serial_Bus_Controller|shiftreg_mask[21]~4                                                                                                                                                                                                                                                 ; LCCOMB_X43_Y44_N4  ; 59      ; Clock enable               ; no     ; --                   ; --               ; --                        ;
; vga_av_config:av_config|altera_up_av_config_serial_bus_controller:Serial_Bus_Controller|shiftreg_mask~2                                                                                                                                                                                                                                                     ; LCCOMB_X45_Y44_N2  ; 153     ; Sync. clear                ; no     ; --                   ; --               ; --                        ;
; vga_av_config:av_config|control_reg[16]~3                                                                                                                                                                                                                                                                                                                   ; LCCOMB_X42_Y43_N26 ; 2       ; Clock enable               ; no     ; --                   ; --               ; --                        ;
; vga_av_config:av_config|control_reg[2]~7                                                                                                                                                                                                                                                                                                                    ; LCCOMB_X45_Y44_N20 ; 2       ; Clock enable               ; no     ; --                   ; --               ; --                        ;
; vga_av_config:av_config|data_reg[6]~0                                                                                                                                                                                                                                                                                                                       ; LCCOMB_X45_Y44_N8  ; 8       ; Clock enable               ; no     ; --                   ; --               ; --                        ;
; vga_av_config:av_config|device_for_transfer[0]~1                                                                                                                                                                                                                                                                                                            ; LCCOMB_X43_Y45_N0  ; 2       ; Clock enable               ; no     ; --                   ; --               ; --                        ;
; vga_av_config:av_config|readdata[5]~25                                                                                                                                                                                                                                                                                                                      ; LCCOMB_X46_Y41_N22 ; 7       ; Clock enable               ; no     ; --                   ; --               ; --                        ;
; vga_av_config:av_config|start_external_transfer~0                                                                                                                                                                                                                                                                                                           ; LCCOMB_X43_Y45_N14 ; 10      ; Clock enable               ; no     ; --                   ; --               ; --                        ;
; vga_jtag_uart_0:jtag_uart_0|alt_jtag_atlantic:vga_jtag_uart_0_alt_jtag_atlantic|r_ena~0                                                                                                                                                                                                                                                                     ; LCCOMB_X49_Y33_N14 ; 1       ; Clock enable               ; no     ; --                   ; --               ; --                        ;
; vga_jtag_uart_0:jtag_uart_0|alt_jtag_atlantic:vga_jtag_uart_0_alt_jtag_atlantic|td_shift[0]~4                                                                                                                                                                                                                                                               ; LCCOMB_X45_Y34_N20 ; 21      ; Clock enable               ; no     ; --                   ; --               ; --                        ;
; vga_jtag_uart_0:jtag_uart_0|alt_jtag_atlantic:vga_jtag_uart_0_alt_jtag_atlantic|write_stalled~3                                                                                                                                                                                                                                                             ; LCCOMB_X45_Y34_N30 ; 5       ; Clock enable               ; no     ; --                   ; --               ; --                        ;
; vga_jtag_uart_0:jtag_uart_0|alt_jtag_atlantic:vga_jtag_uart_0_alt_jtag_atlantic|write~3                                                                                                                                                                                                                                                                     ; LCCOMB_X45_Y34_N12 ; 8       ; Clock enable               ; no     ; --                   ; --               ; --                        ;
; vga_jtag_uart_0:jtag_uart_0|fifo_rd~1                                                                                                                                                                                                                                                                                                                       ; LCCOMB_X49_Y34_N28 ; 11      ; Clock enable               ; no     ; --                   ; --               ; --                        ;
; vga_jtag_uart_0:jtag_uart_0|fifo_wr                                                                                                                                                                                                                                                                                                                         ; FF_X49_Y34_N31     ; 15      ; Clock enable, Write enable ; no     ; --                   ; --               ; --                        ;
; vga_jtag_uart_0:jtag_uart_0|ien_AF~0                                                                                                                                                                                                                                                                                                                        ; LCCOMB_X49_Y34_N2  ; 3       ; Clock enable               ; no     ; --                   ; --               ; --                        ;
; vga_jtag_uart_0:jtag_uart_0|r_val~0                                                                                                                                                                                                                                                                                                                         ; LCCOMB_X49_Y33_N24 ; 11      ; Clock enable               ; no     ; --                   ; --               ; --                        ;
; vga_jtag_uart_0:jtag_uart_0|read_0                                                                                                                                                                                                                                                                                                                          ; FF_X49_Y34_N13     ; 16      ; Sync. load                 ; no     ; --                   ; --               ; --                        ;
; vga_jtag_uart_0:jtag_uart_0|vga_jtag_uart_0_scfifo_r:the_vga_jtag_uart_0_scfifo_r|scfifo:rfifo|scfifo_jr21:auto_generated|a_dpfifo_l011:dpfifo|a_fefifo_7cf:fifo_state|_~4                                                                                                                                                                                  ; LCCOMB_X50_Y32_N0  ; 6       ; Clock enable               ; no     ; --                   ; --               ; --                        ;
; vga_jtag_uart_0:jtag_uart_0|vga_jtag_uart_0_scfifo_w:the_vga_jtag_uart_0_scfifo_w|scfifo:wfifo|scfifo_jr21:auto_generated|a_dpfifo_l011:dpfifo|a_fefifo_7cf:fifo_state|_~0                                                                                                                                                                                  ; LCCOMB_X49_Y33_N20 ; 6       ; Clock enable               ; no     ; --                   ; --               ; --                        ;
; vga_jtag_uart_0:jtag_uart_0|wr_rfifo                                                                                                                                                                                                                                                                                                                        ; LCCOMB_X49_Y32_N14 ; 13      ; Clock enable, Write enable ; no     ; --                   ; --               ; --                        ;
; vga_mm_interconnect_0:mm_interconnect_0|altera_avalon_sc_fifo:jtag_uart_0_avalon_jtag_slave_agent_rdata_fifo|always0~0                                                                                                                                                                                                                                      ; LCCOMB_X52_Y34_N2  ; 22      ; Clock enable               ; no     ; --                   ; --               ; --                        ;
; vga_mm_interconnect_0:mm_interconnect_0|altera_avalon_sc_fifo:nios2_gen2_0_debug_mem_slave_agent_rsp_fifo|mem_used[1]~0                                                                                                                                                                                                                                     ; LCCOMB_X40_Y38_N30 ; 3       ; Clock enable               ; no     ; --                   ; --               ; --                        ;
; vga_mm_interconnect_0:mm_interconnect_0|altera_avalon_sc_fifo:onchip_memory2_0_s1_agent_rsp_fifo|mem_used[1]~0                                                                                                                                                                                                                                              ; LCCOMB_X49_Y38_N10 ; 3       ; Clock enable               ; no     ; --                   ; --               ; --                        ;
; vga_mm_interconnect_0:mm_interconnect_0|altera_avalon_sc_fifo:sram_avalon_sram_slave_agent_rdata_fifo|always0~0                                                                                                                                                                                                                                             ; LCCOMB_X28_Y32_N6  ; 16      ; Clock enable               ; no     ; --                   ; --               ; --                        ;
; vga_mm_interconnect_0:mm_interconnect_0|altera_avalon_sc_fifo:sram_avalon_sram_slave_agent_rdata_fifo|always1~0                                                                                                                                                                                                                                             ; LCCOMB_X29_Y33_N12 ; 16      ; Clock enable               ; no     ; --                   ; --               ; --                        ;
; vga_mm_interconnect_0:mm_interconnect_0|altera_avalon_sc_fifo:sram_avalon_sram_slave_agent_rdata_fifo|mem_used[0]~1                                                                                                                                                                                                                                         ; LCCOMB_X29_Y33_N16 ; 2       ; Clock enable               ; no     ; --                   ; --               ; --                        ;
; vga_mm_interconnect_0:mm_interconnect_0|altera_avalon_sc_fifo:sram_avalon_sram_slave_agent_rsp_fifo|always0~0                                                                                                                                                                                                                                               ; LCCOMB_X32_Y33_N4  ; 10      ; Clock enable               ; no     ; --                   ; --               ; --                        ;
; vga_mm_interconnect_0:mm_interconnect_0|altera_avalon_sc_fifo:sram_avalon_sram_slave_agent_rsp_fifo|always1~0                                                                                                                                                                                                                                               ; LCCOMB_X31_Y33_N18 ; 10      ; Clock enable               ; no     ; --                   ; --               ; --                        ;
; vga_mm_interconnect_0:mm_interconnect_0|altera_avalon_sc_fifo:sram_avalon_sram_slave_agent_rsp_fifo|mem[0][62]                                                                                                                                                                                                                                              ; FF_X31_Y35_N7      ; 14      ; Sync. clear                ; no     ; --                   ; --               ; --                        ;
; vga_mm_interconnect_0:mm_interconnect_0|altera_avalon_sc_fifo:sram_avalon_sram_slave_agent_rsp_fifo|mem_used[0]~2                                                                                                                                                                                                                                           ; LCCOMB_X31_Y33_N22 ; 2       ; Clock enable               ; no     ; --                   ; --               ; --                        ;
; vga_mm_interconnect_0:mm_interconnect_0|altera_avalon_sc_fifo:sram_avalon_sram_slave_agent_rsp_fifo|read~0                                                                                                                                                                                                                                                  ; LCCOMB_X32_Y33_N10 ; 10      ; Clock enable               ; no     ; --                   ; --               ; --                        ;
; vga_mm_interconnect_0:mm_interconnect_0|altera_avalon_st_handshake_clock_crosser:crosser_001|altera_avalon_st_clock_crosser:clock_xer|take_in_data                                                                                                                                                                                                          ; LCCOMB_X48_Y34_N2  ; 22      ; Clock enable               ; no     ; --                   ; --               ; --                        ;
; vga_mm_interconnect_0:mm_interconnect_0|altera_avalon_st_handshake_clock_crosser:crosser|altera_avalon_st_clock_crosser:clock_xer|take_in_data                                                                                                                                                                                                              ; LCCOMB_X40_Y36_N24 ; 14      ; Clock enable               ; no     ; --                   ; --               ; --                        ;
; vga_mm_interconnect_0:mm_interconnect_0|altera_merlin_width_adapter:nios2_gen2_0_data_master_to_sram_avalon_sram_slave_cmd_width_adapter|address_reg~1                                                                                                                                                                                                      ; LCCOMB_X38_Y35_N8  ; 37      ; Clock enable               ; no     ; --                   ; --               ; --                        ;
; vga_mm_interconnect_0:mm_interconnect_0|altera_merlin_width_adapter:nios2_gen2_0_data_master_to_sram_avalon_sram_slave_cmd_width_adapter|use_reg                                                                                                                                                                                                            ; FF_X40_Y36_N9      ; 64      ; Sync. load                 ; no     ; --                   ; --               ; --                        ;
; vga_mm_interconnect_0:mm_interconnect_0|vga_mm_interconnect_0_cmd_mux:cmd_mux|altera_merlin_arbitrator:arb|top_priority_reg[0]~0                                                                                                                                                                                                                            ; LCCOMB_X36_Y36_N14 ; 3       ; Clock enable               ; no     ; --                   ; --               ; --                        ;
; vga_mm_interconnect_0:mm_interconnect_0|vga_mm_interconnect_0_cmd_mux:cmd_mux|update_grant~1                                                                                                                                                                                                                                                                ; LCCOMB_X38_Y36_N8  ; 5       ; Clock enable               ; no     ; --                   ; --               ; --                        ;
; vga_mm_interconnect_0:mm_interconnect_0|vga_mm_interconnect_0_cmd_mux_007:cmd_mux_007|altera_merlin_arbitrator:arb|top_priority_reg[0]~0                                                                                                                                                                                                                    ; LCCOMB_X38_Y38_N12 ; 2       ; Clock enable               ; no     ; --                   ; --               ; --                        ;
; vga_mm_interconnect_0:mm_interconnect_0|vga_mm_interconnect_0_cmd_mux_007:cmd_mux_007|update_grant~1                                                                                                                                                                                                                                                        ; LCCOMB_X38_Y38_N2  ; 4       ; Clock enable               ; no     ; --                   ; --               ; --                        ;
; vga_mm_interconnect_0:mm_interconnect_0|vga_mm_interconnect_0_cmd_mux_007:cmd_mux_008|altera_merlin_arbitrator:arb|top_priority_reg[0]~0                                                                                                                                                                                                                    ; LCCOMB_X55_Y38_N16 ; 2       ; Clock enable               ; no     ; --                   ; --               ; --                        ;
; vga_mm_interconnect_0:mm_interconnect_0|vga_mm_interconnect_0_cmd_mux_007:cmd_mux_008|update_grant~1                                                                                                                                                                                                                                                        ; LCCOMB_X55_Y38_N14 ; 4       ; Clock enable               ; no     ; --                   ; --               ; --                        ;
; vga_mm_interconnect_0:mm_interconnect_0|vga_mm_interconnect_0_rsp_demux:rsp_demux|src2_valid~0                                                                                                                                                                                                                                                              ; LCCOMB_X32_Y33_N14 ; 28      ; Clock enable               ; no     ; --                   ; --               ; --                        ;
; vga_nios2_gen2_0:nios2_gen2_0|vga_nios2_gen2_0_cpu:cpu|D_ctrl_mem8~1                                                                                                                                                                                                                                                                                        ; LCCOMB_X52_Y39_N18 ; 12      ; Sync. load                 ; no     ; --                   ; --               ; --                        ;
; vga_nios2_gen2_0:nios2_gen2_0|vga_nios2_gen2_0_cpu:cpu|D_iw[2]                                                                                                                                                                                                                                                                                              ; FF_X45_Y39_N1      ; 26      ; Sync. clear                ; no     ; --                   ; --               ; --                        ;
; vga_nios2_gen2_0:nios2_gen2_0|vga_nios2_gen2_0_cpu:cpu|E_alu_result~0                                                                                                                                                                                                                                                                                       ; LCCOMB_X48_Y42_N4  ; 63      ; Sync. clear                ; no     ; --                   ; --               ; --                        ;
; vga_nios2_gen2_0:nios2_gen2_0|vga_nios2_gen2_0_cpu:cpu|E_new_inst                                                                                                                                                                                                                                                                                           ; FF_X48_Y42_N19     ; 42      ; Sync. load                 ; no     ; --                   ; --               ; --                        ;
; vga_nios2_gen2_0:nios2_gen2_0|vga_nios2_gen2_0_cpu:cpu|E_valid_from_R                                                                                                                                                                                                                                                                                       ; FF_X48_Y42_N3      ; 22      ; Clock enable               ; no     ; --                   ; --               ; --                        ;
; vga_nios2_gen2_0:nios2_gen2_0|vga_nios2_gen2_0_cpu:cpu|F_valid~0                                                                                                                                                                                                                                                                                            ; LCCOMB_X50_Y39_N20 ; 34      ; Clock enable               ; no     ; --                   ; --               ; --                        ;
; vga_nios2_gen2_0:nios2_gen2_0|vga_nios2_gen2_0_cpu:cpu|R_ctrl_hi_imm16                                                                                                                                                                                                                                                                                      ; FF_X49_Y42_N21     ; 18      ; Sync. load                 ; no     ; --                   ; --               ; --                        ;
; vga_nios2_gen2_0:nios2_gen2_0|vga_nios2_gen2_0_cpu:cpu|R_ctrl_shift_rot                                                                                                                                                                                                                                                                                     ; FF_X50_Y43_N17     ; 33      ; Sync. load                 ; no     ; --                   ; --               ; --                        ;
; vga_nios2_gen2_0:nios2_gen2_0|vga_nios2_gen2_0_cpu:cpu|R_src1~25                                                                                                                                                                                                                                                                                            ; LCCOMB_X48_Y42_N12 ; 32      ; Sync. load                 ; no     ; --                   ; --               ; --                        ;
; vga_nios2_gen2_0:nios2_gen2_0|vga_nios2_gen2_0_cpu:cpu|R_src2_hi~0                                                                                                                                                                                                                                                                                          ; LCCOMB_X55_Y42_N8  ; 15      ; Sync. clear                ; no     ; --                   ; --               ; --                        ;
; vga_nios2_gen2_0:nios2_gen2_0|vga_nios2_gen2_0_cpu:cpu|W_rf_wren                                                                                                                                                                                                                                                                                            ; LCCOMB_X50_Y39_N22 ; 2       ; Write enable               ; no     ; --                   ; --               ; --                        ;
; vga_nios2_gen2_0:nios2_gen2_0|vga_nios2_gen2_0_cpu:cpu|W_valid                                                                                                                                                                                                                                                                                              ; FF_X48_Y42_N7      ; 23      ; Clock enable               ; no     ; --                   ; --               ; --                        ;
; vga_nios2_gen2_0:nios2_gen2_0|vga_nios2_gen2_0_cpu:cpu|av_ld_byte0_data[0]~0                                                                                                                                                                                                                                                                                ; LCCOMB_X47_Y40_N20 ; 8       ; Clock enable               ; no     ; --                   ; --               ; --                        ;
; vga_nios2_gen2_0:nios2_gen2_0|vga_nios2_gen2_0_cpu:cpu|av_ld_byte1_data_en~0                                                                                                                                                                                                                                                                                ; LCCOMB_X47_Y40_N22 ; 8       ; Clock enable               ; no     ; --                   ; --               ; --                        ;
; vga_nios2_gen2_0:nios2_gen2_0|vga_nios2_gen2_0_cpu:cpu|av_ld_rshift8~1                                                                                                                                                                                                                                                                                      ; LCCOMB_X47_Y40_N2  ; 30      ; Clock enable, Sync. load   ; no     ; --                   ; --               ; --                        ;
; vga_nios2_gen2_0:nios2_gen2_0|vga_nios2_gen2_0_cpu:cpu|vga_nios2_gen2_0_cpu_nios2_oci:the_vga_nios2_gen2_0_cpu_nios2_oci|address[8]                                                                                                                                                                                                                         ; FF_X48_Y41_N3      ; 36      ; Sync. load                 ; no     ; --                   ; --               ; --                        ;
; vga_nios2_gen2_0:nios2_gen2_0|vga_nios2_gen2_0_cpu:cpu|vga_nios2_gen2_0_cpu_nios2_oci:the_vga_nios2_gen2_0_cpu_nios2_oci|vga_nios2_gen2_0_cpu_debug_slave_wrapper:the_vga_nios2_gen2_0_cpu_debug_slave_wrapper|sld_virtual_jtag_basic:vga_nios2_gen2_0_cpu_debug_slave_phy|virtual_state_sdr~0                                                              ; LCCOMB_X30_Y37_N0  ; 35      ; Sync. load                 ; no     ; --                   ; --               ; --                        ;
; vga_nios2_gen2_0:nios2_gen2_0|vga_nios2_gen2_0_cpu:cpu|vga_nios2_gen2_0_cpu_nios2_oci:the_vga_nios2_gen2_0_cpu_nios2_oci|vga_nios2_gen2_0_cpu_debug_slave_wrapper:the_vga_nios2_gen2_0_cpu_debug_slave_wrapper|sld_virtual_jtag_basic:vga_nios2_gen2_0_cpu_debug_slave_phy|virtual_state_uir~0                                                              ; LCCOMB_X30_Y37_N16 ; 4       ; Clock enable               ; no     ; --                   ; --               ; --                        ;
; vga_nios2_gen2_0:nios2_gen2_0|vga_nios2_gen2_0_cpu:cpu|vga_nios2_gen2_0_cpu_nios2_oci:the_vga_nios2_gen2_0_cpu_nios2_oci|vga_nios2_gen2_0_cpu_debug_slave_wrapper:the_vga_nios2_gen2_0_cpu_debug_slave_wrapper|vga_nios2_gen2_0_cpu_debug_slave_sysclk:the_vga_nios2_gen2_0_cpu_debug_slave_sysclk|jxuir                                                    ; FF_X30_Y40_N25     ; 2       ; Clock enable               ; no     ; --                   ; --               ; --                        ;
; vga_nios2_gen2_0:nios2_gen2_0|vga_nios2_gen2_0_cpu:cpu|vga_nios2_gen2_0_cpu_nios2_oci:the_vga_nios2_gen2_0_cpu_nios2_oci|vga_nios2_gen2_0_cpu_debug_slave_wrapper:the_vga_nios2_gen2_0_cpu_debug_slave_wrapper|vga_nios2_gen2_0_cpu_debug_slave_sysclk:the_vga_nios2_gen2_0_cpu_debug_slave_sysclk|take_action_ocimem_a                                     ; LCCOMB_X34_Y40_N16 ; 5       ; Clock enable, Sync. load   ; no     ; --                   ; --               ; --                        ;
; vga_nios2_gen2_0:nios2_gen2_0|vga_nios2_gen2_0_cpu:cpu|vga_nios2_gen2_0_cpu_nios2_oci:the_vga_nios2_gen2_0_cpu_nios2_oci|vga_nios2_gen2_0_cpu_debug_slave_wrapper:the_vga_nios2_gen2_0_cpu_debug_slave_wrapper|vga_nios2_gen2_0_cpu_debug_slave_sysclk:the_vga_nios2_gen2_0_cpu_debug_slave_sysclk|take_action_ocimem_a~0                                   ; LCCOMB_X32_Y40_N28 ; 16      ; Clock enable               ; no     ; --                   ; --               ; --                        ;
; vga_nios2_gen2_0:nios2_gen2_0|vga_nios2_gen2_0_cpu:cpu|vga_nios2_gen2_0_cpu_nios2_oci:the_vga_nios2_gen2_0_cpu_nios2_oci|vga_nios2_gen2_0_cpu_debug_slave_wrapper:the_vga_nios2_gen2_0_cpu_debug_slave_wrapper|vga_nios2_gen2_0_cpu_debug_slave_sysclk:the_vga_nios2_gen2_0_cpu_debug_slave_sysclk|take_action_ocimem_a~1                                   ; LCCOMB_X32_Y40_N30 ; 11      ; Clock enable               ; no     ; --                   ; --               ; --                        ;
; vga_nios2_gen2_0:nios2_gen2_0|vga_nios2_gen2_0_cpu:cpu|vga_nios2_gen2_0_cpu_nios2_oci:the_vga_nios2_gen2_0_cpu_nios2_oci|vga_nios2_gen2_0_cpu_debug_slave_wrapper:the_vga_nios2_gen2_0_cpu_debug_slave_wrapper|vga_nios2_gen2_0_cpu_debug_slave_sysclk:the_vga_nios2_gen2_0_cpu_debug_slave_sysclk|take_action_ocimem_b                                     ; LCCOMB_X32_Y40_N16 ; 36      ; Sync. load                 ; no     ; --                   ; --               ; --                        ;
; vga_nios2_gen2_0:nios2_gen2_0|vga_nios2_gen2_0_cpu:cpu|vga_nios2_gen2_0_cpu_nios2_oci:the_vga_nios2_gen2_0_cpu_nios2_oci|vga_nios2_gen2_0_cpu_debug_slave_wrapper:the_vga_nios2_gen2_0_cpu_debug_slave_wrapper|vga_nios2_gen2_0_cpu_debug_slave_sysclk:the_vga_nios2_gen2_0_cpu_debug_slave_sysclk|update_jdo_strobe                                        ; FF_X32_Y40_N19     ; 39      ; Clock enable               ; no     ; --                   ; --               ; --                        ;
; vga_nios2_gen2_0:nios2_gen2_0|vga_nios2_gen2_0_cpu:cpu|vga_nios2_gen2_0_cpu_nios2_oci:the_vga_nios2_gen2_0_cpu_nios2_oci|vga_nios2_gen2_0_cpu_debug_slave_wrapper:the_vga_nios2_gen2_0_cpu_debug_slave_wrapper|vga_nios2_gen2_0_cpu_debug_slave_tck:the_vga_nios2_gen2_0_cpu_debug_slave_tck|sr[17]~32                                                      ; LCCOMB_X29_Y37_N24 ; 18      ; Clock enable               ; no     ; --                   ; --               ; --                        ;
; vga_nios2_gen2_0:nios2_gen2_0|vga_nios2_gen2_0_cpu:cpu|vga_nios2_gen2_0_cpu_nios2_oci:the_vga_nios2_gen2_0_cpu_nios2_oci|vga_nios2_gen2_0_cpu_debug_slave_wrapper:the_vga_nios2_gen2_0_cpu_debug_slave_wrapper|vga_nios2_gen2_0_cpu_debug_slave_tck:the_vga_nios2_gen2_0_cpu_debug_slave_tck|sr[3]~22                                                       ; LCCOMB_X30_Y37_N6  ; 13      ; Clock enable               ; no     ; --                   ; --               ; --                        ;
; vga_nios2_gen2_0:nios2_gen2_0|vga_nios2_gen2_0_cpu:cpu|vga_nios2_gen2_0_cpu_nios2_oci:the_vga_nios2_gen2_0_cpu_nios2_oci|vga_nios2_gen2_0_cpu_nios2_avalon_reg:the_vga_nios2_gen2_0_cpu_nios2_avalon_reg|take_action_oci_intr_mask_reg~0                                                                                                                    ; LCCOMB_X40_Y39_N28 ; 2       ; Clock enable               ; no     ; --                   ; --               ; --                        ;
; vga_nios2_gen2_0:nios2_gen2_0|vga_nios2_gen2_0_cpu:cpu|vga_nios2_gen2_0_cpu_nios2_oci:the_vga_nios2_gen2_0_cpu_nios2_oci|vga_nios2_gen2_0_cpu_nios2_oci_break:the_vga_nios2_gen2_0_cpu_nios2_oci_break|break_readreg~0                                                                                                                                      ; LCCOMB_X32_Y40_N6  ; 64      ; Clock enable               ; no     ; --                   ; --               ; --                        ;
; vga_nios2_gen2_0:nios2_gen2_0|vga_nios2_gen2_0_cpu:cpu|vga_nios2_gen2_0_cpu_nios2_oci:the_vga_nios2_gen2_0_cpu_nios2_oci|vga_nios2_gen2_0_cpu_nios2_ocimem:the_vga_nios2_gen2_0_cpu_nios2_ocimem|MonDReg[0]~13                                                                                                                                              ; LCCOMB_X36_Y39_N24 ; 31      ; Clock enable               ; no     ; --                   ; --               ; --                        ;
; vga_nios2_gen2_0:nios2_gen2_0|vga_nios2_gen2_0_cpu:cpu|vga_nios2_gen2_0_cpu_nios2_oci:the_vga_nios2_gen2_0_cpu_nios2_oci|vga_nios2_gen2_0_cpu_nios2_ocimem:the_vga_nios2_gen2_0_cpu_nios2_ocimem|ociram_reset_req                                                                                                                                           ; LCCOMB_X38_Y39_N8  ; 2       ; Clock enable               ; no     ; --                   ; --               ; --                        ;
; vga_nios2_gen2_0:nios2_gen2_0|vga_nios2_gen2_0_cpu:cpu|vga_nios2_gen2_0_cpu_nios2_oci:the_vga_nios2_gen2_0_cpu_nios2_oci|vga_nios2_gen2_0_cpu_nios2_ocimem:the_vga_nios2_gen2_0_cpu_nios2_ocimem|ociram_wr_en~1                                                                                                                                             ; LCCOMB_X38_Y38_N28 ; 2       ; Read enable, Write enable  ; no     ; --                   ; --               ; --                        ;
; vga_onchip_memory2_0:onchip_memory2_0|wren~0                                                                                                                                                                                                                                                                                                                ; LCCOMB_X49_Y38_N18 ; 2       ; Read enable, Write enable  ; no     ; --                   ; --               ; --                        ;
; vga_sram:sram|is_write                                                                                                                                                                                                                                                                                                                                      ; FF_X33_Y28_N17     ; 16      ; Output enable              ; no     ; --                   ; --               ; --                        ;
; vga_vga_controller:vga_controller|altera_up_avalon_video_vga_timing:VGA_Timing|line_counter[4]~12                                                                                                                                                                                                                                                           ; LCCOMB_X36_Y60_N12 ; 10      ; Sync. load                 ; no     ; --                   ; --               ; --                        ;
; vga_vga_controller:vga_controller|altera_up_avalon_video_vga_timing:VGA_Timing|pixel_counter[2]~22                                                                                                                                                                                                                                                          ; LCCOMB_X36_Y59_N4  ; 20      ; Clock enable, Sync. load   ; no     ; --                   ; --               ; --                        ;
; vga_video_chroma_resampler_0:video_chroma_resampler_0|data[8]~0                                                                                                                                                                                                                                                                                             ; LCCOMB_X36_Y45_N30 ; 18      ; Clock enable               ; no     ; --                   ; --               ; --                        ;
; vga_video_chroma_resampler_0:video_chroma_resampler_0|saved_CrCb[2]~2                                                                                                                                                                                                                                                                                       ; LCCOMB_X35_Y45_N30 ; 8       ; Clock enable               ; no     ; --                   ; --               ; --                        ;
; vga_video_chroma_resampler_0:video_chroma_resampler_0|stream_out_data[4]~0                                                                                                                                                                                                                                                                                  ; LCCOMB_X36_Y45_N6  ; 25      ; Clock enable               ; no     ; --                   ; --               ; --                        ;
; vga_video_clipper_0:video_clipper_0|altera_up_video_clipper_add:Clipper_Add|altera_up_video_clipper_counters:Clipper_Add_Counters|Add0~17                                                                                                                                                                                                                   ; LCCOMB_X38_Y30_N4  ; 10      ; Clock enable               ; no     ; --                   ; --               ; --                        ;
; vga_video_clipper_0:video_clipper_0|altera_up_video_clipper_add:Clipper_Add|altera_up_video_clipper_counters:Clipper_Add_Counters|height[5]~10                                                                                                                                                                                                              ; LCCOMB_X36_Y29_N30 ; 8       ; Sync. clear                ; no     ; --                   ; --               ; --                        ;
; vga_video_clipper_0:video_clipper_0|altera_up_video_clipper_add:Clipper_Add|altera_up_video_clipper_counters:Clipper_Add_Counters|height[5]~11                                                                                                                                                                                                              ; LCCOMB_X38_Y30_N30 ; 8       ; Clock enable               ; no     ; --                   ; --               ; --                        ;
; vga_video_clipper_0:video_clipper_0|altera_up_video_clipper_add:Clipper_Add|stream_out_data[5]~0                                                                                                                                                                                                                                                            ; LCCOMB_X38_Y30_N28 ; 17      ; Clock enable               ; no     ; --                   ; --               ; --                        ;
; vga_video_clipper_0:video_clipper_0|altera_up_video_clipper_drop:Clipper_Drop|altera_up_video_clipper_counters:Clipper_Drop_Counters|Add0~5                                                                                                                                                                                                                 ; LCCOMB_X39_Y30_N14 ; 10      ; Clock enable               ; no     ; --                   ; --               ; --                        ;
; vga_video_clipper_0:video_clipper_0|altera_up_video_clipper_drop:Clipper_Drop|altera_up_video_clipper_counters:Clipper_Drop_Counters|height[5]~18                                                                                                                                                                                                           ; LCCOMB_X40_Y31_N26 ; 8       ; Sync. clear                ; no     ; --                   ; --               ; --                        ;
; vga_video_clipper_0:video_clipper_0|altera_up_video_clipper_drop:Clipper_Drop|altera_up_video_clipper_counters:Clipper_Drop_Counters|height[5]~19                                                                                                                                                                                                           ; LCCOMB_X40_Y31_N28 ; 8       ; Clock enable               ; no     ; --                   ; --               ; --                        ;
; vga_video_clipper_0:video_clipper_0|altera_up_video_clipper_drop:Clipper_Drop|stream_out_data[3]~1                                                                                                                                                                                                                                                          ; LCCOMB_X38_Y30_N16 ; 16      ; Clock enable               ; no     ; --                   ; --               ; --                        ;
; vga_video_csc_0:video_csc_0|altera_up_YCrCb_to_RGB_converter:YCrCb_to_RGB|Cb_0d392[8]~0                                                                                                                                                                                                                                                                     ; LCCOMB_X41_Y32_N0  ; 101     ; Clock enable               ; no     ; --                   ; --               ; --                        ;
; vga_video_csc_0:video_csc_0|data[15]~0                                                                                                                                                                                                                                                                                                                      ; LCCOMB_X52_Y32_N10 ; 5       ; Clock enable               ; no     ; --                   ; --               ; --                        ;
; vga_video_csc_0:video_csc_0|transfer_data~0                                                                                                                                                                                                                                                                                                                 ; LCCOMB_X41_Y32_N20 ; 7       ; Clock enable               ; no     ; --                   ; --               ; --                        ;
; vga_video_decoder:video_decoder|altera_up_video_dual_clock_fifo:Video_In_Dual_Clock_FIFO|dcfifo:dcfifo_component|dcfifo_37l1:auto_generated|valid_rdreq~0                                                                                                                                                                                                   ; LCCOMB_X36_Y45_N4  ; 23      ; Clock enable               ; no     ; --                   ; --               ; --                        ;
; vga_video_decoder:video_decoder|altera_up_video_dual_clock_fifo:Video_In_Dual_Clock_FIFO|dcfifo:dcfifo_component|dcfifo_37l1:auto_generated|valid_wrreq~0                                                                                                                                                                                                   ; LCCOMB_X39_Y49_N0  ; 13      ; Clock enable, Write enable ; no     ; --                   ; --               ; --                        ;
; vga_video_decoder:video_decoder|altera_up_video_itu_656_decoder:ITU_R_656_Decoder|altera_up_video_decoder_add_endofpacket:Add_EndofPacket|stream_out_data[4]~0                                                                                                                                                                                              ; LCCOMB_X39_Y49_N18 ; 35      ; Clock enable               ; no     ; --                   ; --               ; --                        ;
; vga_video_dma_controller_0:video_dma_controller_0|altera_up_video_dma_control_slave:DMA_Control_Slave|always0~1                                                                                                                                                                                                                                             ; LCCOMB_X40_Y35_N8  ; 33      ; Sync. load                 ; no     ; --                   ; --               ; --                        ;
; vga_video_dma_controller_0:video_dma_controller_0|altera_up_video_dma_control_slave:DMA_Control_Slave|back_buf_start_address[11]~9                                                                                                                                                                                                                          ; LCCOMB_X46_Y35_N10 ; 8       ; Clock enable               ; no     ; --                   ; --               ; --                        ;
; vga_video_dma_controller_0:video_dma_controller_0|altera_up_video_dma_control_slave:DMA_Control_Slave|back_buf_start_address[22]~18                                                                                                                                                                                                                         ; LCCOMB_X42_Y37_N26 ; 8       ; Clock enable               ; no     ; --                   ; --               ; --                        ;
; vga_video_dma_controller_0:video_dma_controller_0|altera_up_video_dma_control_slave:DMA_Control_Slave|back_buf_start_address[28]~26                                                                                                                                                                                                                         ; LCCOMB_X46_Y36_N20 ; 8       ; Clock enable               ; no     ; --                   ; --               ; --                        ;
; vga_video_dma_controller_0:video_dma_controller_0|altera_up_video_dma_control_slave:DMA_Control_Slave|back_buf_start_address[3]~1                                                                                                                                                                                                                           ; LCCOMB_X46_Y34_N28 ; 8       ; Clock enable               ; no     ; --                   ; --               ; --                        ;
; vga_video_dma_controller_0:video_dma_controller_0|altera_up_video_dma_control_slave:DMA_Control_Slave|buffer_start_address[14]~2                                                                                                                                                                                                                            ; LCCOMB_X40_Y35_N18 ; 36      ; Clock enable               ; no     ; --                   ; --               ; --                        ;
; vga_video_dma_controller_0:video_dma_controller_0|altera_up_video_dma_control_slave:DMA_Control_Slave|readdata[0]~14                                                                                                                                                                                                                                        ; LCCOMB_X40_Y35_N22 ; 32      ; Clock enable               ; no     ; --                   ; --               ; --                        ;
; vga_video_dma_controller_0:video_dma_controller_0|altera_up_video_dma_to_memory:From_Stream_to_Memory|temp_data[5]~0                                                                                                                                                                                                                                        ; LCCOMB_X36_Y36_N20 ; 17      ; Clock enable               ; no     ; --                   ; --               ; --                        ;
; vga_video_dma_controller_0:video_dma_controller_0|h_address[0]~10                                                                                                                                                                                                                                                                                           ; LCCOMB_X40_Y34_N4  ; 8       ; Clock enable               ; no     ; --                   ; --               ; --                        ;
; vga_video_dma_controller_0:video_dma_controller_0|w_address[0]~11                                                                                                                                                                                                                                                                                           ; LCCOMB_X40_Y34_N6  ; 9       ; Sync. clear                ; no     ; --                   ; --               ; --                        ;
; vga_video_dma_controller_0:video_dma_controller_0|w_address[0]~12                                                                                                                                                                                                                                                                                           ; LCCOMB_X40_Y34_N8  ; 10      ; Clock enable               ; no     ; --                   ; --               ; --                        ;
; vga_video_dma_controller_0:video_dma_controller_0|w_address[0]~29                                                                                                                                                                                                                                                                                           ; LCCOMB_X40_Y34_N2  ; 8       ; Sync. clear                ; no     ; --                   ; --               ; --                        ;
; vga_video_dual_clock_buffer_0:video_dual_clock_buffer_0|comb~0                                                                                                                                                                                                                                                                                              ; LCCOMB_X39_Y54_N22 ; 16      ; Clock enable, Write enable ; no     ; --                   ; --               ; --                        ;
; vga_video_dual_clock_buffer_0:video_dual_clock_buffer_0|comb~1                                                                                                                                                                                                                                                                                              ; LCCOMB_X36_Y59_N28 ; 18      ; Clock enable               ; no     ; --                   ; --               ; --                        ;
; vga_video_pixel_buffer_dma_0:video_pixel_buffer_dma_0|always2~3                                                                                                                                                                                                                                                                                             ; LCCOMB_X41_Y35_N4  ; 32      ; Sync. load                 ; no     ; --                   ; --               ; --                        ;
; vga_video_pixel_buffer_dma_0:video_pixel_buffer_dma_0|back_buf_start_address[11]~9                                                                                                                                                                                                                                                                          ; LCCOMB_X41_Y38_N20 ; 8       ; Clock enable               ; no     ; --                   ; --               ; --                        ;
; vga_video_pixel_buffer_dma_0:video_pixel_buffer_dma_0|back_buf_start_address[16]~18                                                                                                                                                                                                                                                                         ; LCCOMB_X42_Y37_N0  ; 8       ; Clock enable               ; no     ; --                   ; --               ; --                        ;
; vga_video_pixel_buffer_dma_0:video_pixel_buffer_dma_0|back_buf_start_address[29]~26                                                                                                                                                                                                                                                                         ; LCCOMB_X42_Y38_N20 ; 8       ; Clock enable               ; no     ; --                   ; --               ; --                        ;
; vga_video_pixel_buffer_dma_0:video_pixel_buffer_dma_0|back_buf_start_address[4]~1                                                                                                                                                                                                                                                                           ; LCCOMB_X43_Y36_N20 ; 8       ; Clock enable               ; no     ; --                   ; --               ; --                        ;
; vga_video_pixel_buffer_dma_0:video_pixel_buffer_dma_0|buffer_start_address[18]~2                                                                                                                                                                                                                                                                            ; LCCOMB_X43_Y36_N26 ; 36      ; Clock enable               ; no     ; --                   ; --               ; --                        ;
; vga_video_pixel_buffer_dma_0:video_pixel_buffer_dma_0|fifo_write                                                                                                                                                                                                                                                                                            ; LCCOMB_X36_Y40_N22 ; 11      ; Clock enable, Write enable ; no     ; --                   ; --               ; --                        ;
; vga_video_pixel_buffer_dma_0:video_pixel_buffer_dma_0|line_address[0]~10                                                                                                                                                                                                                                                                                    ; LCCOMB_X42_Y32_N6  ; 8       ; Sync. clear                ; no     ; --                   ; --               ; --                        ;
; vga_video_pixel_buffer_dma_0:video_pixel_buffer_dma_0|line_address[0]~11                                                                                                                                                                                                                                                                                    ; LCCOMB_X42_Y32_N8  ; 8       ; Clock enable               ; no     ; --                   ; --               ; --                        ;
; vga_video_pixel_buffer_dma_0:video_pixel_buffer_dma_0|pending_reads[1]~11                                                                                                                                                                                                                                                                                   ; LCCOMB_X39_Y36_N8  ; 3       ; Clock enable               ; no     ; --                   ; --               ; --                        ;
; vga_video_pixel_buffer_dma_0:video_pixel_buffer_dma_0|pixel_address[3]~11                                                                                                                                                                                                                                                                                   ; LCCOMB_X41_Y36_N30 ; 9       ; Sync. clear                ; no     ; --                   ; --               ; --                        ;
; vga_video_pixel_buffer_dma_0:video_pixel_buffer_dma_0|pixel_address[3]~12                                                                                                                                                                                                                                                                                   ; LCCOMB_X39_Y32_N26 ; 9       ; Clock enable               ; no     ; --                   ; --               ; --                        ;
; vga_video_pixel_buffer_dma_0:video_pixel_buffer_dma_0|scfifo:Image_Buffer|scfifo_p4a1:auto_generated|a_dpfifo_es31:dpfifo|cntr_0ab:wr_ptr|_~0                                                                                                                                                                                                               ; LCCOMB_X40_Y42_N0  ; 7       ; Clock enable               ; no     ; --                   ; --               ; --                        ;
; vga_video_pixel_buffer_dma_0:video_pixel_buffer_dma_0|scfifo:Image_Buffer|scfifo_p4a1:auto_generated|a_dpfifo_es31:dpfifo|cntr_ca7:usedw_counter|_~2                                                                                                                                                                                                        ; LCCOMB_X41_Y42_N26 ; 7       ; Clock enable               ; no     ; --                   ; --               ; --                        ;
; vga_video_pixel_buffer_dma_0:video_pixel_buffer_dma_0|scfifo:Image_Buffer|scfifo_p4a1:auto_generated|a_dpfifo_es31:dpfifo|cntr_v9b:rd_ptr_msb|_~0                                                                                                                                                                                                           ; LCCOMB_X38_Y45_N30 ; 6       ; Clock enable               ; no     ; --                   ; --               ; --                        ;
; vga_video_pixel_buffer_dma_0:video_pixel_buffer_dma_0|scfifo:Image_Buffer|scfifo_p4a1:auto_generated|a_dpfifo_es31:dpfifo|rd_ptr_lsb~1                                                                                                                                                                                                                      ; LCCOMB_X38_Y42_N26 ; 1       ; Clock enable               ; no     ; --                   ; --               ; --                        ;
; vga_video_pixel_buffer_dma_0:video_pixel_buffer_dma_0|slave_readdata[26]~15                                                                                                                                                                                                                                                                                 ; LCCOMB_X41_Y35_N8  ; 31      ; Clock enable               ; no     ; --                   ; --               ; --                        ;
; vga_video_pll_0:video_pll_0|altera_up_altpll:video_pll|altpll:PLL_for_DE_Series_Boards|altpll_8fb2:auto_generated|clk[0]                                                                                                                                                                                                                                    ; PLL_1              ; 3589    ; Clock                      ; yes    ; Global Clock         ; GCLK3            ; --                        ;
; vga_video_pll_0:video_pll_0|altera_up_altpll:video_pll|altpll:PLL_for_DE_Series_Boards|altpll_8fb2:auto_generated|clk[1]                                                                                                                                                                                                                                    ; PLL_1              ; 125     ; Clock                      ; yes    ; Global Clock         ; GCLK4            ; --                        ;
; vga_video_pll_0:video_pll_0|altera_up_altpll:video_pll|altpll:PLL_for_DE_Series_Boards|altpll_8fb2:auto_generated|locked                                                                                                                                                                                                                                    ; PLL_1              ; 4       ; Async. clear               ; no     ; --                   ; --               ; --                        ;
; vga_video_rgb_resampler_0:video_rgb_resampler_0|stream_out_data[5]~0                                                                                                                                                                                                                                                                                        ; LCCOMB_X41_Y32_N2  ; 19      ; Clock enable               ; no     ; --                   ; --               ; --                        ;
; vga_video_rgb_resampler_1:video_rgb_resampler_1|stream_out_data[22]~0                                                                                                                                                                                                                                                                                       ; LCCOMB_X45_Y46_N24 ; 18      ; Clock enable               ; no     ; --                   ; --               ; --                        ;
; vga_video_scaler_0:video_scaler_0|altera_up_video_scaler_shrink:Shrink_Frame|data[2]~1                                                                                                                                                                                                                                                                      ; LCCOMB_X39_Y32_N6  ; 18      ; Clock enable               ; no     ; --                   ; --               ; --                        ;
; vga_video_scaler_0:video_scaler_0|altera_up_video_scaler_shrink:Shrink_Frame|drop_pixel[1]~1                                                                                                                                                                                                                                                                ; LCCOMB_X39_Y32_N28 ; 12      ; Clock enable               ; no     ; --                   ; --               ; --                        ;
; vga_video_scaler_0:video_scaler_0|altera_up_video_scaler_shrink:Shrink_Frame|drop_pixel[1]~3                                                                                                                                                                                                                                                                ; LCCOMB_X40_Y32_N22 ; 10      ; Sync. clear                ; no     ; --                   ; --               ; --                        ;
; vga_video_scaler_0:video_scaler_0|altera_up_video_scaler_shrink:Shrink_Frame|stream_out_valid~1                                                                                                                                                                                                                                                             ; LCCOMB_X39_Y32_N0  ; 18      ; Clock enable               ; no     ; --                   ; --               ; --                        ;
; vga_video_scaler_1:video_scaler_1|altera_up_video_scaler_multiply_height:Multiply_Height|fifo_write~1                                                                                                                                                                                                                                                       ; LCCOMB_X45_Y46_N10 ; 15      ; Clock enable, Write enable ; no     ; --                   ; --               ; --                        ;
; vga_video_scaler_1:video_scaler_1|altera_up_video_scaler_multiply_height:Multiply_Height|scfifo:Multiply_Height_FIFO|scfifo_ci31:auto_generated|a_dpfifo_v931:dpfifo|cntr_1ab:rd_ptr_msb|_~0                                                                                                                                                                ; LCCOMB_X48_Y50_N6  ; 8       ; Clock enable               ; no     ; --                   ; --               ; --                        ;
; vga_video_scaler_1:video_scaler_1|altera_up_video_scaler_multiply_height:Multiply_Height|scfifo:Multiply_Height_FIFO|scfifo_ci31:auto_generated|a_dpfifo_v931:dpfifo|cntr_2ab:wr_ptr|_~0                                                                                                                                                                    ; LCCOMB_X52_Y47_N0  ; 9       ; Clock enable               ; no     ; --                   ; --               ; --                        ;
; vga_video_scaler_1:video_scaler_1|altera_up_video_scaler_multiply_height:Multiply_Height|scfifo:Multiply_Height_FIFO|scfifo_ci31:auto_generated|a_dpfifo_v931:dpfifo|cntr_ea7:usedw_counter|_~0                                                                                                                                                             ; LCCOMB_X47_Y49_N0  ; 9       ; Clock enable               ; no     ; --                   ; --               ; --                        ;
; vga_video_scaler_1:video_scaler_1|altera_up_video_scaler_multiply_height:Multiply_Height|scfifo:Multiply_Height_FIFO|scfifo_ci31:auto_generated|a_dpfifo_v931:dpfifo|rd_ptr_lsb~1                                                                                                                                                                           ; LCCOMB_X48_Y50_N28 ; 1       ; Clock enable               ; no     ; --                   ; --               ; --                        ;
; vga_video_scaler_1:video_scaler_1|altera_up_video_scaler_multiply_height:Multiply_Height|stream_out_data[16]~1                                                                                                                                                                                                                                              ; LCCOMB_X42_Y47_N6  ; 24      ; Clock enable               ; no     ; --                   ; --               ; --                        ;
; vga_video_scaler_1:video_scaler_1|altera_up_video_scaler_multiply_height:Multiply_Height|width_in[8]~2                                                                                                                                                                                                                                                      ; LCCOMB_X45_Y46_N14 ; 9       ; Clock enable               ; no     ; --                   ; --               ; --                        ;
; vga_video_scaler_1:video_scaler_1|altera_up_video_scaler_multiply_height:Multiply_Height|width_out[7]~1                                                                                                                                                                                                                                                     ; LCCOMB_X42_Y47_N20 ; 9       ; Clock enable               ; no     ; --                   ; --               ; --                        ;
; vga_video_scaler_1:video_scaler_1|altera_up_video_scaler_multiply_width:Multiply_Width|data[8]~0                                                                                                                                                                                                                                                            ; LCCOMB_X45_Y50_N26 ; 26      ; Clock enable               ; no     ; --                   ; --               ; --                        ;
; vga_video_scaler_1:video_scaler_1|altera_up_video_scaler_multiply_width:Multiply_Width|stream_out_data[6]~0                                                                                                                                                                                                                                                 ; LCCOMB_X45_Y56_N14 ; 25      ; Clock enable               ; no     ; --                   ; --               ; --                        ;
; video_decoder_TD_CLK27                                                                                                                                                                                                                                                                                                                                      ; PIN_B14            ; 147     ; Clock                      ; yes    ; Global Clock         ; GCLK13           ; --                        ;
; video_decoder_clk27_reset                                                                                                                                                                                                                                                                                                                                   ; PIN_AB28           ; 45      ; Sync. clear                ; no     ; --                   ; --               ; --                        ;
+-------------------------------------------------------------------------------------------------------------------------------------------------------------------------------------------------------------------------------------------------------------------------------------------------------------------------------------------------------------+--------------------+---------+----------------------------+--------+----------------------+------------------+---------------------------+


+---------------------------------------------------------------------------------------------------------------------------------------------------------------------------------------------------------------------------------------------------------------------------+
; Global & Other Fast Signals                                                                                                                                                                                                                                               ;
+-------------------------------------------------------------------------------------------------------------------------------+--------------------+---------+--------------------------------------+----------------------+------------------+---------------------------+
; Name                                                                                                                          ; Location           ; Fan-Out ; Fan-Out Using Intentional Clock Skew ; Global Resource Used ; Global Line Name ; Enable Signal Source Name ;
+-------------------------------------------------------------------------------------------------------------------------------+--------------------+---------+--------------------------------------+----------------------+------------------+---------------------------+
; altera_internal_jtag~TCKUTAP                                                                                                  ; JTAG_X1_Y37_N0     ; 171     ; 0                                    ; Global Clock         ; GCLK2            ; --                        ;
; altera_reset_controller:rst_controller_001|altera_reset_synchronizer:alt_rst_sync_uq1|altera_reset_synchronizer_int_chain_out ; FF_X30_Y1_N27      ; 182     ; 0                                    ; Global Clock         ; GCLK15           ; --                        ;
; altera_reset_controller:rst_controller_002|merged_reset~0                                                                     ; LCCOMB_X32_Y36_N16 ; 3       ; 0                                    ; Global Clock         ; GCLK0            ; --                        ;
; altera_reset_controller:rst_controller_002|r_sync_rst                                                                         ; FF_X49_Y26_N17     ; 460     ; 0                                    ; Global Clock         ; GCLK19           ; --                        ;
; altera_reset_controller:rst_controller|altera_reset_synchronizer:alt_rst_sync_uq1|altera_reset_synchronizer_int_chain_out     ; FF_X45_Y32_N21     ; 1757    ; 0                                    ; Global Clock         ; GCLK14           ; --                        ;
; altera_reset_controller:rst_controller|merged_reset~0                                                                         ; LCCOMB_X30_Y1_N24  ; 6       ; 0                                    ; Global Clock         ; GCLK18           ; --                        ;
; clk_clk                                                                                                                       ; PIN_Y2             ; 186     ; 0                                    ; Global Clock         ; GCLK1            ; --                        ;
; vga_video_pll_0:video_pll_0|altera_up_altpll:video_pll|altpll:PLL_for_DE_Series_Boards|altpll_8fb2:auto_generated|clk[0]      ; PLL_1              ; 3589    ; 0                                    ; Global Clock         ; GCLK3            ; --                        ;
; vga_video_pll_0:video_pll_0|altera_up_altpll:video_pll|altpll:PLL_for_DE_Series_Boards|altpll_8fb2:auto_generated|clk[1]      ; PLL_1              ; 125     ; 0                                    ; Global Clock         ; GCLK4            ; --                        ;
; video_decoder_TD_CLK27                                                                                                        ; PIN_B14            ; 147     ; 0                                    ; Global Clock         ; GCLK13           ; --                        ;
+-------------------------------------------------------------------------------------------------------------------------------+--------------------+---------+--------------------------------------+----------------------+------------------+---------------------------+


+-------------------------------------------------------------------------------------------------------------------------------------+
; Non-Global High Fan-Out Signals                                                                                                     ;
+---------------------------------------------------------------------------------------------------------------------------+---------+
; Name                                                                                                                      ; Fan-Out ;
+---------------------------------------------------------------------------------------------------------------------------+---------+
; altera_reset_controller:rst_controller|altera_reset_synchronizer:alt_rst_sync_uq1|altera_reset_synchronizer_int_chain_out ; 724     ;
; canny:canny_0|cannyModule:gs_inst|edge_output_stage3[7]                                                                   ; 642     ;
; canny:canny_0|cannyModule:gs_inst|Decoder0~149                                                                            ; 641     ;
+---------------------------------------------------------------------------------------------------------------------------+---------+


+--------------------------------------------------------------------------------------------------------------------------------------------------------------------------------------------------------------------------------------------------------------------------------------------------------------------------------------------------------------------------------------------------------------------------------------------------------------------------------------------------------------------------------------------------------------------------------------------------------------------------------------------------------------------------------------------------------------------------------------------------------------------------------------------------------------------------------------------------------------------------------------------------------------------+
; Fitter RAM Summary                                                                                                                                                                                                                                                                                                                                                                                                                                                                                                                                                                                                                                                                                                                                                                                                                                                                                                 ;
+---------------------------------------------------------------------------------------------------------------------------------------------------------------------------------------------------------------------------------------------------------------------------------------------------------------------------------------------------+------+------------------+--------------+--------------+--------------+--------------+--------------+------------------------+-------------------------+------------------------+-------------------------+-------+-----------------------------+-----------------------------+-----------------------------+-----------------------------+---------------------+------+--------------------------+--------------------------------+----------------------+------------------------+------------------------+----------+------------------------+---------------+
; Name                                                                                                                                                                                                                                                                                                                                              ; Type ; Mode             ; Clock Mode   ; Port A Depth ; Port A Width ; Port B Depth ; Port B Width ; Port A Input Registers ; Port A Output Registers ; Port B Input Registers ; Port B Output Registers ; Size  ; Implementation Port A Depth ; Implementation Port A Width ; Implementation Port B Depth ; Implementation Port B Width ; Implementation Bits ; M9Ks ; MIF                      ; Location                       ; Mixed Width RDW Mode ; Port A RDW Mode        ; Port B RDW Mode        ; ECC Mode ; ECC Pipeline Registers ; Fits in MLABs ;
+---------------------------------------------------------------------------------------------------------------------------------------------------------------------------------------------------------------------------------------------------------------------------------------------------------------------------------------------------+------+------------------+--------------+--------------+--------------+--------------+--------------+------------------------+-------------------------+------------------------+-------------------------+-------+-----------------------------+-----------------------------+-----------------------------+-----------------------------+---------------------+------+--------------------------+--------------------------------+----------------------+------------------------+------------------------+----------+------------------------+---------------+
; vga_jtag_uart_0:jtag_uart_0|vga_jtag_uart_0_scfifo_r:the_vga_jtag_uart_0_scfifo_r|scfifo:rfifo|scfifo_jr21:auto_generated|a_dpfifo_l011:dpfifo|altsyncram_nio1:FIFOram|ALTSYNCRAM                                                                                                                                                                 ; AUTO ; Simple Dual Port ; Single Clock ; 64           ; 8            ; 64           ; 8            ; yes                    ; no                      ; yes                    ; no                      ; 512   ; 64                          ; 8                           ; 64                          ; 8                           ; 512                 ; 1    ; None                     ; M9K_X51_Y30_N0                 ; Don't care           ; New data with NBE Read ; New data with NBE Read ; Off      ; No                     ; No - Unknown  ;
; vga_jtag_uart_0:jtag_uart_0|vga_jtag_uart_0_scfifo_w:the_vga_jtag_uart_0_scfifo_w|scfifo:wfifo|scfifo_jr21:auto_generated|a_dpfifo_l011:dpfifo|altsyncram_nio1:FIFOram|ALTSYNCRAM                                                                                                                                                                 ; AUTO ; Simple Dual Port ; Single Clock ; 64           ; 8            ; 64           ; 8            ; yes                    ; no                      ; yes                    ; yes                     ; 512   ; 64                          ; 8                           ; 64                          ; 8                           ; 512                 ; 1    ; None                     ; M9K_X51_Y33_N0                 ; Don't care           ; New data with NBE Read ; New data with NBE Read ; Off      ; No                     ; No - Unknown  ;
; vga_nios2_gen2_0:nios2_gen2_0|vga_nios2_gen2_0_cpu:cpu|vga_nios2_gen2_0_cpu_nios2_oci:the_vga_nios2_gen2_0_cpu_nios2_oci|vga_nios2_gen2_0_cpu_nios2_ocimem:the_vga_nios2_gen2_0_cpu_nios2_ocimem|vga_nios2_gen2_0_cpu_ociram_sp_ram_module:vga_nios2_gen2_0_cpu_ociram_sp_ram|altsyncram:the_altsyncram|altsyncram_ac71:auto_generated|ALTSYNCRAM ; AUTO ; Single Port      ; Single Clock ; 256          ; 32           ; --           ; --           ; yes                    ; no                      ; --                     ; --                      ; 8192  ; 256                         ; 32                          ; --                          ; --                          ; 8192                ; 1    ; None                     ; M9K_X37_Y39_N0                 ; Don't care           ; New data with NBE Read ; New data with NBE Read ; Off      ; No                     ; No - Unknown  ;
; vga_nios2_gen2_0:nios2_gen2_0|vga_nios2_gen2_0_cpu:cpu|vga_nios2_gen2_0_cpu_register_bank_a_module:vga_nios2_gen2_0_cpu_register_bank_a|altsyncram:the_altsyncram|altsyncram_6mc1:auto_generated|ALTSYNCRAM                                                                                                                                       ; AUTO ; Simple Dual Port ; Single Clock ; 32           ; 32           ; 32           ; 32           ; yes                    ; no                      ; yes                    ; no                      ; 1024  ; 32                          ; 32                          ; 32                          ; 32                          ; 1024                ; 1    ; None                     ; M9K_X51_Y40_N0                 ; Don't care           ; New data with NBE Read ; New data with NBE Read ; Off      ; No                     ; No - Unknown  ;
; vga_nios2_gen2_0:nios2_gen2_0|vga_nios2_gen2_0_cpu:cpu|vga_nios2_gen2_0_cpu_register_bank_b_module:vga_nios2_gen2_0_cpu_register_bank_b|altsyncram:the_altsyncram|altsyncram_6mc1:auto_generated|ALTSYNCRAM                                                                                                                                       ; AUTO ; Simple Dual Port ; Single Clock ; 32           ; 32           ; 32           ; 32           ; yes                    ; no                      ; yes                    ; no                      ; 1024  ; 32                          ; 32                          ; 32                          ; 32                          ; 1024                ; 1    ; None                     ; M9K_X51_Y39_N0                 ; Don't care           ; New data with NBE Read ; New data with NBE Read ; Off      ; No                     ; No - Unknown  ;
; vga_onchip_memory2_0:onchip_memory2_0|altsyncram:the_altsyncram|altsyncram_8jg1:auto_generated|ALTSYNCRAM                                                                                                                                                                                                                                         ; AUTO ; Single Port      ; Single Clock ; 490          ; 32           ; --           ; --           ; yes                    ; no                      ; --                     ; --                      ; 15680 ; 490                         ; 32                          ; --                          ; --                          ; 15680               ; 2    ; vga_onchip_memory2_0.hex ; M9K_X51_Y38_N0, M9K_X51_Y37_N0 ; Don't care           ; New data with NBE Read ; New data with NBE Read ; Off      ; No                     ; No - Unknown  ;
; vga_video_decoder:video_decoder|altera_up_video_dual_clock_fifo:Video_In_Dual_Clock_FIFO|dcfifo:dcfifo_component|dcfifo_37l1:auto_generated|altsyncram_r421:fifo_ram|ALTSYNCRAM                                                                                                                                                                   ; AUTO ; Simple Dual Port ; Dual Clocks  ; 128          ; 18           ; 128          ; 18           ; yes                    ; no                      ; yes                    ; no                      ; 2304  ; 128                         ; 18                          ; 128                         ; 18                          ; 2304                ; 1    ; None                     ; M9K_X37_Y46_N0                 ; Don't care           ; New data with NBE Read ; New data with NBE Read ; Off      ; No                     ; No - Unknown  ;
; vga_video_dual_clock_buffer_0:video_dual_clock_buffer_0|dcfifo:Data_FIFO|dcfifo_nsj1:auto_generated|altsyncram_j421:fifo_ram|ALTSYNCRAM                                                                                                                                                                                                           ; AUTO ; Simple Dual Port ; Dual Clocks  ; 128          ; 32           ; 128          ; 32           ; yes                    ; no                      ; yes                    ; no                      ; 4096  ; 128                         ; 25                          ; 128                         ; 25                          ; 3200                ; 1    ; None                     ; M9K_X37_Y56_N0                 ; Don't care           ; New data with NBE Read ; New data with NBE Read ; Off      ; No                     ; No - Unknown  ;
; vga_video_pixel_buffer_dma_0:video_pixel_buffer_dma_0|scfifo:Image_Buffer|scfifo_p4a1:auto_generated|a_dpfifo_es31:dpfifo|altsyncram_ftb1:FIFOram|ALTSYNCRAM                                                                                                                                                                                      ; AUTO ; Simple Dual Port ; Single Clock ; 128          ; 18           ; 128          ; 18           ; yes                    ; no                      ; yes                    ; no                      ; 2304  ; 128                         ; 17                          ; 128                         ; 17                          ; 2176                ; 1    ; None                     ; M9K_X37_Y45_N0                 ; Don't care           ; New data with NBE Read ; New data with NBE Read ; Off      ; No                     ; No - Unknown  ;
; vga_video_scaler_1:video_scaler_1|altera_up_video_scaler_multiply_height:Multiply_Height|scfifo:Multiply_Height_FIFO|scfifo_ci31:auto_generated|a_dpfifo_v931:dpfifo|altsyncram_5tb1:FIFOram|ALTSYNCRAM                                                                                                                                           ; AUTO ; Simple Dual Port ; Single Clock ; 512          ; 32           ; 512          ; 32           ; yes                    ; no                      ; yes                    ; no                      ; 16384 ; 512                         ; 25                          ; 512                         ; 25                          ; 12800               ; 2    ; None                     ; M9K_X51_Y47_N0, M9K_X51_Y48_N0 ; Don't care           ; New data with NBE Read ; New data with NBE Read ; Off      ; No                     ; No - Unknown  ;
+---------------------------------------------------------------------------------------------------------------------------------------------------------------------------------------------------------------------------------------------------------------------------------------------------------------------------------------------------+------+------------------+--------------+--------------+--------------+--------------+--------------+------------------------+-------------------------+------------------------+-------------------------+-------+-----------------------------+-----------------------------+-----------------------------+-----------------------------+---------------------+------+--------------------------+--------------------------------+----------------------+------------------------+------------------------+----------+------------------------+---------------+
Note: Fitter may spread logical memories into multiple blocks to improve timing. The actual required RAM blocks can be found in the Fitter Resource Usage section.


RAM content values are presented in the following format: (Binary) (Octal) (Decimal) (Hexadecimal) 
+------------------------------------------------------------------------------------------------------------------------------------------------------------------------------------------------------------------------------------------------------------------+
; |vga|vga_onchip_memory2_0:onchip_memory2_0|altsyncram:the_altsyncram|altsyncram_8jg1:auto_generated|ALTSYNCRAM                                                                                                                                                   ;
+------------------------------------------------------------------------------------------------------------------------------------------------------------------------------------------------------------------------------------------------------------------+
;   Addr   ;              +0              ;              +1              ;              +2              ;              +3              ;              +4              ;              +5              ;              +6              ;              +7              ;
+----------+------------------------------+------------------------------+------------------------------+------------------------------+------------------------------+------------------------------+------------------------------+------------------------------+
;0;(00000000000000000000000000000000) (0) (0) (00)    ;(00000000000000000000000000000000) (0) (0) (00)   ;(00000000000000000000000000000000) (0) (0) (00)   ;(00000000000000000000000000000000) (0) (0) (00)   ;(00000000000000000000000000000000) (0) (0) (00)   ;(00000000000000000000000000000000) (0) (0) (00)   ;(00000000000000000000000000000000) (0) (0) (00)   ;(00000000000000000000000000000000) (0) (0) (00)   ;
;8;(00000000000000000000000000000000) (0) (0) (00)    ;(00000000000000000000000000000000) (0) (0) (00)   ;(00000000000000000000000000000000) (0) (0) (00)   ;(00000000000000000000000000000000) (0) (0) (00)   ;(00000000000000000000000000000000) (0) (0) (00)   ;(00000000000000000000000000000000) (0) (0) (00)   ;(00000000000000000000000000000000) (0) (0) (00)   ;(00000000000000000000000000000000) (0) (0) (00)   ;
;16;(00000000000000000000000000000000) (0) (0) (00)    ;(00000000000000000000000000000000) (0) (0) (00)   ;(00000000000000000000000000000000) (0) (0) (00)   ;(00000000000000000000000000000000) (0) (0) (00)   ;(00000000000000000000000000000000) (0) (0) (00)   ;(00000000000000000000000000000000) (0) (0) (00)   ;(00000000000000000000000000000000) (0) (0) (00)   ;(00000000000000000000000000000000) (0) (0) (00)   ;
;24;(00000000000000000000000000000000) (0) (0) (00)    ;(00000000000000000000000000000000) (0) (0) (00)   ;(00000000000000000000000000000000) (0) (0) (00)   ;(00000000000000000000000000000000) (0) (0) (00)   ;(00000000000000000000000000000000) (0) (0) (00)   ;(00000000000000000000000000000000) (0) (0) (00)   ;(00000000000000000000000000000000) (0) (0) (00)   ;(00000000000000000000000000000000) (0) (0) (00)   ;
;32;(00000000000000000000000000000000) (0) (0) (00)    ;(00000000000000000000000000000000) (0) (0) (00)   ;(00000000000000000000000000000000) (0) (0) (00)   ;(00000000000000000000000000000000) (0) (0) (00)   ;(00000000000000000000000000000000) (0) (0) (00)   ;(00000000000000000000000000000000) (0) (0) (00)   ;(00000000000000000000000000000000) (0) (0) (00)   ;(00000000000000000000000000000000) (0) (0) (00)   ;
;40;(00000000000000000000000000000000) (0) (0) (00)    ;(00000000000000000000000000000000) (0) (0) (00)   ;(00000000000000000000000000000000) (0) (0) (00)   ;(00000000000000000000000000000000) (0) (0) (00)   ;(00000000000000000000000000000000) (0) (0) (00)   ;(00000000000000000000000000000000) (0) (0) (00)   ;(00000000000000000000000000000000) (0) (0) (00)   ;(00000000000000000000000000000000) (0) (0) (00)   ;
;48;(00000000000000000000000000000000) (0) (0) (00)    ;(00000000000000000000000000000000) (0) (0) (00)   ;(00000000000000000000000000000000) (0) (0) (00)   ;(00000000000000000000000000000000) (0) (0) (00)   ;(00000000000000000000000000000000) (0) (0) (00)   ;(00000000000000000000000000000000) (0) (0) (00)   ;(00000000000000000000000000000000) (0) (0) (00)   ;(00000000000000000000000000000000) (0) (0) (00)   ;
;56;(00000000000000000000000000000000) (0) (0) (00)    ;(00000000000000000000000000000000) (0) (0) (00)   ;(00000000000000000000000000000000) (0) (0) (00)   ;(00000000000000000000000000000000) (0) (0) (00)   ;(00000000000000000000000000000000) (0) (0) (00)   ;(00000000000000000000000000000000) (0) (0) (00)   ;(00000000000000000000000000000000) (0) (0) (00)   ;(00000000000000000000000000000000) (0) (0) (00)   ;
;64;(00000000000000000000000000000000) (0) (0) (00)    ;(00000000000000000000000000000000) (0) (0) (00)   ;(00000000000000000000000000000000) (0) (0) (00)   ;(00000000000000000000000000000000) (0) (0) (00)   ;(00000000000000000000000000000000) (0) (0) (00)   ;(00000000000000000000000000000000) (0) (0) (00)   ;(00000000000000000000000000000000) (0) (0) (00)   ;(00000000000000000000000000000000) (0) (0) (00)   ;
;72;(00000000000000000000000000000000) (0) (0) (00)    ;(00000000000000000000000000000000) (0) (0) (00)   ;(00000000000000000000000000000000) (0) (0) (00)   ;(00000000000000000000000000000000) (0) (0) (00)   ;(00000000000000000000000000000000) (0) (0) (00)   ;(00000000000000000000000000000000) (0) (0) (00)   ;(00000000000000000000000000000000) (0) (0) (00)   ;(00000000000000000000000000000000) (0) (0) (00)   ;
;80;(00000000000000000000000000000000) (0) (0) (00)    ;(00000000000000000000000000000000) (0) (0) (00)   ;(00000000000000000000000000000000) (0) (0) (00)   ;(00000000000000000000000000000000) (0) (0) (00)   ;(00000000000000000000000000000000) (0) (0) (00)   ;(00000000000000000000000000000000) (0) (0) (00)   ;(00000000000000000000000000000000) (0) (0) (00)   ;(00000000000000000000000000000000) (0) (0) (00)   ;
;88;(00000000000000000000000000000000) (0) (0) (00)    ;(00000000000000000000000000000000) (0) (0) (00)   ;(00000000000000000000000000000000) (0) (0) (00)   ;(00000000000000000000000000000000) (0) (0) (00)   ;(00000000000000000000000000000000) (0) (0) (00)   ;(00000000000000000000000000000000) (0) (0) (00)   ;(00000000000000000000000000000000) (0) (0) (00)   ;(00000000000000000000000000000000) (0) (0) (00)   ;
;96;(00000000000000000000000000000000) (0) (0) (00)    ;(00000000000000000000000000000000) (0) (0) (00)   ;(00000000000000000000000000000000) (0) (0) (00)   ;(00000000000000000000000000000000) (0) (0) (00)   ;(00000000000000000000000000000000) (0) (0) (00)   ;(00000000000000000000000000000000) (0) (0) (00)   ;(00000000000000000000000000000000) (0) (0) (00)   ;(00000000000000000000000000000000) (0) (0) (00)   ;
;104;(00000000000000000000000000000000) (0) (0) (00)    ;(00000000000000000000000000000000) (0) (0) (00)   ;(00000000000000000000000000000000) (0) (0) (00)   ;(00000000000000000000000000000000) (0) (0) (00)   ;(00000000000000000000000000000000) (0) (0) (00)   ;(00000000000000000000000000000000) (0) (0) (00)   ;(00000000000000000000000000000000) (0) (0) (00)   ;(00000000000000000000000000000000) (0) (0) (00)   ;
;112;(00000000000000000000000000000000) (0) (0) (00)    ;(00000000000000000000000000000000) (0) (0) (00)   ;(00000000000000000000000000000000) (0) (0) (00)   ;(00000000000000000000000000000000) (0) (0) (00)   ;(00000000000000000000000000000000) (0) (0) (00)   ;(00000000000000000000000000000000) (0) (0) (00)   ;(00000000000000000000000000000000) (0) (0) (00)   ;(00000000000000000000000000000000) (0) (0) (00)   ;
;120;(00000000000000000000000000000000) (0) (0) (00)    ;(00000000000000000000000000000000) (0) (0) (00)   ;(00000000000000000000000000000000) (0) (0) (00)   ;(00000000000000000000000000000000) (0) (0) (00)   ;(00000000000000000000000000000000) (0) (0) (00)   ;(00000000000000000000000000000000) (0) (0) (00)   ;(00000000000000000000000000000000) (0) (0) (00)   ;(00000000000000000000000000000000) (0) (0) (00)   ;
;128;(00000000000000000000000000000000) (0) (0) (00)    ;(00000000000000000000000000000000) (0) (0) (00)   ;(00000000000000000000000000000000) (0) (0) (00)   ;(00000000000000000000000000000000) (0) (0) (00)   ;(00000000000000000000000000000000) (0) (0) (00)   ;(00000000000000000000000000000000) (0) (0) (00)   ;(00000000000000000000000000000000) (0) (0) (00)   ;(00000000000000000000000000000000) (0) (0) (00)   ;
;136;(00000000000000000000000000000000) (0) (0) (00)    ;(00000000000000000000000000000000) (0) (0) (00)   ;(00000000000000000000000000000000) (0) (0) (00)   ;(00000000000000000000000000000000) (0) (0) (00)   ;(00000000000000000000000000000000) (0) (0) (00)   ;(00000000000000000000000000000000) (0) (0) (00)   ;(00000000000000000000000000000000) (0) (0) (00)   ;(00000000000000000000000000000000) (0) (0) (00)   ;
;144;(00000000000000000000000000000000) (0) (0) (00)    ;(00000000000000000000000000000000) (0) (0) (00)   ;(00000000000000000000000000000000) (0) (0) (00)   ;(00000000000000000000000000000000) (0) (0) (00)   ;(00000000000000000000000000000000) (0) (0) (00)   ;(00000000000000000000000000000000) (0) (0) (00)   ;(00000000000000000000000000000000) (0) (0) (00)   ;(00000000000000000000000000000000) (0) (0) (00)   ;
;152;(00000000000000000000000000000000) (0) (0) (00)    ;(00000000000000000000000000000000) (0) (0) (00)   ;(00000000000000000000000000000000) (0) (0) (00)   ;(00000000000000000000000000000000) (0) (0) (00)   ;(00000000000000000000000000000000) (0) (0) (00)   ;(00000000000000000000000000000000) (0) (0) (00)   ;(00000000000000000000000000000000) (0) (0) (00)   ;(00000000000000000000000000000000) (0) (0) (00)   ;
;160;(00000000000000000000000000000000) (0) (0) (00)    ;(00000000000000000000000000000000) (0) (0) (00)   ;(00000000000000000000000000000000) (0) (0) (00)   ;(00000000000000000000000000000000) (0) (0) (00)   ;(00000000000000000000000000000000) (0) (0) (00)   ;(00000000000000000000000000000000) (0) (0) (00)   ;(00000000000000000000000000000000) (0) (0) (00)   ;(00000000000000000000000000000000) (0) (0) (00)   ;
;168;(00000000000000000000000000000000) (0) (0) (00)    ;(00000000000000000000000000000000) (0) (0) (00)   ;(00000000000000000000000000000000) (0) (0) (00)   ;(00000000000000000000000000000000) (0) (0) (00)   ;(00000000000000000000000000000000) (0) (0) (00)   ;(00000000000000000000000000000000) (0) (0) (00)   ;(00000000000000000000000000000000) (0) (0) (00)   ;(00000000000000000000000000000000) (0) (0) (00)   ;
;176;(00000000000000000000000000000000) (0) (0) (00)    ;(00000000000000000000000000000000) (0) (0) (00)   ;(00000000000000000000000000000000) (0) (0) (00)   ;(00000000000000000000000000000000) (0) (0) (00)   ;(00000000000000000000000000000000) (0) (0) (00)   ;(00000000000000000000000000000000) (0) (0) (00)   ;(00000000000000000000000000000000) (0) (0) (00)   ;(00000000000000000000000000000000) (0) (0) (00)   ;
;184;(00000000000000000000000000000000) (0) (0) (00)    ;(00000000000000000000000000000000) (0) (0) (00)   ;(00000000000000000000000000000000) (0) (0) (00)   ;(00000000000000000000000000000000) (0) (0) (00)   ;(00000000000000000000000000000000) (0) (0) (00)   ;(00000000000000000000000000000000) (0) (0) (00)   ;(00000000000000000000000000000000) (0) (0) (00)   ;(00000000000000000000000000000000) (0) (0) (00)   ;
;192;(00000000000000000000000000000000) (0) (0) (00)    ;(00000000000000000000000000000000) (0) (0) (00)   ;(00000000000000000000000000000000) (0) (0) (00)   ;(00000000000000000000000000000000) (0) (0) (00)   ;(00000000000000000000000000000000) (0) (0) (00)   ;(00000000000000000000000000000000) (0) (0) (00)   ;(00000000000000000000000000000000) (0) (0) (00)   ;(00000000000000000000000000000000) (0) (0) (00)   ;
;200;(00000000000000000000000000000000) (0) (0) (00)    ;(00000000000000000000000000000000) (0) (0) (00)   ;(00000000000000000000000000000000) (0) (0) (00)   ;(00000000000000000000000000000000) (0) (0) (00)   ;(00000000000000000000000000000000) (0) (0) (00)   ;(00000000000000000000000000000000) (0) (0) (00)   ;(00000000000000000000000000000000) (0) (0) (00)   ;(00000000000000000000000000000000) (0) (0) (00)   ;
;208;(00000000000000000000000000000000) (0) (0) (00)    ;(00000000000000000000000000000000) (0) (0) (00)   ;(00000000000000000000000000000000) (0) (0) (00)   ;(00000000000000000000000000000000) (0) (0) (00)   ;(00000000000000000000000000000000) (0) (0) (00)   ;(00000000000000000000000000000000) (0) (0) (00)   ;(00000000000000000000000000000000) (0) (0) (00)   ;(00000000000000000000000000000000) (0) (0) (00)   ;
;216;(00000000000000000000000000000000) (0) (0) (00)    ;(00000000000000000000000000000000) (0) (0) (00)   ;(00000000000000000000000000000000) (0) (0) (00)   ;(00000000000000000000000000000000) (0) (0) (00)   ;(00000000000000000000000000000000) (0) (0) (00)   ;(00000000000000000000000000000000) (0) (0) (00)   ;(00000000000000000000000000000000) (0) (0) (00)   ;(00000000000000000000000000000000) (0) (0) (00)   ;
;224;(00000000000000000000000000000000) (0) (0) (00)    ;(00000000000000000000000000000000) (0) (0) (00)   ;(00000000000000000000000000000000) (0) (0) (00)   ;(00000000000000000000000000000000) (0) (0) (00)   ;(00000000000000000000000000000000) (0) (0) (00)   ;(00000000000000000000000000000000) (0) (0) (00)   ;(00000000000000000000000000000000) (0) (0) (00)   ;(00000000000000000000000000000000) (0) (0) (00)   ;
;232;(00000000000000000000000000000000) (0) (0) (00)    ;(00000000000000000000000000000000) (0) (0) (00)   ;(00000000000000000000000000000000) (0) (0) (00)   ;(00000000000000000000000000000000) (0) (0) (00)   ;(00000000000000000000000000000000) (0) (0) (00)   ;(00000000000000000000000000000000) (0) (0) (00)   ;(00000000000000000000000000000000) (0) (0) (00)   ;(00000000000000000000000000000000) (0) (0) (00)   ;
;240;(00000000000000000000000000000000) (0) (0) (00)    ;(00000000000000000000000000000000) (0) (0) (00)   ;(00000000000000000000000000000000) (0) (0) (00)   ;(00000000000000000000000000000000) (0) (0) (00)   ;(00000000000000000000000000000000) (0) (0) (00)   ;(00000000000000000000000000000000) (0) (0) (00)   ;(00000000000000000000000000000000) (0) (0) (00)   ;(00000000000000000000000000000000) (0) (0) (00)   ;
;248;(00000000000000000000000000000000) (0) (0) (00)    ;(00000000000000000000000000000000) (0) (0) (00)   ;(00000000000000000000000000000000) (0) (0) (00)   ;(00000000000000000000000000000000) (0) (0) (00)   ;(00000000000000000000000000000000) (0) (0) (00)   ;(00000000000000000000000000000000) (0) (0) (00)   ;(00000000000000000000000000000000) (0) (0) (00)   ;(00000000000000000000000000000000) (0) (0) (00)   ;
;256;(00000000000000000000000000000000) (0) (0) (00)    ;(00000000000000000000000000000000) (0) (0) (00)   ;(00000000000000000000000000000000) (0) (0) (00)   ;(00000000000000000000000000000000) (0) (0) (00)   ;(00000000000000000000000000000000) (0) (0) (00)   ;(00000000000000000000000000000000) (0) (0) (00)   ;(00000000000000000000000000000000) (0) (0) (00)   ;(00000000000000000000000000000000) (0) (0) (00)   ;
;264;(00000000000000000000000000000000) (0) (0) (00)    ;(00000000000000000000000000000000) (0) (0) (00)   ;(00000000000000000000000000000000) (0) (0) (00)   ;(00000000000000000000000000000000) (0) (0) (00)   ;(00000000000000000000000000000000) (0) (0) (00)   ;(00000000000000000000000000000000) (0) (0) (00)   ;(00000000000000000000000000000000) (0) (0) (00)   ;(00000000000000000000000000000000) (0) (0) (00)   ;
;272;(00000000000000000000000000000000) (0) (0) (00)    ;(00000000000000000000000000000000) (0) (0) (00)   ;(00000000000000000000000000000000) (0) (0) (00)   ;(00000000000000000000000000000000) (0) (0) (00)   ;(00000000000000000000000000000000) (0) (0) (00)   ;(00000000000000000000000000000000) (0) (0) (00)   ;(00000000000000000000000000000000) (0) (0) (00)   ;(00000000000000000000000000000000) (0) (0) (00)   ;
;280;(00000000000000000000000000000000) (0) (0) (00)    ;(00000000000000000000000000000000) (0) (0) (00)   ;(00000000000000000000000000000000) (0) (0) (00)   ;(00000000000000000000000000000000) (0) (0) (00)   ;(00000000000000000000000000000000) (0) (0) (00)   ;(00000000000000000000000000000000) (0) (0) (00)   ;(00000000000000000000000000000000) (0) (0) (00)   ;(00000000000000000000000000000000) (0) (0) (00)   ;
;288;(00000000000000000000000000000000) (0) (0) (00)    ;(00000000000000000000000000000000) (0) (0) (00)   ;(00000000000000000000000000000000) (0) (0) (00)   ;(00000000000000000000000000000000) (0) (0) (00)   ;(00000000000000000000000000000000) (0) (0) (00)   ;(00000000000000000000000000000000) (0) (0) (00)   ;(00000000000000000000000000000000) (0) (0) (00)   ;(00000000000000000000000000000000) (0) (0) (00)   ;
;296;(00000000000000000000000000000000) (0) (0) (00)    ;(00000000000000000000000000000000) (0) (0) (00)   ;(00000000000000000000000000000000) (0) (0) (00)   ;(00000000000000000000000000000000) (0) (0) (00)   ;(00000000000000000000000000000000) (0) (0) (00)   ;(00000000000000000000000000000000) (0) (0) (00)   ;(00000000000000000000000000000000) (0) (0) (00)   ;(00000000000000000000000000000000) (0) (0) (00)   ;
;304;(00000000000000000000000000000000) (0) (0) (00)    ;(00000000000000000000000000000000) (0) (0) (00)   ;(00000000000000000000000000000000) (0) (0) (00)   ;(00000000000000000000000000000000) (0) (0) (00)   ;(00000000000000000000000000000000) (0) (0) (00)   ;(00000000000000000000000000000000) (0) (0) (00)   ;(00000000000000000000000000000000) (0) (0) (00)   ;(00000000000000000000000000000000) (0) (0) (00)   ;
;312;(00000000000000000000000000000000) (0) (0) (00)    ;(00000000000000000000000000000000) (0) (0) (00)   ;(00000000000000000000000000000000) (0) (0) (00)   ;(00000000000000000000000000000000) (0) (0) (00)   ;(00000000000000000000000000000000) (0) (0) (00)   ;(00000000000000000000000000000000) (0) (0) (00)   ;(00000000000000000000000000000000) (0) (0) (00)   ;(00000000000000000000000000000000) (0) (0) (00)   ;
;320;(00000000000000000000000000000000) (0) (0) (00)    ;(00000000000000000000000000000000) (0) (0) (00)   ;(00000000000000000000000000000000) (0) (0) (00)   ;(00000000000000000000000000000000) (0) (0) (00)   ;(00000000000000000000000000000000) (0) (0) (00)   ;(00000000000000000000000000000000) (0) (0) (00)   ;(00000000000000000000000000000000) (0) (0) (00)   ;(00000000000000000000000000000000) (0) (0) (00)   ;
;328;(00000000000000000000000000000000) (0) (0) (00)    ;(00000000000000000000000000000000) (0) (0) (00)   ;(00000000000000000000000000000000) (0) (0) (00)   ;(00000000000000000000000000000000) (0) (0) (00)   ;(00000000000000000000000000000000) (0) (0) (00)   ;(00000000000000000000000000000000) (0) (0) (00)   ;(00000000000000000000000000000000) (0) (0) (00)   ;(00000000000000000000000000000000) (0) (0) (00)   ;
;336;(00000000000000000000000000000000) (0) (0) (00)    ;(00000000000000000000000000000000) (0) (0) (00)   ;(00000000000000000000000000000000) (0) (0) (00)   ;(00000000000000000000000000000000) (0) (0) (00)   ;(00000000000000000000000000000000) (0) (0) (00)   ;(00000000000000000000000000000000) (0) (0) (00)   ;(00000000000000000000000000000000) (0) (0) (00)   ;(00000000000000000000000000000000) (0) (0) (00)   ;
;344;(00000000000000000000000000000000) (0) (0) (00)    ;(00000000000000000000000000000000) (0) (0) (00)   ;(00000000000000000000000000000000) (0) (0) (00)   ;(00000000000000000000000000000000) (0) (0) (00)   ;(00000000000000000000000000000000) (0) (0) (00)   ;(00000000000000000000000000000000) (0) (0) (00)   ;(00000000000000000000000000000000) (0) (0) (00)   ;(00000000000000000000000000000000) (0) (0) (00)   ;
;352;(00000000000000000000000000000000) (0) (0) (00)    ;(00000000000000000000000000000000) (0) (0) (00)   ;(00000000000000000000000000000000) (0) (0) (00)   ;(00000000000000000000000000000000) (0) (0) (00)   ;(00000000000000000000000000000000) (0) (0) (00)   ;(00000000000000000000000000000000) (0) (0) (00)   ;(00000000000000000000000000000000) (0) (0) (00)   ;(00000000000000000000000000000000) (0) (0) (00)   ;
;360;(00000000000000000000000000000000) (0) (0) (00)    ;(00000000000000000000000000000000) (0) (0) (00)   ;(00000000000000000000000000000000) (0) (0) (00)   ;(00000000000000000000000000000000) (0) (0) (00)   ;(00000000000000000000000000000000) (0) (0) (00)   ;(00000000000000000000000000000000) (0) (0) (00)   ;(00000000000000000000000000000000) (0) (0) (00)   ;(00000000000000000000000000000000) (0) (0) (00)   ;
;368;(00000000000000000000000000000000) (0) (0) (00)    ;(00000000000000000000000000000000) (0) (0) (00)   ;(00000000000000000000000000000000) (0) (0) (00)   ;(00000000000000000000000000000000) (0) (0) (00)   ;(00000000000000000000000000000000) (0) (0) (00)   ;(00000000000000000000000000000000) (0) (0) (00)   ;(00000000000000000000000000000000) (0) (0) (00)   ;(00000000000000000000000000000000) (0) (0) (00)   ;
;376;(00000000000000000000000000000000) (0) (0) (00)    ;(00000000000000000000000000000000) (0) (0) (00)   ;(00000000000000000000000000000000) (0) (0) (00)   ;(00000000000000000000000000000000) (0) (0) (00)   ;(00000000000000000000000000000000) (0) (0) (00)   ;(00000000000000000000000000000000) (0) (0) (00)   ;(00000000000000000000000000000000) (0) (0) (00)   ;(00000000000000000000000000000000) (0) (0) (00)   ;
;384;(00000000000000000000000000000000) (0) (0) (00)    ;(00000000000000000000000000000000) (0) (0) (00)   ;(00000000000000000000000000000000) (0) (0) (00)   ;(00000000000000000000000000000000) (0) (0) (00)   ;(00000000000000000000000000000000) (0) (0) (00)   ;(00000000000000000000000000000000) (0) (0) (00)   ;(00000000000000000000000000000000) (0) (0) (00)   ;(00000000000000000000000000000000) (0) (0) (00)   ;
;392;(00000000000000000000000000000000) (0) (0) (00)    ;(00000000000000000000000000000000) (0) (0) (00)   ;(00000000000000000000000000000000) (0) (0) (00)   ;(00000000000000000000000000000000) (0) (0) (00)   ;(00000000000000000000000000000000) (0) (0) (00)   ;(00000000000000000000000000000000) (0) (0) (00)   ;(00000000000000000000000000000000) (0) (0) (00)   ;(00000000000000000000000000000000) (0) (0) (00)   ;
;400;(00000000000000000000000000000000) (0) (0) (00)    ;(00000000000000000000000000000000) (0) (0) (00)   ;(00000000000000000000000000000000) (0) (0) (00)   ;(00000000000000000000000000000000) (0) (0) (00)   ;(00000000000000000000000000000000) (0) (0) (00)   ;(00000000000000000000000000000000) (0) (0) (00)   ;(00000000000000000000000000000000) (0) (0) (00)   ;(00000000000000000000000000000000) (0) (0) (00)   ;
;408;(00000000000000000000000000000000) (0) (0) (00)    ;(00000000000000000000000000000000) (0) (0) (00)   ;(00000000000000000000000000000000) (0) (0) (00)   ;(00000000000000000000000000000000) (0) (0) (00)   ;(00000000000000000000000000000000) (0) (0) (00)   ;(00000000000000000000000000000000) (0) (0) (00)   ;(00000000000000000000000000000000) (0) (0) (00)   ;(00000000000000000000000000000000) (0) (0) (00)   ;
;416;(00000000000000000000000000000000) (0) (0) (00)    ;(00000000000000000000000000000000) (0) (0) (00)   ;(00000000000000000000000000000000) (0) (0) (00)   ;(00000000000000000000000000000000) (0) (0) (00)   ;(00000000000000000000000000000000) (0) (0) (00)   ;(00000000000000000000000000000000) (0) (0) (00)   ;(00000000000000000000000000000000) (0) (0) (00)   ;(00000000000000000000000000000000) (0) (0) (00)   ;
;424;(00000000000000000000000000000000) (0) (0) (00)    ;(00000000000000000000000000000000) (0) (0) (00)   ;(00000000000000000000000000000000) (0) (0) (00)   ;(00000000000000000000000000000000) (0) (0) (00)   ;(00000000000000000000000000000000) (0) (0) (00)   ;(00000000000000000000000000000000) (0) (0) (00)   ;(00000000000000000000000000000000) (0) (0) (00)   ;(00000000000000000000000000000000) (0) (0) (00)   ;
;432;(00000000000000000000000000000000) (0) (0) (00)    ;(00000000000000000000000000000000) (0) (0) (00)   ;(00000000000000000000000000000000) (0) (0) (00)   ;(00000000000000000000000000000000) (0) (0) (00)   ;(00000000000000000000000000000000) (0) (0) (00)   ;(00000000000000000000000000000000) (0) (0) (00)   ;(00000000000000000000000000000000) (0) (0) (00)   ;(00000000000000000000000000000000) (0) (0) (00)   ;
;440;(00000000000000000000000000000000) (0) (0) (00)    ;(00000000000000000000000000000000) (0) (0) (00)   ;(00000000000000000000000000000000) (0) (0) (00)   ;(00000000000000000000000000000000) (0) (0) (00)   ;(00000000000000000000000000000000) (0) (0) (00)   ;(00000000000000000000000000000000) (0) (0) (00)   ;(00000000000000000000000000000000) (0) (0) (00)   ;(00000000000000000000000000000000) (0) (0) (00)   ;
;448;(00000000000000000000000000000000) (0) (0) (00)    ;(00000000000000000000000000000000) (0) (0) (00)   ;(00000000000000000000000000000000) (0) (0) (00)   ;(00000000000000000000000000000000) (0) (0) (00)   ;(00000000000000000000000000000000) (0) (0) (00)   ;(00000000000000000000000000000000) (0) (0) (00)   ;(00000000000000000000000000000000) (0) (0) (00)   ;(00000000000000000000000000000000) (0) (0) (00)   ;
;456;(00000000000000000000000000000000) (0) (0) (00)    ;(00000000000000000000000000000000) (0) (0) (00)   ;(00000000000000000000000000000000) (0) (0) (00)   ;(00000000000000000000000000000000) (0) (0) (00)   ;(00000000000000000000000000000000) (0) (0) (00)   ;(00000000000000000000000000000000) (0) (0) (00)   ;(00000000000000000000000000000000) (0) (0) (00)   ;(00000000000000000000000000000000) (0) (0) (00)   ;
;464;(00000000000000000000000000000000) (0) (0) (00)    ;(00000000000000000000000000000000) (0) (0) (00)   ;(00000000000000000000000000000000) (0) (0) (00)   ;(00000000000000000000000000000000) (0) (0) (00)   ;(00000000000000000000000000000000) (0) (0) (00)   ;(00000000000000000000000000000000) (0) (0) (00)   ;(00000000000000000000000000000000) (0) (0) (00)   ;(00000000000000000000000000000000) (0) (0) (00)   ;
;472;(00000000000000000000000000000000) (0) (0) (00)    ;(00000000000000000000000000000000) (0) (0) (00)   ;(00000000000000000000000000000000) (0) (0) (00)   ;(00000000000000000000000000000000) (0) (0) (00)   ;(00000000000000000000000000000000) (0) (0) (00)   ;(00000000000000000000000000000000) (0) (0) (00)   ;(00000000000000000000000000000000) (0) (0) (00)   ;(00000000000000000000000000000000) (0) (0) (00)   ;
;480;(00000000000000000000000000000000) (0) (0) (00)    ;(00000000000000000000000000000000) (0) (0) (00)   ;(00000000000000000000000000000000) (0) (0) (00)   ;(00000000000000000000000000000000) (0) (0) (00)   ;(00000000000000000000000000000000) (0) (0) (00)   ;(00000000000000000000000000000000) (0) (0) (00)   ;(00000000000000000000000000000000) (0) (0) (00)   ;(00000000000000000000000000000000) (0) (0) (00)   ;
;488;(00000000000000000000000000000000) (0) (0) (00)    ;(00000000000000000000000000000000) (0) (0) (00)   ;


+-----------------------------------------------------------------------------------------------+
; Fitter DSP Block Usage Summary                                                                ;
+---------------------------------------+-------------+---------------------+-------------------+
; Statistic                             ; Number Used ; Available per Block ; Maximum Available ;
+---------------------------------------+-------------+---------------------+-------------------+
; Simple Multipliers (9-bit)            ; 0           ; 2                   ; 532               ;
; Simple Multipliers (18-bit)           ; 5           ; 1                   ; 266               ;
; Embedded Multiplier Blocks            ; 5           ; --                  ; 266               ;
; Embedded Multiplier 9-bit elements    ; 10          ; 2                   ; 532               ;
; Signed Embedded Multipliers           ; 5           ; --                  ; --                ;
; Unsigned Embedded Multipliers         ; 0           ; --                  ; --                ;
; Mixed Sign Embedded Multipliers       ; 0           ; --                  ; --                ;
; Variable Sign Embedded Multipliers    ; 0           ; --                  ; --                ;
; Dedicated Input Shift Register Chains ; 0           ; --                  ; --                ;
+---------------------------------------+-------------+---------------------+-------------------+


+---------------------------------------------------------------------------------------------------------------------------------------------------------------------------------------------------------------------------------------------------------------------------------------------------------------------------------------------+
; DSP Block Details                                                                                                                                                                                                                                                                                                                           ;
+----------------------------------------------------------------------------------------------------------------------------------------------+----------------------------+--------------------+---------------------+--------------------------------+-----------------------+-----------------------+-------------------+-----------------+
; Name                                                                                                                                         ; Mode                       ; Location           ; Sign Representation ; Has Input Shift Register Chain ; Data A Input Register ; Data B Input Register ; Pipeline Register ; Output Register ;
+----------------------------------------------------------------------------------------------------------------------------------------------+----------------------------+--------------------+---------------------+--------------------------------+-----------------------+-----------------------+-------------------+-----------------+
; vga_video_csc_0:video_csc_0|altera_up_YCrCb_to_RGB_converter:YCrCb_to_RGB|lpm_mult:lpm_mult_component_0|mult_duq:auto_generated|result[0]    ; Simple Multiplier (18-bit) ; DSPOUT_X44_Y32_N2  ;                     ; No                             ;                       ;                       ;                   ; no              ;
;    vga_video_csc_0:video_csc_0|altera_up_YCrCb_to_RGB_converter:YCrCb_to_RGB|lpm_mult:lpm_mult_component_0|mult_duq:auto_generated|mac_mult1 ;                            ; DSPMULT_X44_Y32_N0 ; Signed              ;                                ; yes                   ; no                    ; no                ;                 ;
; vga_video_csc_0:video_csc_0|altera_up_YCrCb_to_RGB_converter:YCrCb_to_RGB|lpm_mult:lpm_mult_component_3|mult_duq:auto_generated|result[0]    ; Simple Multiplier (18-bit) ; DSPOUT_X44_Y33_N2  ;                     ; No                             ;                       ;                       ;                   ; no              ;
;    vga_video_csc_0:video_csc_0|altera_up_YCrCb_to_RGB_converter:YCrCb_to_RGB|lpm_mult:lpm_mult_component_3|mult_duq:auto_generated|mac_mult1 ;                            ; DSPMULT_X44_Y33_N0 ; Signed              ;                                ; no                    ; yes                   ; no                ;                 ;
; vga_video_csc_0:video_csc_0|altera_up_YCrCb_to_RGB_converter:YCrCb_to_RGB|lpm_mult:lpm_mult_component_1|mult_duq:auto_generated|result[0]    ; Simple Multiplier (18-bit) ; DSPOUT_X44_Y29_N2  ;                     ; No                             ;                       ;                       ;                   ; no              ;
;    vga_video_csc_0:video_csc_0|altera_up_YCrCb_to_RGB_converter:YCrCb_to_RGB|lpm_mult:lpm_mult_component_1|mult_duq:auto_generated|mac_mult1 ;                            ; DSPMULT_X44_Y29_N0 ; Signed              ;                                ; no                    ; yes                   ; no                ;                 ;
; vga_video_csc_0:video_csc_0|altera_up_YCrCb_to_RGB_converter:YCrCb_to_RGB|lpm_mult:lpm_mult_component_4|mult_duq:auto_generated|result[0]    ; Simple Multiplier (18-bit) ; DSPOUT_X44_Y30_N2  ;                     ; No                             ;                       ;                       ;                   ; no              ;
;    vga_video_csc_0:video_csc_0|altera_up_YCrCb_to_RGB_converter:YCrCb_to_RGB|lpm_mult:lpm_mult_component_4|mult_duq:auto_generated|mac_mult1 ;                            ; DSPMULT_X44_Y30_N0 ; Signed              ;                                ; no                    ; yes                   ; no                ;                 ;
; vga_video_csc_0:video_csc_0|altera_up_YCrCb_to_RGB_converter:YCrCb_to_RGB|lpm_mult:lpm_mult_component_2|mult_duq:auto_generated|result[0]    ; Simple Multiplier (18-bit) ; DSPOUT_X44_Y31_N2  ;                     ; No                             ;                       ;                       ;                   ; no              ;
;    vga_video_csc_0:video_csc_0|altera_up_YCrCb_to_RGB_converter:YCrCb_to_RGB|lpm_mult:lpm_mult_component_2|mult_duq:auto_generated|mac_mult1 ;                            ; DSPMULT_X44_Y31_N0 ; Signed              ;                                ; no                    ; yes                   ; no                ;                 ;
+----------------------------------------------------------------------------------------------------------------------------------------------+----------------------------+--------------------+---------------------+--------------------------------+-----------------------+-----------------------+-------------------+-----------------+


+---------------------------------------------------+
; Routing Usage Summary                             ;
+-----------------------+---------------------------+
; Routing Resource Type ; Usage                     ;
+-----------------------+---------------------------+
; Block interconnects   ; 10,317 / 342,891 ( 3 % )  ;
; C16 interconnects     ; 164 / 10,120 ( 2 % )      ;
; C4 interconnects      ; 5,752 / 209,544 ( 3 % )   ;
; Direct links          ; 1,235 / 342,891 ( < 1 % ) ;
; Global clocks         ; 10 / 20 ( 50 % )          ;
; Local interconnects   ; 3,988 / 119,088 ( 3 % )   ;
; R24 interconnects     ; 202 / 9,963 ( 2 % )       ;
; R4 interconnects      ; 6,623 / 289,782 ( 2 % )   ;
+-----------------------+---------------------------+


+-----------------------------------------------------------------------------+
; LAB Logic Elements                                                          ;
+---------------------------------------------+-------------------------------+
; Number of Logic Elements  (Average = 12.45) ; Number of LABs  (Total = 606) ;
+---------------------------------------------+-------------------------------+
; 1                                           ; 62                            ;
; 2                                           ; 20                            ;
; 3                                           ; 8                             ;
; 4                                           ; 5                             ;
; 5                                           ; 11                            ;
; 6                                           ; 4                             ;
; 7                                           ; 8                             ;
; 8                                           ; 8                             ;
; 9                                           ; 8                             ;
; 10                                          ; 9                             ;
; 11                                          ; 24                            ;
; 12                                          ; 12                            ;
; 13                                          ; 24                            ;
; 14                                          ; 31                            ;
; 15                                          ; 66                            ;
; 16                                          ; 306                           ;
+---------------------------------------------+-------------------------------+


+--------------------------------------------------------------------+
; LAB-wide Signals                                                   ;
+------------------------------------+-------------------------------+
; LAB-wide Signals  (Average = 1.94) ; Number of LABs  (Total = 606) ;
+------------------------------------+-------------------------------+
; 1 Async. clear                     ; 338                           ;
; 1 Clock                            ; 531                           ;
; 1 Clock enable                     ; 151                           ;
; 1 Sync. clear                      ; 44                            ;
; 1 Sync. load                       ; 30                            ;
; 2 Async. clears                    ; 8                             ;
; 2 Clock enables                    ; 53                            ;
; 2 Clocks                           ; 20                            ;
+------------------------------------+-------------------------------+


+------------------------------------------------------------------------------+
; LAB Signals Sourced                                                          ;
+----------------------------------------------+-------------------------------+
; Number of Signals Sourced  (Average = 18.99) ; Number of LABs  (Total = 606) ;
+----------------------------------------------+-------------------------------+
; 0                                            ; 1                             ;
; 1                                            ; 26                            ;
; 2                                            ; 43                            ;
; 3                                            ; 7                             ;
; 4                                            ; 9                             ;
; 5                                            ; 5                             ;
; 6                                            ; 3                             ;
; 7                                            ; 5                             ;
; 8                                            ; 2                             ;
; 9                                            ; 2                             ;
; 10                                           ; 8                             ;
; 11                                           ; 8                             ;
; 12                                           ; 10                            ;
; 13                                           ; 6                             ;
; 14                                           ; 5                             ;
; 15                                           ; 11                            ;
; 16                                           ; 22                            ;
; 17                                           ; 19                            ;
; 18                                           ; 15                            ;
; 19                                           ; 19                            ;
; 20                                           ; 39                            ;
; 21                                           ; 37                            ;
; 22                                           ; 46                            ;
; 23                                           ; 29                            ;
; 24                                           ; 43                            ;
; 25                                           ; 46                            ;
; 26                                           ; 45                            ;
; 27                                           ; 32                            ;
; 28                                           ; 19                            ;
; 29                                           ; 14                            ;
; 30                                           ; 12                            ;
; 31                                           ; 6                             ;
; 32                                           ; 12                            ;
+----------------------------------------------+-------------------------------+


+---------------------------------------------------------------------------------+
; LAB Signals Sourced Out                                                         ;
+-------------------------------------------------+-------------------------------+
; Number of Signals Sourced Out  (Average = 7.76) ; Number of LABs  (Total = 606) ;
+-------------------------------------------------+-------------------------------+
; 0                                               ; 1                             ;
; 1                                               ; 72                            ;
; 2                                               ; 29                            ;
; 3                                               ; 28                            ;
; 4                                               ; 20                            ;
; 5                                               ; 27                            ;
; 6                                               ; 46                            ;
; 7                                               ; 55                            ;
; 8                                               ; 60                            ;
; 9                                               ; 57                            ;
; 10                                              ; 43                            ;
; 11                                              ; 54                            ;
; 12                                              ; 40                            ;
; 13                                              ; 14                            ;
; 14                                              ; 22                            ;
; 15                                              ; 14                            ;
; 16                                              ; 17                            ;
; 17                                              ; 2                             ;
; 18                                              ; 1                             ;
; 19                                              ; 1                             ;
; 20                                              ; 0                             ;
; 21                                              ; 0                             ;
; 22                                              ; 1                             ;
; 23                                              ; 1                             ;
; 24                                              ; 0                             ;
; 25                                              ; 1                             ;
+-------------------------------------------------+-------------------------------+


+------------------------------------------------------------------------------+
; LAB Distinct Inputs                                                          ;
+----------------------------------------------+-------------------------------+
; Number of Distinct Inputs  (Average = 16.26) ; Number of LABs  (Total = 606) ;
+----------------------------------------------+-------------------------------+
; 0                                            ; 0                             ;
; 1                                            ; 0                             ;
; 2                                            ; 29                            ;
; 3                                            ; 20                            ;
; 4                                            ; 35                            ;
; 5                                            ; 23                            ;
; 6                                            ; 17                            ;
; 7                                            ; 11                            ;
; 8                                            ; 19                            ;
; 9                                            ; 20                            ;
; 10                                           ; 9                             ;
; 11                                           ; 13                            ;
; 12                                           ; 16                            ;
; 13                                           ; 13                            ;
; 14                                           ; 20                            ;
; 15                                           ; 25                            ;
; 16                                           ; 24                            ;
; 17                                           ; 25                            ;
; 18                                           ; 22                            ;
; 19                                           ; 23                            ;
; 20                                           ; 30                            ;
; 21                                           ; 27                            ;
; 22                                           ; 21                            ;
; 23                                           ; 23                            ;
; 24                                           ; 16                            ;
; 25                                           ; 28                            ;
; 26                                           ; 20                            ;
; 27                                           ; 20                            ;
; 28                                           ; 12                            ;
; 29                                           ; 7                             ;
; 30                                           ; 3                             ;
; 31                                           ; 7                             ;
; 32                                           ; 5                             ;
; 33                                           ; 6                             ;
; 34                                           ; 4                             ;
; 35                                           ; 4                             ;
; 36                                           ; 2                             ;
; 37                                           ; 2                             ;
; 38                                           ; 4                             ;
+----------------------------------------------+-------------------------------+


+------------------------------------------+
; I/O Rules Summary                        ;
+----------------------------------+-------+
; I/O Rules Statistic              ; Total ;
+----------------------------------+-------+
; Total I/O Rules                  ; 30    ;
; Number of I/O Rules Passed       ; 12    ;
; Number of I/O Rules Failed       ; 0     ;
; Number of I/O Rules Unchecked    ; 0     ;
; Number of I/O Rules Inapplicable ; 18    ;
+----------------------------------+-------+


+-----------------------------------------------------------------------------------------------------------------------------------------------------------------------------------------------------------------------------------------------------------------------------------------------------+
; I/O Rules Details                                                                                                                                                                                                                                                                                   ;
+--------------+-----------+-----------------------------------+------------------------------------------------------------------------------------------------------+----------+--------------------------------------------------------------------------+---------------------+-------------------+
; Status       ; ID        ; Category                          ; Rule Description                                                                                     ; Severity ; Information                                                              ; Area                ; Extra Information ;
+--------------+-----------+-----------------------------------+------------------------------------------------------------------------------------------------------+----------+--------------------------------------------------------------------------+---------------------+-------------------+
; Pass         ; IO_000001 ; Capacity Checks                   ; Number of pins in an I/O bank should not exceed the number of locations available.                   ; Critical ; 0 such failures found.                                                   ; I/O                 ;                   ;
; Inapplicable ; IO_000002 ; Capacity Checks                   ; Number of clocks in an I/O bank should not exceed the number of clocks available.                    ; Critical ; No Global Signal assignments found.                                      ; I/O                 ;                   ;
; Pass         ; IO_000003 ; Capacity Checks                   ; Number of pins in a Vrefgroup should not exceed the number of locations available.                   ; Critical ; 0 such failures found.                                                   ; I/O                 ;                   ;
; Inapplicable ; IO_000004 ; Voltage Compatibility Checks      ; The I/O bank should support the requested VCCIO.                                                     ; Critical ; No IOBANK_VCCIO assignments found.                                       ; I/O                 ;                   ;
; Inapplicable ; IO_000005 ; Voltage Compatibility Checks      ; The I/O bank should not have competing VREF values.                                                  ; Critical ; No VREF I/O Standard assignments found.                                  ; I/O                 ;                   ;
; Pass         ; IO_000006 ; Voltage Compatibility Checks      ; The I/O bank should not have competing VCCIO values.                                                 ; Critical ; 0 such failures found.                                                   ; I/O                 ;                   ;
; Pass         ; IO_000007 ; Valid Location Checks             ; Checks for unavailable locations.                                                                    ; Critical ; 0 such failures found.                                                   ; I/O                 ;                   ;
; Inapplicable ; IO_000008 ; Valid Location Checks             ; Checks for reserved locations.                                                                       ; Critical ; No reserved LogicLock region found.                                      ; I/O                 ;                   ;
; Pass         ; IO_000009 ; I/O Properties Checks for One I/O ; The location should support the requested I/O standard.                                              ; Critical ; 0 such failures found.                                                   ; I/O                 ;                   ;
; Pass         ; IO_000010 ; I/O Properties Checks for One I/O ; The location should support the requested I/O direction.                                             ; Critical ; 0 such failures found.                                                   ; I/O                 ;                   ;
; Inapplicable ; IO_000011 ; I/O Properties Checks for One I/O ; The location should support the requested Current Strength.                                          ; Critical ; No Current Strength assignments found.                                   ; I/O                 ;                   ;
; Pass         ; IO_000012 ; I/O Properties Checks for One I/O ; The location should support the requested On Chip Termination value.                                 ; Critical ; 0 such failures found.                                                   ; I/O                 ;                   ;
; Inapplicable ; IO_000013 ; I/O Properties Checks for One I/O ; The location should support the requested Bus Hold value.                                            ; Critical ; No Enable Bus-Hold Circuitry assignments found.                          ; I/O                 ;                   ;
; Inapplicable ; IO_000014 ; I/O Properties Checks for One I/O ; The location should support the requested Weak Pull Up value.                                        ; Critical ; No Weak Pull-Up Resistor assignments found.                              ; I/O                 ;                   ;
; Pass         ; IO_000015 ; I/O Properties Checks for One I/O ; The location should support the requested PCI Clamp Diode.                                           ; Critical ; 0 such failures found.                                                   ; I/O                 ;                   ;
; Inapplicable ; IO_000018 ; I/O Properties Checks for One I/O ; The I/O standard should support the requested Current Strength.                                      ; Critical ; No Current Strength assignments found.                                   ; I/O                 ;                   ;
; Pass         ; IO_000019 ; I/O Properties Checks for One I/O ; The I/O standard should support the requested On Chip Termination value.                             ; Critical ; 0 such failures found.                                                   ; I/O                 ;                   ;
; Pass         ; IO_000020 ; I/O Properties Checks for One I/O ; The I/O standard should support the requested PCI Clamp Diode.                                       ; Critical ; 0 such failures found.                                                   ; I/O                 ;                   ;
; Inapplicable ; IO_000021 ; I/O Properties Checks for One I/O ; The I/O standard should support the requested Weak Pull Up value.                                    ; Critical ; No Weak Pull-Up Resistor assignments found.                              ; I/O                 ;                   ;
; Inapplicable ; IO_000022 ; I/O Properties Checks for One I/O ; The I/O standard should support the requested Bus Hold value.                                        ; Critical ; No Enable Bus-Hold Circuitry assignments found.                          ; I/O                 ;                   ;
; Inapplicable ; IO_000023 ; I/O Properties Checks for One I/O ; The I/O standard should support the Open Drain value.                                                ; Critical ; No open drain assignments found.                                         ; I/O                 ;                   ;
; Pass         ; IO_000024 ; I/O Properties Checks for One I/O ; The I/O direction should support the On Chip Termination value.                                      ; Critical ; 0 such failures found.                                                   ; I/O                 ;                   ;
; Inapplicable ; IO_000026 ; I/O Properties Checks for One I/O ; On Chip Termination and Current Strength should not be used at the same time.                        ; Critical ; No Current Strength assignments found.                                   ; I/O                 ;                   ;
; Inapplicable ; IO_000027 ; I/O Properties Checks for One I/O ; Weak Pull Up and Bus Hold should not be used at the same time.                                       ; Critical ; No Enable Bus-Hold Circuitry or Weak Pull-Up Resistor assignments found. ; I/O                 ;                   ;
; Inapplicable ; IO_000045 ; I/O Properties Checks for One I/O ; The I/O standard should support the requested Slew Rate value.                                       ; Critical ; No Slew Rate assignments found.                                          ; I/O                 ;                   ;
; Inapplicable ; IO_000046 ; I/O Properties Checks for One I/O ; The location should support the requested Slew Rate value.                                           ; Critical ; No Slew Rate assignments found.                                          ; I/O                 ;                   ;
; Inapplicable ; IO_000047 ; I/O Properties Checks for One I/O ; On Chip Termination and Slew Rate should not be used at the same time.                               ; Critical ; No Slew Rate assignments found.                                          ; I/O                 ;                   ;
; Pass         ; IO_000033 ; Electromigration Checks           ; Current density for consecutive I/Os should not exceed 240mA for row I/Os and 240mA for column I/Os. ; Critical ; 0 such failures found.                                                   ; I/O                 ;                   ;
; Inapplicable ; IO_000034 ; SI Related Distance Checks        ; Single-ended outputs should be 5 LAB row(s) away from a differential I/O.                            ; High     ; No Differential I/O Standard assignments found.                          ; I/O                 ;                   ;
; Inapplicable ; IO_000042 ; SI Related SSO Limit Checks       ; No more than 20 outputs are allowed in a VREF group when VREF is being read from.                    ; High     ; No VREF I/O Standard assignments found.                                  ; I/O                 ;                   ;
; ----         ; ----      ; Disclaimer                        ; OCT rules are checked but not reported.                                                              ; None     ; ----                                                                     ; On Chip Termination ;                   ;
+--------------+-----------+-----------------------------------+------------------------------------------------------------------------------------------------------+----------+--------------------------------------------------------------------------+---------------------+-------------------+


+-----------------------------------------------------------------------------------------------------------------------------------------------------------------------------------------------------------------------------------------------------------------------------------------------------------------------------------------------------------------------------------------------------------------------------------------------------------------------------------+
; I/O Rules Matrix                                                                                                                                                                                                                                                                                                                                                                                                                                                                  ;
+-----------------------------+--------------+--------------+--------------+--------------+--------------+-----------+--------------+--------------+-----------+-----------+--------------+--------------+--------------+--------------+--------------+--------------+--------------+--------------+--------------+--------------+--------------+--------------+--------------+--------------+--------------+--------------+--------------+-----------+--------------+--------------+
; Pin/Rules                   ; IO_000001    ; IO_000002    ; IO_000003    ; IO_000004    ; IO_000005    ; IO_000006 ; IO_000007    ; IO_000008    ; IO_000009 ; IO_000010 ; IO_000011    ; IO_000012    ; IO_000013    ; IO_000014    ; IO_000015    ; IO_000018    ; IO_000019    ; IO_000020    ; IO_000021    ; IO_000022    ; IO_000023    ; IO_000024    ; IO_000026    ; IO_000027    ; IO_000045    ; IO_000046    ; IO_000047    ; IO_000033 ; IO_000034    ; IO_000042    ;
+-----------------------------+--------------+--------------+--------------+--------------+--------------+-----------+--------------+--------------+-----------+-----------+--------------+--------------+--------------+--------------+--------------+--------------+--------------+--------------+--------------+--------------+--------------+--------------+--------------+--------------+--------------+--------------+--------------+-----------+--------------+--------------+
; Total Pass                  ; 87           ; 0            ; 87           ; 0            ; 0            ; 92        ; 87           ; 0            ; 92        ; 92        ; 0            ; 74           ; 0            ; 0            ; 31           ; 0            ; 74           ; 31           ; 0            ; 0            ; 0            ; 74           ; 0            ; 0            ; 0            ; 0            ; 0            ; 92        ; 0            ; 0            ;
; Total Unchecked             ; 0            ; 0            ; 0            ; 0            ; 0            ; 0         ; 0            ; 0            ; 0         ; 0         ; 0            ; 0            ; 0            ; 0            ; 0            ; 0            ; 0            ; 0            ; 0            ; 0            ; 0            ; 0            ; 0            ; 0            ; 0            ; 0            ; 0            ; 0         ; 0            ; 0            ;
; Total Inapplicable          ; 5            ; 92           ; 5            ; 92           ; 92           ; 0         ; 5            ; 92           ; 0         ; 0         ; 92           ; 18           ; 92           ; 92           ; 61           ; 92           ; 18           ; 61           ; 92           ; 92           ; 92           ; 18           ; 92           ; 92           ; 92           ; 92           ; 92           ; 0         ; 92           ; 92           ;
; Total Fail                  ; 0            ; 0            ; 0            ; 0            ; 0            ; 0         ; 0            ; 0            ; 0         ; 0         ; 0            ; 0            ; 0            ; 0            ; 0            ; 0            ; 0            ; 0            ; 0            ; 0            ; 0            ; 0            ; 0            ; 0            ; 0            ; 0            ; 0            ; 0         ; 0            ; 0            ;
; av_config_SCLK              ; Pass         ; Inapplicable ; Pass         ; Inapplicable ; Inapplicable ; Pass      ; Pass         ; Inapplicable ; Pass      ; Pass      ; Inapplicable ; Pass         ; Inapplicable ; Inapplicable ; Inapplicable ; Inapplicable ; Pass         ; Inapplicable ; Inapplicable ; Inapplicable ; Inapplicable ; Pass         ; Inapplicable ; Inapplicable ; Inapplicable ; Inapplicable ; Inapplicable ; Pass      ; Inapplicable ; Inapplicable ;
; sram_ADDR[0]                ; Pass         ; Inapplicable ; Pass         ; Inapplicable ; Inapplicable ; Pass      ; Pass         ; Inapplicable ; Pass      ; Pass      ; Inapplicable ; Pass         ; Inapplicable ; Inapplicable ; Inapplicable ; Inapplicable ; Pass         ; Inapplicable ; Inapplicable ; Inapplicable ; Inapplicable ; Pass         ; Inapplicable ; Inapplicable ; Inapplicable ; Inapplicable ; Inapplicable ; Pass      ; Inapplicable ; Inapplicable ;
; sram_ADDR[1]                ; Pass         ; Inapplicable ; Pass         ; Inapplicable ; Inapplicable ; Pass      ; Pass         ; Inapplicable ; Pass      ; Pass      ; Inapplicable ; Pass         ; Inapplicable ; Inapplicable ; Inapplicable ; Inapplicable ; Pass         ; Inapplicable ; Inapplicable ; Inapplicable ; Inapplicable ; Pass         ; Inapplicable ; Inapplicable ; Inapplicable ; Inapplicable ; Inapplicable ; Pass      ; Inapplicable ; Inapplicable ;
; sram_ADDR[2]                ; Pass         ; Inapplicable ; Pass         ; Inapplicable ; Inapplicable ; Pass      ; Pass         ; Inapplicable ; Pass      ; Pass      ; Inapplicable ; Pass         ; Inapplicable ; Inapplicable ; Inapplicable ; Inapplicable ; Pass         ; Inapplicable ; Inapplicable ; Inapplicable ; Inapplicable ; Pass         ; Inapplicable ; Inapplicable ; Inapplicable ; Inapplicable ; Inapplicable ; Pass      ; Inapplicable ; Inapplicable ;
; sram_ADDR[3]                ; Pass         ; Inapplicable ; Pass         ; Inapplicable ; Inapplicable ; Pass      ; Pass         ; Inapplicable ; Pass      ; Pass      ; Inapplicable ; Pass         ; Inapplicable ; Inapplicable ; Inapplicable ; Inapplicable ; Pass         ; Inapplicable ; Inapplicable ; Inapplicable ; Inapplicable ; Pass         ; Inapplicable ; Inapplicable ; Inapplicable ; Inapplicable ; Inapplicable ; Pass      ; Inapplicable ; Inapplicable ;
; sram_ADDR[4]                ; Pass         ; Inapplicable ; Pass         ; Inapplicable ; Inapplicable ; Pass      ; Pass         ; Inapplicable ; Pass      ; Pass      ; Inapplicable ; Pass         ; Inapplicable ; Inapplicable ; Inapplicable ; Inapplicable ; Pass         ; Inapplicable ; Inapplicable ; Inapplicable ; Inapplicable ; Pass         ; Inapplicable ; Inapplicable ; Inapplicable ; Inapplicable ; Inapplicable ; Pass      ; Inapplicable ; Inapplicable ;
; sram_ADDR[5]                ; Pass         ; Inapplicable ; Pass         ; Inapplicable ; Inapplicable ; Pass      ; Pass         ; Inapplicable ; Pass      ; Pass      ; Inapplicable ; Pass         ; Inapplicable ; Inapplicable ; Inapplicable ; Inapplicable ; Pass         ; Inapplicable ; Inapplicable ; Inapplicable ; Inapplicable ; Pass         ; Inapplicable ; Inapplicable ; Inapplicable ; Inapplicable ; Inapplicable ; Pass      ; Inapplicable ; Inapplicable ;
; sram_ADDR[6]                ; Pass         ; Inapplicable ; Pass         ; Inapplicable ; Inapplicable ; Pass      ; Pass         ; Inapplicable ; Pass      ; Pass      ; Inapplicable ; Pass         ; Inapplicable ; Inapplicable ; Inapplicable ; Inapplicable ; Pass         ; Inapplicable ; Inapplicable ; Inapplicable ; Inapplicable ; Pass         ; Inapplicable ; Inapplicable ; Inapplicable ; Inapplicable ; Inapplicable ; Pass      ; Inapplicable ; Inapplicable ;
; sram_ADDR[7]                ; Pass         ; Inapplicable ; Pass         ; Inapplicable ; Inapplicable ; Pass      ; Pass         ; Inapplicable ; Pass      ; Pass      ; Inapplicable ; Pass         ; Inapplicable ; Inapplicable ; Inapplicable ; Inapplicable ; Pass         ; Inapplicable ; Inapplicable ; Inapplicable ; Inapplicable ; Pass         ; Inapplicable ; Inapplicable ; Inapplicable ; Inapplicable ; Inapplicable ; Pass      ; Inapplicable ; Inapplicable ;
; sram_ADDR[8]                ; Pass         ; Inapplicable ; Pass         ; Inapplicable ; Inapplicable ; Pass      ; Pass         ; Inapplicable ; Pass      ; Pass      ; Inapplicable ; Pass         ; Inapplicable ; Inapplicable ; Inapplicable ; Inapplicable ; Pass         ; Inapplicable ; Inapplicable ; Inapplicable ; Inapplicable ; Pass         ; Inapplicable ; Inapplicable ; Inapplicable ; Inapplicable ; Inapplicable ; Pass      ; Inapplicable ; Inapplicable ;
; sram_ADDR[9]                ; Pass         ; Inapplicable ; Pass         ; Inapplicable ; Inapplicable ; Pass      ; Pass         ; Inapplicable ; Pass      ; Pass      ; Inapplicable ; Pass         ; Inapplicable ; Inapplicable ; Inapplicable ; Inapplicable ; Pass         ; Inapplicable ; Inapplicable ; Inapplicable ; Inapplicable ; Pass         ; Inapplicable ; Inapplicable ; Inapplicable ; Inapplicable ; Inapplicable ; Pass      ; Inapplicable ; Inapplicable ;
; sram_ADDR[10]               ; Pass         ; Inapplicable ; Pass         ; Inapplicable ; Inapplicable ; Pass      ; Pass         ; Inapplicable ; Pass      ; Pass      ; Inapplicable ; Pass         ; Inapplicable ; Inapplicable ; Inapplicable ; Inapplicable ; Pass         ; Inapplicable ; Inapplicable ; Inapplicable ; Inapplicable ; Pass         ; Inapplicable ; Inapplicable ; Inapplicable ; Inapplicable ; Inapplicable ; Pass      ; Inapplicable ; Inapplicable ;
; sram_ADDR[11]               ; Pass         ; Inapplicable ; Pass         ; Inapplicable ; Inapplicable ; Pass      ; Pass         ; Inapplicable ; Pass      ; Pass      ; Inapplicable ; Pass         ; Inapplicable ; Inapplicable ; Inapplicable ; Inapplicable ; Pass         ; Inapplicable ; Inapplicable ; Inapplicable ; Inapplicable ; Pass         ; Inapplicable ; Inapplicable ; Inapplicable ; Inapplicable ; Inapplicable ; Pass      ; Inapplicable ; Inapplicable ;
; sram_ADDR[12]               ; Pass         ; Inapplicable ; Pass         ; Inapplicable ; Inapplicable ; Pass      ; Pass         ; Inapplicable ; Pass      ; Pass      ; Inapplicable ; Pass         ; Inapplicable ; Inapplicable ; Inapplicable ; Inapplicable ; Pass         ; Inapplicable ; Inapplicable ; Inapplicable ; Inapplicable ; Pass         ; Inapplicable ; Inapplicable ; Inapplicable ; Inapplicable ; Inapplicable ; Pass      ; Inapplicable ; Inapplicable ;
; sram_ADDR[13]               ; Pass         ; Inapplicable ; Pass         ; Inapplicable ; Inapplicable ; Pass      ; Pass         ; Inapplicable ; Pass      ; Pass      ; Inapplicable ; Pass         ; Inapplicable ; Inapplicable ; Inapplicable ; Inapplicable ; Pass         ; Inapplicable ; Inapplicable ; Inapplicable ; Inapplicable ; Pass         ; Inapplicable ; Inapplicable ; Inapplicable ; Inapplicable ; Inapplicable ; Pass      ; Inapplicable ; Inapplicable ;
; sram_ADDR[14]               ; Pass         ; Inapplicable ; Pass         ; Inapplicable ; Inapplicable ; Pass      ; Pass         ; Inapplicable ; Pass      ; Pass      ; Inapplicable ; Pass         ; Inapplicable ; Inapplicable ; Inapplicable ; Inapplicable ; Pass         ; Inapplicable ; Inapplicable ; Inapplicable ; Inapplicable ; Pass         ; Inapplicable ; Inapplicable ; Inapplicable ; Inapplicable ; Inapplicable ; Pass      ; Inapplicable ; Inapplicable ;
; sram_ADDR[15]               ; Pass         ; Inapplicable ; Pass         ; Inapplicable ; Inapplicable ; Pass      ; Pass         ; Inapplicable ; Pass      ; Pass      ; Inapplicable ; Pass         ; Inapplicable ; Inapplicable ; Inapplicable ; Inapplicable ; Pass         ; Inapplicable ; Inapplicable ; Inapplicable ; Inapplicable ; Pass         ; Inapplicable ; Inapplicable ; Inapplicable ; Inapplicable ; Inapplicable ; Pass      ; Inapplicable ; Inapplicable ;
; sram_ADDR[16]               ; Pass         ; Inapplicable ; Pass         ; Inapplicable ; Inapplicable ; Pass      ; Pass         ; Inapplicable ; Pass      ; Pass      ; Inapplicable ; Pass         ; Inapplicable ; Inapplicable ; Inapplicable ; Inapplicable ; Pass         ; Inapplicable ; Inapplicable ; Inapplicable ; Inapplicable ; Pass         ; Inapplicable ; Inapplicable ; Inapplicable ; Inapplicable ; Inapplicable ; Pass      ; Inapplicable ; Inapplicable ;
; sram_ADDR[17]               ; Pass         ; Inapplicable ; Pass         ; Inapplicable ; Inapplicable ; Pass      ; Pass         ; Inapplicable ; Pass      ; Pass      ; Inapplicable ; Pass         ; Inapplicable ; Inapplicable ; Inapplicable ; Inapplicable ; Pass         ; Inapplicable ; Inapplicable ; Inapplicable ; Inapplicable ; Pass         ; Inapplicable ; Inapplicable ; Inapplicable ; Inapplicable ; Inapplicable ; Pass      ; Inapplicable ; Inapplicable ;
; sram_ADDR[18]               ; Pass         ; Inapplicable ; Pass         ; Inapplicable ; Inapplicable ; Pass      ; Pass         ; Inapplicable ; Pass      ; Pass      ; Inapplicable ; Pass         ; Inapplicable ; Inapplicable ; Inapplicable ; Inapplicable ; Pass         ; Inapplicable ; Inapplicable ; Inapplicable ; Inapplicable ; Pass         ; Inapplicable ; Inapplicable ; Inapplicable ; Inapplicable ; Inapplicable ; Pass      ; Inapplicable ; Inapplicable ;
; sram_ADDR[19]               ; Pass         ; Inapplicable ; Pass         ; Inapplicable ; Inapplicable ; Pass      ; Pass         ; Inapplicable ; Pass      ; Pass      ; Inapplicable ; Pass         ; Inapplicable ; Inapplicable ; Inapplicable ; Inapplicable ; Pass         ; Inapplicable ; Inapplicable ; Inapplicable ; Inapplicable ; Pass         ; Inapplicable ; Inapplicable ; Inapplicable ; Inapplicable ; Inapplicable ; Pass      ; Inapplicable ; Inapplicable ;
; sram_LB_N                   ; Pass         ; Inapplicable ; Pass         ; Inapplicable ; Inapplicable ; Pass      ; Pass         ; Inapplicable ; Pass      ; Pass      ; Inapplicable ; Pass         ; Inapplicable ; Inapplicable ; Inapplicable ; Inapplicable ; Pass         ; Inapplicable ; Inapplicable ; Inapplicable ; Inapplicable ; Pass         ; Inapplicable ; Inapplicable ; Inapplicable ; Inapplicable ; Inapplicable ; Pass      ; Inapplicable ; Inapplicable ;
; sram_UB_N                   ; Pass         ; Inapplicable ; Pass         ; Inapplicable ; Inapplicable ; Pass      ; Pass         ; Inapplicable ; Pass      ; Pass      ; Inapplicable ; Pass         ; Inapplicable ; Inapplicable ; Inapplicable ; Inapplicable ; Pass         ; Inapplicable ; Inapplicable ; Inapplicable ; Inapplicable ; Pass         ; Inapplicable ; Inapplicable ; Inapplicable ; Inapplicable ; Inapplicable ; Pass      ; Inapplicable ; Inapplicable ;
; sram_CE_N                   ; Pass         ; Inapplicable ; Pass         ; Inapplicable ; Inapplicable ; Pass      ; Pass         ; Inapplicable ; Pass      ; Pass      ; Inapplicable ; Pass         ; Inapplicable ; Inapplicable ; Inapplicable ; Inapplicable ; Pass         ; Inapplicable ; Inapplicable ; Inapplicable ; Inapplicable ; Pass         ; Inapplicable ; Inapplicable ; Inapplicable ; Inapplicable ; Inapplicable ; Pass      ; Inapplicable ; Inapplicable ;
; sram_OE_N                   ; Pass         ; Inapplicable ; Pass         ; Inapplicable ; Inapplicable ; Pass      ; Pass         ; Inapplicable ; Pass      ; Pass      ; Inapplicable ; Pass         ; Inapplicable ; Inapplicable ; Inapplicable ; Inapplicable ; Pass         ; Inapplicable ; Inapplicable ; Inapplicable ; Inapplicable ; Pass         ; Inapplicable ; Inapplicable ; Inapplicable ; Inapplicable ; Inapplicable ; Pass      ; Inapplicable ; Inapplicable ;
; sram_WE_N                   ; Pass         ; Inapplicable ; Pass         ; Inapplicable ; Inapplicable ; Pass      ; Pass         ; Inapplicable ; Pass      ; Pass      ; Inapplicable ; Pass         ; Inapplicable ; Inapplicable ; Inapplicable ; Inapplicable ; Pass         ; Inapplicable ; Inapplicable ; Inapplicable ; Inapplicable ; Pass         ; Inapplicable ; Inapplicable ; Inapplicable ; Inapplicable ; Inapplicable ; Pass      ; Inapplicable ; Inapplicable ;
; vga_controller_CLK          ; Pass         ; Inapplicable ; Pass         ; Inapplicable ; Inapplicable ; Pass      ; Pass         ; Inapplicable ; Pass      ; Pass      ; Inapplicable ; Pass         ; Inapplicable ; Inapplicable ; Inapplicable ; Inapplicable ; Pass         ; Inapplicable ; Inapplicable ; Inapplicable ; Inapplicable ; Pass         ; Inapplicable ; Inapplicable ; Inapplicable ; Inapplicable ; Inapplicable ; Pass      ; Inapplicable ; Inapplicable ;
; vga_controller_HS           ; Pass         ; Inapplicable ; Pass         ; Inapplicable ; Inapplicable ; Pass      ; Pass         ; Inapplicable ; Pass      ; Pass      ; Inapplicable ; Pass         ; Inapplicable ; Inapplicable ; Inapplicable ; Inapplicable ; Pass         ; Inapplicable ; Inapplicable ; Inapplicable ; Inapplicable ; Pass         ; Inapplicable ; Inapplicable ; Inapplicable ; Inapplicable ; Inapplicable ; Pass      ; Inapplicable ; Inapplicable ;
; vga_controller_VS           ; Pass         ; Inapplicable ; Pass         ; Inapplicable ; Inapplicable ; Pass      ; Pass         ; Inapplicable ; Pass      ; Pass      ; Inapplicable ; Pass         ; Inapplicable ; Inapplicable ; Inapplicable ; Inapplicable ; Pass         ; Inapplicable ; Inapplicable ; Inapplicable ; Inapplicable ; Pass         ; Inapplicable ; Inapplicable ; Inapplicable ; Inapplicable ; Inapplicable ; Pass      ; Inapplicable ; Inapplicable ;
; vga_controller_BLANK        ; Pass         ; Inapplicable ; Pass         ; Inapplicable ; Inapplicable ; Pass      ; Pass         ; Inapplicable ; Pass      ; Pass      ; Inapplicable ; Pass         ; Inapplicable ; Inapplicable ; Inapplicable ; Inapplicable ; Pass         ; Inapplicable ; Inapplicable ; Inapplicable ; Inapplicable ; Pass         ; Inapplicable ; Inapplicable ; Inapplicable ; Inapplicable ; Inapplicable ; Pass      ; Inapplicable ; Inapplicable ;
; vga_controller_SYNC         ; Pass         ; Inapplicable ; Pass         ; Inapplicable ; Inapplicable ; Pass      ; Pass         ; Inapplicable ; Pass      ; Pass      ; Inapplicable ; Pass         ; Inapplicable ; Inapplicable ; Inapplicable ; Inapplicable ; Pass         ; Inapplicable ; Inapplicable ; Inapplicable ; Inapplicable ; Pass         ; Inapplicable ; Inapplicable ; Inapplicable ; Inapplicable ; Inapplicable ; Pass      ; Inapplicable ; Inapplicable ;
; vga_controller_R[0]         ; Pass         ; Inapplicable ; Pass         ; Inapplicable ; Inapplicable ; Pass      ; Pass         ; Inapplicable ; Pass      ; Pass      ; Inapplicable ; Pass         ; Inapplicable ; Inapplicable ; Inapplicable ; Inapplicable ; Pass         ; Inapplicable ; Inapplicable ; Inapplicable ; Inapplicable ; Pass         ; Inapplicable ; Inapplicable ; Inapplicable ; Inapplicable ; Inapplicable ; Pass      ; Inapplicable ; Inapplicable ;
; vga_controller_R[1]         ; Pass         ; Inapplicable ; Pass         ; Inapplicable ; Inapplicable ; Pass      ; Pass         ; Inapplicable ; Pass      ; Pass      ; Inapplicable ; Pass         ; Inapplicable ; Inapplicable ; Inapplicable ; Inapplicable ; Pass         ; Inapplicable ; Inapplicable ; Inapplicable ; Inapplicable ; Pass         ; Inapplicable ; Inapplicable ; Inapplicable ; Inapplicable ; Inapplicable ; Pass      ; Inapplicable ; Inapplicable ;
; vga_controller_R[2]         ; Pass         ; Inapplicable ; Pass         ; Inapplicable ; Inapplicable ; Pass      ; Pass         ; Inapplicable ; Pass      ; Pass      ; Inapplicable ; Pass         ; Inapplicable ; Inapplicable ; Inapplicable ; Inapplicable ; Pass         ; Inapplicable ; Inapplicable ; Inapplicable ; Inapplicable ; Pass         ; Inapplicable ; Inapplicable ; Inapplicable ; Inapplicable ; Inapplicable ; Pass      ; Inapplicable ; Inapplicable ;
; vga_controller_R[3]         ; Pass         ; Inapplicable ; Pass         ; Inapplicable ; Inapplicable ; Pass      ; Pass         ; Inapplicable ; Pass      ; Pass      ; Inapplicable ; Pass         ; Inapplicable ; Inapplicable ; Inapplicable ; Inapplicable ; Pass         ; Inapplicable ; Inapplicable ; Inapplicable ; Inapplicable ; Pass         ; Inapplicable ; Inapplicable ; Inapplicable ; Inapplicable ; Inapplicable ; Pass      ; Inapplicable ; Inapplicable ;
; vga_controller_R[4]         ; Pass         ; Inapplicable ; Pass         ; Inapplicable ; Inapplicable ; Pass      ; Pass         ; Inapplicable ; Pass      ; Pass      ; Inapplicable ; Pass         ; Inapplicable ; Inapplicable ; Inapplicable ; Inapplicable ; Pass         ; Inapplicable ; Inapplicable ; Inapplicable ; Inapplicable ; Pass         ; Inapplicable ; Inapplicable ; Inapplicable ; Inapplicable ; Inapplicable ; Pass      ; Inapplicable ; Inapplicable ;
; vga_controller_R[5]         ; Pass         ; Inapplicable ; Pass         ; Inapplicable ; Inapplicable ; Pass      ; Pass         ; Inapplicable ; Pass      ; Pass      ; Inapplicable ; Pass         ; Inapplicable ; Inapplicable ; Inapplicable ; Inapplicable ; Pass         ; Inapplicable ; Inapplicable ; Inapplicable ; Inapplicable ; Pass         ; Inapplicable ; Inapplicable ; Inapplicable ; Inapplicable ; Inapplicable ; Pass      ; Inapplicable ; Inapplicable ;
; vga_controller_R[6]         ; Pass         ; Inapplicable ; Pass         ; Inapplicable ; Inapplicable ; Pass      ; Pass         ; Inapplicable ; Pass      ; Pass      ; Inapplicable ; Pass         ; Inapplicable ; Inapplicable ; Inapplicable ; Inapplicable ; Pass         ; Inapplicable ; Inapplicable ; Inapplicable ; Inapplicable ; Pass         ; Inapplicable ; Inapplicable ; Inapplicable ; Inapplicable ; Inapplicable ; Pass      ; Inapplicable ; Inapplicable ;
; vga_controller_R[7]         ; Pass         ; Inapplicable ; Pass         ; Inapplicable ; Inapplicable ; Pass      ; Pass         ; Inapplicable ; Pass      ; Pass      ; Inapplicable ; Pass         ; Inapplicable ; Inapplicable ; Inapplicable ; Inapplicable ; Pass         ; Inapplicable ; Inapplicable ; Inapplicable ; Inapplicable ; Pass         ; Inapplicable ; Inapplicable ; Inapplicable ; Inapplicable ; Inapplicable ; Pass      ; Inapplicable ; Inapplicable ;
; vga_controller_G[0]         ; Pass         ; Inapplicable ; Pass         ; Inapplicable ; Inapplicable ; Pass      ; Pass         ; Inapplicable ; Pass      ; Pass      ; Inapplicable ; Pass         ; Inapplicable ; Inapplicable ; Inapplicable ; Inapplicable ; Pass         ; Inapplicable ; Inapplicable ; Inapplicable ; Inapplicable ; Pass         ; Inapplicable ; Inapplicable ; Inapplicable ; Inapplicable ; Inapplicable ; Pass      ; Inapplicable ; Inapplicable ;
; vga_controller_G[1]         ; Pass         ; Inapplicable ; Pass         ; Inapplicable ; Inapplicable ; Pass      ; Pass         ; Inapplicable ; Pass      ; Pass      ; Inapplicable ; Pass         ; Inapplicable ; Inapplicable ; Inapplicable ; Inapplicable ; Pass         ; Inapplicable ; Inapplicable ; Inapplicable ; Inapplicable ; Pass         ; Inapplicable ; Inapplicable ; Inapplicable ; Inapplicable ; Inapplicable ; Pass      ; Inapplicable ; Inapplicable ;
; vga_controller_G[2]         ; Pass         ; Inapplicable ; Pass         ; Inapplicable ; Inapplicable ; Pass      ; Pass         ; Inapplicable ; Pass      ; Pass      ; Inapplicable ; Pass         ; Inapplicable ; Inapplicable ; Inapplicable ; Inapplicable ; Pass         ; Inapplicable ; Inapplicable ; Inapplicable ; Inapplicable ; Pass         ; Inapplicable ; Inapplicable ; Inapplicable ; Inapplicable ; Inapplicable ; Pass      ; Inapplicable ; Inapplicable ;
; vga_controller_G[3]         ; Pass         ; Inapplicable ; Pass         ; Inapplicable ; Inapplicable ; Pass      ; Pass         ; Inapplicable ; Pass      ; Pass      ; Inapplicable ; Pass         ; Inapplicable ; Inapplicable ; Inapplicable ; Inapplicable ; Pass         ; Inapplicable ; Inapplicable ; Inapplicable ; Inapplicable ; Pass         ; Inapplicable ; Inapplicable ; Inapplicable ; Inapplicable ; Inapplicable ; Pass      ; Inapplicable ; Inapplicable ;
; vga_controller_G[4]         ; Pass         ; Inapplicable ; Pass         ; Inapplicable ; Inapplicable ; Pass      ; Pass         ; Inapplicable ; Pass      ; Pass      ; Inapplicable ; Pass         ; Inapplicable ; Inapplicable ; Inapplicable ; Inapplicable ; Pass         ; Inapplicable ; Inapplicable ; Inapplicable ; Inapplicable ; Pass         ; Inapplicable ; Inapplicable ; Inapplicable ; Inapplicable ; Inapplicable ; Pass      ; Inapplicable ; Inapplicable ;
; vga_controller_G[5]         ; Pass         ; Inapplicable ; Pass         ; Inapplicable ; Inapplicable ; Pass      ; Pass         ; Inapplicable ; Pass      ; Pass      ; Inapplicable ; Pass         ; Inapplicable ; Inapplicable ; Inapplicable ; Inapplicable ; Pass         ; Inapplicable ; Inapplicable ; Inapplicable ; Inapplicable ; Pass         ; Inapplicable ; Inapplicable ; Inapplicable ; Inapplicable ; Inapplicable ; Pass      ; Inapplicable ; Inapplicable ;
; vga_controller_G[6]         ; Pass         ; Inapplicable ; Pass         ; Inapplicable ; Inapplicable ; Pass      ; Pass         ; Inapplicable ; Pass      ; Pass      ; Inapplicable ; Pass         ; Inapplicable ; Inapplicable ; Inapplicable ; Inapplicable ; Pass         ; Inapplicable ; Inapplicable ; Inapplicable ; Inapplicable ; Pass         ; Inapplicable ; Inapplicable ; Inapplicable ; Inapplicable ; Inapplicable ; Pass      ; Inapplicable ; Inapplicable ;
; vga_controller_G[7]         ; Pass         ; Inapplicable ; Pass         ; Inapplicable ; Inapplicable ; Pass      ; Pass         ; Inapplicable ; Pass      ; Pass      ; Inapplicable ; Pass         ; Inapplicable ; Inapplicable ; Inapplicable ; Inapplicable ; Pass         ; Inapplicable ; Inapplicable ; Inapplicable ; Inapplicable ; Pass         ; Inapplicable ; Inapplicable ; Inapplicable ; Inapplicable ; Inapplicable ; Pass      ; Inapplicable ; Inapplicable ;
; vga_controller_B[0]         ; Pass         ; Inapplicable ; Pass         ; Inapplicable ; Inapplicable ; Pass      ; Pass         ; Inapplicable ; Pass      ; Pass      ; Inapplicable ; Pass         ; Inapplicable ; Inapplicable ; Inapplicable ; Inapplicable ; Pass         ; Inapplicable ; Inapplicable ; Inapplicable ; Inapplicable ; Pass         ; Inapplicable ; Inapplicable ; Inapplicable ; Inapplicable ; Inapplicable ; Pass      ; Inapplicable ; Inapplicable ;
; vga_controller_B[1]         ; Pass         ; Inapplicable ; Pass         ; Inapplicable ; Inapplicable ; Pass      ; Pass         ; Inapplicable ; Pass      ; Pass      ; Inapplicable ; Pass         ; Inapplicable ; Inapplicable ; Inapplicable ; Inapplicable ; Pass         ; Inapplicable ; Inapplicable ; Inapplicable ; Inapplicable ; Pass         ; Inapplicable ; Inapplicable ; Inapplicable ; Inapplicable ; Inapplicable ; Pass      ; Inapplicable ; Inapplicable ;
; vga_controller_B[2]         ; Pass         ; Inapplicable ; Pass         ; Inapplicable ; Inapplicable ; Pass      ; Pass         ; Inapplicable ; Pass      ; Pass      ; Inapplicable ; Pass         ; Inapplicable ; Inapplicable ; Inapplicable ; Inapplicable ; Pass         ; Inapplicable ; Inapplicable ; Inapplicable ; Inapplicable ; Pass         ; Inapplicable ; Inapplicable ; Inapplicable ; Inapplicable ; Inapplicable ; Pass      ; Inapplicable ; Inapplicable ;
; vga_controller_B[3]         ; Pass         ; Inapplicable ; Pass         ; Inapplicable ; Inapplicable ; Pass      ; Pass         ; Inapplicable ; Pass      ; Pass      ; Inapplicable ; Pass         ; Inapplicable ; Inapplicable ; Inapplicable ; Inapplicable ; Pass         ; Inapplicable ; Inapplicable ; Inapplicable ; Inapplicable ; Pass         ; Inapplicable ; Inapplicable ; Inapplicable ; Inapplicable ; Inapplicable ; Pass      ; Inapplicable ; Inapplicable ;
; vga_controller_B[4]         ; Pass         ; Inapplicable ; Pass         ; Inapplicable ; Inapplicable ; Pass      ; Pass         ; Inapplicable ; Pass      ; Pass      ; Inapplicable ; Pass         ; Inapplicable ; Inapplicable ; Inapplicable ; Inapplicable ; Pass         ; Inapplicable ; Inapplicable ; Inapplicable ; Inapplicable ; Pass         ; Inapplicable ; Inapplicable ; Inapplicable ; Inapplicable ; Inapplicable ; Pass      ; Inapplicable ; Inapplicable ;
; vga_controller_B[5]         ; Pass         ; Inapplicable ; Pass         ; Inapplicable ; Inapplicable ; Pass      ; Pass         ; Inapplicable ; Pass      ; Pass      ; Inapplicable ; Pass         ; Inapplicable ; Inapplicable ; Inapplicable ; Inapplicable ; Pass         ; Inapplicable ; Inapplicable ; Inapplicable ; Inapplicable ; Pass         ; Inapplicable ; Inapplicable ; Inapplicable ; Inapplicable ; Inapplicable ; Pass      ; Inapplicable ; Inapplicable ;
; vga_controller_B[6]         ; Pass         ; Inapplicable ; Pass         ; Inapplicable ; Inapplicable ; Pass      ; Pass         ; Inapplicable ; Pass      ; Pass      ; Inapplicable ; Pass         ; Inapplicable ; Inapplicable ; Inapplicable ; Inapplicable ; Pass         ; Inapplicable ; Inapplicable ; Inapplicable ; Inapplicable ; Pass         ; Inapplicable ; Inapplicable ; Inapplicable ; Inapplicable ; Inapplicable ; Pass      ; Inapplicable ; Inapplicable ;
; vga_controller_B[7]         ; Pass         ; Inapplicable ; Pass         ; Inapplicable ; Inapplicable ; Pass      ; Pass         ; Inapplicable ; Pass      ; Pass      ; Inapplicable ; Pass         ; Inapplicable ; Inapplicable ; Inapplicable ; Inapplicable ; Pass         ; Inapplicable ; Inapplicable ; Inapplicable ; Inapplicable ; Pass         ; Inapplicable ; Inapplicable ; Inapplicable ; Inapplicable ; Inapplicable ; Pass      ; Inapplicable ; Inapplicable ;
; video_decoder_TD_HS         ; Pass         ; Inapplicable ; Pass         ; Inapplicable ; Inapplicable ; Pass      ; Pass         ; Inapplicable ; Pass      ; Pass      ; Inapplicable ; Inapplicable ; Inapplicable ; Inapplicable ; Pass         ; Inapplicable ; Inapplicable ; Pass         ; Inapplicable ; Inapplicable ; Inapplicable ; Inapplicable ; Inapplicable ; Inapplicable ; Inapplicable ; Inapplicable ; Inapplicable ; Pass      ; Inapplicable ; Inapplicable ;
; video_decoder_TD_VS         ; Pass         ; Inapplicable ; Pass         ; Inapplicable ; Inapplicable ; Pass      ; Pass         ; Inapplicable ; Pass      ; Pass      ; Inapplicable ; Inapplicable ; Inapplicable ; Inapplicable ; Pass         ; Inapplicable ; Inapplicable ; Pass         ; Inapplicable ; Inapplicable ; Inapplicable ; Inapplicable ; Inapplicable ; Inapplicable ; Inapplicable ; Inapplicable ; Inapplicable ; Pass      ; Inapplicable ; Inapplicable ;
; video_decoder_TD_RESET      ; Inapplicable ; Inapplicable ; Inapplicable ; Inapplicable ; Inapplicable ; Pass      ; Inapplicable ; Inapplicable ; Pass      ; Pass      ; Inapplicable ; Pass         ; Inapplicable ; Inapplicable ; Inapplicable ; Inapplicable ; Pass         ; Inapplicable ; Inapplicable ; Inapplicable ; Inapplicable ; Pass         ; Inapplicable ; Inapplicable ; Inapplicable ; Inapplicable ; Inapplicable ; Pass      ; Inapplicable ; Inapplicable ;
; video_decoder_overflow_flag ; Pass         ; Inapplicable ; Pass         ; Inapplicable ; Inapplicable ; Pass      ; Pass         ; Inapplicable ; Pass      ; Pass      ; Inapplicable ; Pass         ; Inapplicable ; Inapplicable ; Inapplicable ; Inapplicable ; Pass         ; Inapplicable ; Inapplicable ; Inapplicable ; Inapplicable ; Pass         ; Inapplicable ; Inapplicable ; Inapplicable ; Inapplicable ; Inapplicable ; Pass      ; Inapplicable ; Inapplicable ;
; av_config_SDAT              ; Pass         ; Inapplicable ; Pass         ; Inapplicable ; Inapplicable ; Pass      ; Pass         ; Inapplicable ; Pass      ; Pass      ; Inapplicable ; Pass         ; Inapplicable ; Inapplicable ; Pass         ; Inapplicable ; Pass         ; Pass         ; Inapplicable ; Inapplicable ; Inapplicable ; Pass         ; Inapplicable ; Inapplicable ; Inapplicable ; Inapplicable ; Inapplicable ; Pass      ; Inapplicable ; Inapplicable ;
; sram_DQ[0]                  ; Pass         ; Inapplicable ; Pass         ; Inapplicable ; Inapplicable ; Pass      ; Pass         ; Inapplicable ; Pass      ; Pass      ; Inapplicable ; Pass         ; Inapplicable ; Inapplicable ; Pass         ; Inapplicable ; Pass         ; Pass         ; Inapplicable ; Inapplicable ; Inapplicable ; Pass         ; Inapplicable ; Inapplicable ; Inapplicable ; Inapplicable ; Inapplicable ; Pass      ; Inapplicable ; Inapplicable ;
; sram_DQ[1]                  ; Pass         ; Inapplicable ; Pass         ; Inapplicable ; Inapplicable ; Pass      ; Pass         ; Inapplicable ; Pass      ; Pass      ; Inapplicable ; Pass         ; Inapplicable ; Inapplicable ; Pass         ; Inapplicable ; Pass         ; Pass         ; Inapplicable ; Inapplicable ; Inapplicable ; Pass         ; Inapplicable ; Inapplicable ; Inapplicable ; Inapplicable ; Inapplicable ; Pass      ; Inapplicable ; Inapplicable ;
; sram_DQ[2]                  ; Pass         ; Inapplicable ; Pass         ; Inapplicable ; Inapplicable ; Pass      ; Pass         ; Inapplicable ; Pass      ; Pass      ; Inapplicable ; Pass         ; Inapplicable ; Inapplicable ; Pass         ; Inapplicable ; Pass         ; Pass         ; Inapplicable ; Inapplicable ; Inapplicable ; Pass         ; Inapplicable ; Inapplicable ; Inapplicable ; Inapplicable ; Inapplicable ; Pass      ; Inapplicable ; Inapplicable ;
; sram_DQ[3]                  ; Pass         ; Inapplicable ; Pass         ; Inapplicable ; Inapplicable ; Pass      ; Pass         ; Inapplicable ; Pass      ; Pass      ; Inapplicable ; Pass         ; Inapplicable ; Inapplicable ; Pass         ; Inapplicable ; Pass         ; Pass         ; Inapplicable ; Inapplicable ; Inapplicable ; Pass         ; Inapplicable ; Inapplicable ; Inapplicable ; Inapplicable ; Inapplicable ; Pass      ; Inapplicable ; Inapplicable ;
; sram_DQ[4]                  ; Pass         ; Inapplicable ; Pass         ; Inapplicable ; Inapplicable ; Pass      ; Pass         ; Inapplicable ; Pass      ; Pass      ; Inapplicable ; Pass         ; Inapplicable ; Inapplicable ; Pass         ; Inapplicable ; Pass         ; Pass         ; Inapplicable ; Inapplicable ; Inapplicable ; Pass         ; Inapplicable ; Inapplicable ; Inapplicable ; Inapplicable ; Inapplicable ; Pass      ; Inapplicable ; Inapplicable ;
; sram_DQ[5]                  ; Pass         ; Inapplicable ; Pass         ; Inapplicable ; Inapplicable ; Pass      ; Pass         ; Inapplicable ; Pass      ; Pass      ; Inapplicable ; Pass         ; Inapplicable ; Inapplicable ; Pass         ; Inapplicable ; Pass         ; Pass         ; Inapplicable ; Inapplicable ; Inapplicable ; Pass         ; Inapplicable ; Inapplicable ; Inapplicable ; Inapplicable ; Inapplicable ; Pass      ; Inapplicable ; Inapplicable ;
; sram_DQ[6]                  ; Pass         ; Inapplicable ; Pass         ; Inapplicable ; Inapplicable ; Pass      ; Pass         ; Inapplicable ; Pass      ; Pass      ; Inapplicable ; Pass         ; Inapplicable ; Inapplicable ; Pass         ; Inapplicable ; Pass         ; Pass         ; Inapplicable ; Inapplicable ; Inapplicable ; Pass         ; Inapplicable ; Inapplicable ; Inapplicable ; Inapplicable ; Inapplicable ; Pass      ; Inapplicable ; Inapplicable ;
; sram_DQ[7]                  ; Pass         ; Inapplicable ; Pass         ; Inapplicable ; Inapplicable ; Pass      ; Pass         ; Inapplicable ; Pass      ; Pass      ; Inapplicable ; Pass         ; Inapplicable ; Inapplicable ; Pass         ; Inapplicable ; Pass         ; Pass         ; Inapplicable ; Inapplicable ; Inapplicable ; Pass         ; Inapplicable ; Inapplicable ; Inapplicable ; Inapplicable ; Inapplicable ; Pass      ; Inapplicable ; Inapplicable ;
; sram_DQ[8]                  ; Pass         ; Inapplicable ; Pass         ; Inapplicable ; Inapplicable ; Pass      ; Pass         ; Inapplicable ; Pass      ; Pass      ; Inapplicable ; Pass         ; Inapplicable ; Inapplicable ; Pass         ; Inapplicable ; Pass         ; Pass         ; Inapplicable ; Inapplicable ; Inapplicable ; Pass         ; Inapplicable ; Inapplicable ; Inapplicable ; Inapplicable ; Inapplicable ; Pass      ; Inapplicable ; Inapplicable ;
; sram_DQ[9]                  ; Pass         ; Inapplicable ; Pass         ; Inapplicable ; Inapplicable ; Pass      ; Pass         ; Inapplicable ; Pass      ; Pass      ; Inapplicable ; Pass         ; Inapplicable ; Inapplicable ; Pass         ; Inapplicable ; Pass         ; Pass         ; Inapplicable ; Inapplicable ; Inapplicable ; Pass         ; Inapplicable ; Inapplicable ; Inapplicable ; Inapplicable ; Inapplicable ; Pass      ; Inapplicable ; Inapplicable ;
; sram_DQ[10]                 ; Pass         ; Inapplicable ; Pass         ; Inapplicable ; Inapplicable ; Pass      ; Pass         ; Inapplicable ; Pass      ; Pass      ; Inapplicable ; Pass         ; Inapplicable ; Inapplicable ; Pass         ; Inapplicable ; Pass         ; Pass         ; Inapplicable ; Inapplicable ; Inapplicable ; Pass         ; Inapplicable ; Inapplicable ; Inapplicable ; Inapplicable ; Inapplicable ; Pass      ; Inapplicable ; Inapplicable ;
; sram_DQ[11]                 ; Pass         ; Inapplicable ; Pass         ; Inapplicable ; Inapplicable ; Pass      ; Pass         ; Inapplicable ; Pass      ; Pass      ; Inapplicable ; Pass         ; Inapplicable ; Inapplicable ; Pass         ; Inapplicable ; Pass         ; Pass         ; Inapplicable ; Inapplicable ; Inapplicable ; Pass         ; Inapplicable ; Inapplicable ; Inapplicable ; Inapplicable ; Inapplicable ; Pass      ; Inapplicable ; Inapplicable ;
; sram_DQ[12]                 ; Pass         ; Inapplicable ; Pass         ; Inapplicable ; Inapplicable ; Pass      ; Pass         ; Inapplicable ; Pass      ; Pass      ; Inapplicable ; Pass         ; Inapplicable ; Inapplicable ; Pass         ; Inapplicable ; Pass         ; Pass         ; Inapplicable ; Inapplicable ; Inapplicable ; Pass         ; Inapplicable ; Inapplicable ; Inapplicable ; Inapplicable ; Inapplicable ; Pass      ; Inapplicable ; Inapplicable ;
; sram_DQ[13]                 ; Pass         ; Inapplicable ; Pass         ; Inapplicable ; Inapplicable ; Pass      ; Pass         ; Inapplicable ; Pass      ; Pass      ; Inapplicable ; Pass         ; Inapplicable ; Inapplicable ; Pass         ; Inapplicable ; Pass         ; Pass         ; Inapplicable ; Inapplicable ; Inapplicable ; Pass         ; Inapplicable ; Inapplicable ; Inapplicable ; Inapplicable ; Inapplicable ; Pass      ; Inapplicable ; Inapplicable ;
; sram_DQ[14]                 ; Pass         ; Inapplicable ; Pass         ; Inapplicable ; Inapplicable ; Pass      ; Pass         ; Inapplicable ; Pass      ; Pass      ; Inapplicable ; Pass         ; Inapplicable ; Inapplicable ; Pass         ; Inapplicable ; Pass         ; Pass         ; Inapplicable ; Inapplicable ; Inapplicable ; Pass         ; Inapplicable ; Inapplicable ; Inapplicable ; Inapplicable ; Inapplicable ; Pass      ; Inapplicable ; Inapplicable ;
; sram_DQ[15]                 ; Pass         ; Inapplicable ; Pass         ; Inapplicable ; Inapplicable ; Pass      ; Pass         ; Inapplicable ; Pass      ; Pass      ; Inapplicable ; Pass         ; Inapplicable ; Inapplicable ; Pass         ; Inapplicable ; Pass         ; Pass         ; Inapplicable ; Inapplicable ; Inapplicable ; Pass         ; Inapplicable ; Inapplicable ; Inapplicable ; Inapplicable ; Inapplicable ; Pass      ; Inapplicable ; Inapplicable ;
; clk_clk                     ; Pass         ; Inapplicable ; Pass         ; Inapplicable ; Inapplicable ; Pass      ; Pass         ; Inapplicable ; Pass      ; Pass      ; Inapplicable ; Inapplicable ; Inapplicable ; Inapplicable ; Pass         ; Inapplicable ; Inapplicable ; Pass         ; Inapplicable ; Inapplicable ; Inapplicable ; Inapplicable ; Inapplicable ; Inapplicable ; Inapplicable ; Inapplicable ; Inapplicable ; Pass      ; Inapplicable ; Inapplicable ;
; video_decoder_TD_CLK27      ; Pass         ; Inapplicable ; Pass         ; Inapplicable ; Inapplicable ; Pass      ; Pass         ; Inapplicable ; Pass      ; Pass      ; Inapplicable ; Inapplicable ; Inapplicable ; Inapplicable ; Pass         ; Inapplicable ; Inapplicable ; Pass         ; Inapplicable ; Inapplicable ; Inapplicable ; Inapplicable ; Inapplicable ; Inapplicable ; Inapplicable ; Inapplicable ; Inapplicable ; Pass      ; Inapplicable ; Inapplicable ;
; video_decoder_clk27_reset   ; Pass         ; Inapplicable ; Pass         ; Inapplicable ; Inapplicable ; Pass      ; Pass         ; Inapplicable ; Pass      ; Pass      ; Inapplicable ; Inapplicable ; Inapplicable ; Inapplicable ; Pass         ; Inapplicable ; Inapplicable ; Pass         ; Inapplicable ; Inapplicable ; Inapplicable ; Inapplicable ; Inapplicable ; Inapplicable ; Inapplicable ; Inapplicable ; Inapplicable ; Pass      ; Inapplicable ; Inapplicable ;
; video_decoder_TD_DATA[5]    ; Pass         ; Inapplicable ; Pass         ; Inapplicable ; Inapplicable ; Pass      ; Pass         ; Inapplicable ; Pass      ; Pass      ; Inapplicable ; Inapplicable ; Inapplicable ; Inapplicable ; Pass         ; Inapplicable ; Inapplicable ; Pass         ; Inapplicable ; Inapplicable ; Inapplicable ; Inapplicable ; Inapplicable ; Inapplicable ; Inapplicable ; Inapplicable ; Inapplicable ; Pass      ; Inapplicable ; Inapplicable ;
; video_decoder_TD_DATA[6]    ; Pass         ; Inapplicable ; Pass         ; Inapplicable ; Inapplicable ; Pass      ; Pass         ; Inapplicable ; Pass      ; Pass      ; Inapplicable ; Inapplicable ; Inapplicable ; Inapplicable ; Pass         ; Inapplicable ; Inapplicable ; Pass         ; Inapplicable ; Inapplicable ; Inapplicable ; Inapplicable ; Inapplicable ; Inapplicable ; Inapplicable ; Inapplicable ; Inapplicable ; Pass      ; Inapplicable ; Inapplicable ;
; video_decoder_TD_DATA[1]    ; Pass         ; Inapplicable ; Pass         ; Inapplicable ; Inapplicable ; Pass      ; Pass         ; Inapplicable ; Pass      ; Pass      ; Inapplicable ; Inapplicable ; Inapplicable ; Inapplicable ; Pass         ; Inapplicable ; Inapplicable ; Pass         ; Inapplicable ; Inapplicable ; Inapplicable ; Inapplicable ; Inapplicable ; Inapplicable ; Inapplicable ; Inapplicable ; Inapplicable ; Pass      ; Inapplicable ; Inapplicable ;
; video_decoder_TD_DATA[4]    ; Pass         ; Inapplicable ; Pass         ; Inapplicable ; Inapplicable ; Pass      ; Pass         ; Inapplicable ; Pass      ; Pass      ; Inapplicable ; Inapplicable ; Inapplicable ; Inapplicable ; Pass         ; Inapplicable ; Inapplicable ; Pass         ; Inapplicable ; Inapplicable ; Inapplicable ; Inapplicable ; Inapplicable ; Inapplicable ; Inapplicable ; Inapplicable ; Inapplicable ; Pass      ; Inapplicable ; Inapplicable ;
; video_decoder_TD_DATA[0]    ; Pass         ; Inapplicable ; Pass         ; Inapplicable ; Inapplicable ; Pass      ; Pass         ; Inapplicable ; Pass      ; Pass      ; Inapplicable ; Inapplicable ; Inapplicable ; Inapplicable ; Pass         ; Inapplicable ; Inapplicable ; Pass         ; Inapplicable ; Inapplicable ; Inapplicable ; Inapplicable ; Inapplicable ; Inapplicable ; Inapplicable ; Inapplicable ; Inapplicable ; Pass      ; Inapplicable ; Inapplicable ;
; video_decoder_TD_DATA[3]    ; Pass         ; Inapplicable ; Pass         ; Inapplicable ; Inapplicable ; Pass      ; Pass         ; Inapplicable ; Pass      ; Pass      ; Inapplicable ; Inapplicable ; Inapplicable ; Inapplicable ; Pass         ; Inapplicable ; Inapplicable ; Pass         ; Inapplicable ; Inapplicable ; Inapplicable ; Inapplicable ; Inapplicable ; Inapplicable ; Inapplicable ; Inapplicable ; Inapplicable ; Pass      ; Inapplicable ; Inapplicable ;
; video_decoder_TD_DATA[2]    ; Pass         ; Inapplicable ; Pass         ; Inapplicable ; Inapplicable ; Pass      ; Pass         ; Inapplicable ; Pass      ; Pass      ; Inapplicable ; Inapplicable ; Inapplicable ; Inapplicable ; Pass         ; Inapplicable ; Inapplicable ; Pass         ; Inapplicable ; Inapplicable ; Inapplicable ; Inapplicable ; Inapplicable ; Inapplicable ; Inapplicable ; Inapplicable ; Inapplicable ; Pass      ; Inapplicable ; Inapplicable ;
; video_decoder_TD_DATA[7]    ; Pass         ; Inapplicable ; Pass         ; Inapplicable ; Inapplicable ; Pass      ; Pass         ; Inapplicable ; Pass      ; Pass      ; Inapplicable ; Inapplicable ; Inapplicable ; Inapplicable ; Pass         ; Inapplicable ; Inapplicable ; Pass         ; Inapplicable ; Inapplicable ; Inapplicable ; Inapplicable ; Inapplicable ; Inapplicable ; Inapplicable ; Inapplicable ; Inapplicable ; Pass      ; Inapplicable ; Inapplicable ;
; reset_reset_n               ; Pass         ; Inapplicable ; Pass         ; Inapplicable ; Inapplicable ; Pass      ; Pass         ; Inapplicable ; Pass      ; Pass      ; Inapplicable ; Inapplicable ; Inapplicable ; Inapplicable ; Pass         ; Inapplicable ; Inapplicable ; Pass         ; Inapplicable ; Inapplicable ; Inapplicable ; Inapplicable ; Inapplicable ; Inapplicable ; Inapplicable ; Inapplicable ; Inapplicable ; Pass      ; Inapplicable ; Inapplicable ;
; altera_reserved_tms         ; Inapplicable ; Inapplicable ; Inapplicable ; Inapplicable ; Inapplicable ; Pass      ; Inapplicable ; Inapplicable ; Pass      ; Pass      ; Inapplicable ; Inapplicable ; Inapplicable ; Inapplicable ; Inapplicable ; Inapplicable ; Inapplicable ; Inapplicable ; Inapplicable ; Inapplicable ; Inapplicable ; Inapplicable ; Inapplicable ; Inapplicable ; Inapplicable ; Inapplicable ; Inapplicable ; Pass      ; Inapplicable ; Inapplicable ;
; altera_reserved_tck         ; Inapplicable ; Inapplicable ; Inapplicable ; Inapplicable ; Inapplicable ; Pass      ; Inapplicable ; Inapplicable ; Pass      ; Pass      ; Inapplicable ; Inapplicable ; Inapplicable ; Inapplicable ; Inapplicable ; Inapplicable ; Inapplicable ; Inapplicable ; Inapplicable ; Inapplicable ; Inapplicable ; Inapplicable ; Inapplicable ; Inapplicable ; Inapplicable ; Inapplicable ; Inapplicable ; Pass      ; Inapplicable ; Inapplicable ;
; altera_reserved_tdi         ; Inapplicable ; Inapplicable ; Inapplicable ; Inapplicable ; Inapplicable ; Pass      ; Inapplicable ; Inapplicable ; Pass      ; Pass      ; Inapplicable ; Inapplicable ; Inapplicable ; Inapplicable ; Inapplicable ; Inapplicable ; Inapplicable ; Inapplicable ; Inapplicable ; Inapplicable ; Inapplicable ; Inapplicable ; Inapplicable ; Inapplicable ; Inapplicable ; Inapplicable ; Inapplicable ; Pass      ; Inapplicable ; Inapplicable ;
; altera_reserved_tdo         ; Inapplicable ; Inapplicable ; Inapplicable ; Inapplicable ; Inapplicable ; Pass      ; Inapplicable ; Inapplicable ; Pass      ; Pass      ; Inapplicable ; Inapplicable ; Inapplicable ; Inapplicable ; Inapplicable ; Inapplicable ; Inapplicable ; Inapplicable ; Inapplicable ; Inapplicable ; Inapplicable ; Inapplicable ; Inapplicable ; Inapplicable ; Inapplicable ; Inapplicable ; Inapplicable ; Pass      ; Inapplicable ; Inapplicable ;
+-----------------------------+--------------+--------------+--------------+--------------+--------------+-----------+--------------+--------------+-----------+-----------+--------------+--------------+--------------+--------------+--------------+--------------+--------------+--------------+--------------+--------------+--------------+--------------+--------------+--------------+--------------+--------------+--------------+-----------+--------------+--------------+


+---------------------------------------------------------------------------------------------+
; Fitter Device Options                                                                       ;
+------------------------------------------------------------------+--------------------------+
; Option                                                           ; Setting                  ;
+------------------------------------------------------------------+--------------------------+
; Enable user-supplied start-up clock (CLKUSR)                     ; Off                      ;
; Enable device-wide reset (DEV_CLRn)                              ; Off                      ;
; Enable device-wide output enable (DEV_OE)                        ; Off                      ;
; Enable INIT_DONE output                                          ; Off                      ;
; Configuration scheme                                             ; Active Serial            ;
; Error detection CRC                                              ; Off                      ;
; Enable open drain on CRC_ERROR pin                               ; Off                      ;
; Enable input tri-state on active configuration pins in user mode ; Off                      ;
; Configuration Voltage Level                                      ; Auto                     ;
; Force Configuration Voltage Level                                ; Off                      ;
; nCEO                                                             ; As output driving ground ;
; Data[0]                                                          ; As input tri-stated      ;
; Data[1]/ASDO                                                     ; As input tri-stated      ;
; Data[7..2]                                                       ; Unreserved               ;
; FLASH_nCE/nCSO                                                   ; As input tri-stated      ;
; Other Active Parallel pins                                       ; Unreserved               ;
; DCLK                                                             ; As output driving ground ;
+------------------------------------------------------------------+--------------------------+


+------------------------------------+
; Operating Settings and Conditions  ;
+---------------------------+--------+
; Setting                   ; Value  ;
+---------------------------+--------+
; Nominal Core Voltage      ; 1.20 V ;
; Low Junction Temperature  ; 0 °C   ;
; High Junction Temperature ; 85 °C  ;
+---------------------------+--------+


+-----------------+
; Fitter Messages ;
+-----------------+
Warning (18236): Number of processors has not been specified which may cause overloading on shared machines.  Set the global assignment NUM_PARALLEL_PROCESSORS in your QSF to an appropriate value for best performance.
Info (20030): Parallel compilation is enabled and will use 12 of the 12 processors detected
Info (119006): Selected device EP4CE115F29C7 for design "vga"
Info (21077): Low junction temperature is 0 degrees C
Info (21077): High junction temperature is 85 degrees C
Info (15535): Implemented PLL "vga_video_pll_0:video_pll_0|altera_up_altpll:video_pll|altpll:PLL_for_DE_Series_Boards|altpll_8fb2:auto_generated|pll1" as Cyclone IV E PLL type File: C:/Users/mande/Desktop/project/Capston/vga/db/altpll_8fb2.tdf Line: 28
    Info (15099): Implementing clock multiplication of 1, clock division of 2, and phase shift of 0 degrees (0 ps) for vga_video_pll_0:video_pll_0|altera_up_altpll:video_pll|altpll:PLL_for_DE_Series_Boards|altpll_8fb2:auto_generated|clk[0] port File: C:/Users/mande/Desktop/project/Capston/vga/db/altpll_8fb2.tdf Line: 28
    Info (15099): Implementing clock multiplication of 1, clock division of 2, and phase shift of 0 degrees (0 ps) for vga_video_pll_0:video_pll_0|altera_up_altpll:video_pll|altpll:PLL_for_DE_Series_Boards|altpll_8fb2:auto_generated|clk[1] port File: C:/Users/mande/Desktop/project/Capston/vga/db/altpll_8fb2.tdf Line: 28
Info (171003): Fitter is performing an Auto Fit compilation, which may decrease Fitter effort to reduce compilation time
Warning (292013): Feature LogicLock is only available with a valid subscription license. You can purchase a software subscription to gain full access to this feature.
Info (176444): Device migration not selected. If you intend to use device migration later, you may need to change the pin assignments as they may be incompatible with other devices
    Info (176445): Device EP4CE40F29C7 is compatible
    Info (176445): Device EP4CE40F29I7 is compatible
    Info (176445): Device EP4CE30F29C7 is compatible
    Info (176445): Device EP4CE30F29I7 is compatible
    Info (176445): Device EP4CE55F29C7 is compatible
    Info (176445): Device EP4CE55F29I7 is compatible
    Info (176445): Device EP4CE75F29C7 is compatible
    Info (176445): Device EP4CE75F29I7 is compatible
    Info (176445): Device EP4CE115F29I7 is compatible
Info (169124): Fitter converted 5 user pins into dedicated programming pins
    Info (169125): Pin ~ALTERA_ASDO_DATA1~ is reserved at location F4
    Info (169125): Pin ~ALTERA_FLASH_nCE_nCSO~ is reserved at location E2
    Info (169125): Pin ~ALTERA_DCLK~ is reserved at location P3
    Info (169125): Pin ~ALTERA_DATA0~ is reserved at location N7
    Info (169125): Pin ~ALTERA_nCEO~ is reserved at location P28
Warning (15714): Some pins have incomplete I/O assignments. Refer to the I/O Assignment Warnings report for details
Info (176045): Design uses memory blocks. Violating setup or hold times of memory block address registers for either read or write operations could cause memory contents to be corrupted. Make sure that all memory block address registers meet the setup and hold time requirements.
Critical Warning (169085): No exact pin location assignment(s) for 1 pins of 88 total pins. For the list of pins please refer to the I/O Assignment Warnings table in the fitter report.
Info (332164): Evaluating HDL-embedded SDC commands
    Info (332165): Entity alt_jtag_atlantic
        Info (332166): set_false_path -from [get_registers {*|alt_jtag_atlantic:*|jupdate}] -to [get_registers {*|alt_jtag_atlantic:*|jupdate1*}] 
        Info (332166): set_false_path -from [get_registers {*|alt_jtag_atlantic:*|rdata[*]}] -to [get_registers {*|alt_jtag_atlantic*|td_shift[*]}]
        Info (332166): set_false_path -from [get_registers {*|alt_jtag_atlantic:*|rdata[*]}] -to [get_registers {*|alt_jtag_atlantic*|td_shift[*]}]
        Info (332166): set_false_path -from [get_registers {*|alt_jtag_atlantic:*|rdata[*]}] -to [get_registers {*|alt_jtag_atlantic*|td_shift[*]}]
        Info (332166): set_false_path -from [get_registers {*|alt_jtag_atlantic:*|rdata[*]}] -to [get_registers {*|alt_jtag_atlantic*|td_shift[*]}]
        Info (332166): set_false_path -from [get_registers {*|alt_jtag_atlantic:*|rdata[*]}] -to [get_registers {*|alt_jtag_atlantic*|td_shift[*]}]
        Info (332166): set_false_path -from [get_registers {*|alt_jtag_atlantic:*|rdata[*]}] -to [get_registers {*|alt_jtag_atlantic*|td_shift[*]}]
        Info (332166): set_false_path -from [get_registers {*|alt_jtag_atlantic:*|rdata[*]}] -to [get_registers {*|alt_jtag_atlantic*|td_shift[*]}]
        Info (332166): set_false_path -from [get_registers {*|alt_jtag_atlantic:*|rdata[*]}] -to [get_registers {*|alt_jtag_atlantic*|td_shift[*]}]
        Info (332166): set_false_path -from [get_registers {*|alt_jtag_atlantic:*|read}] -to [get_registers {*|alt_jtag_atlantic:*|read1*}] 
        Info (332166): set_false_path -from [get_registers {*|alt_jtag_atlantic:*|read_req}]
        Info (332166): set_false_path -from [get_registers {*|alt_jtag_atlantic:*|rvalid}] -to [get_registers {*|alt_jtag_atlantic*|td_shift[*]}]
        Info (332166): set_false_path -from [get_registers {*|t_dav}] -to [get_registers {*|alt_jtag_atlantic:*|tck_t_dav}]
        Info (332166): set_false_path -from [get_registers {*|alt_jtag_atlantic:*|user_saw_rvalid}] -to [get_registers {*|alt_jtag_atlantic:*|rvalid0*}]
        Info (332166): set_false_path -from [get_registers {*|alt_jtag_atlantic:*|wdata[*]}] -to [get_registers {*}]
        Info (332166): set_false_path -from [get_registers {*|alt_jtag_atlantic:*|wdata[*]}] -to [get_registers {*}]
        Info (332166): set_false_path -from [get_registers {*|alt_jtag_atlantic:*|wdata[*]}] -to [get_registers {*}]
        Info (332166): set_false_path -from [get_registers {*|alt_jtag_atlantic:*|wdata[*]}] -to [get_registers {*}]
        Info (332166): set_false_path -from [get_registers {*|alt_jtag_atlantic:*|wdata[*]}] -to [get_registers {*}]
        Info (332166): set_false_path -from [get_registers {*|alt_jtag_atlantic:*|wdata[*]}] -to [get_registers {*}]
        Info (332166): set_false_path -from [get_registers {*|alt_jtag_atlantic:*|wdata[*]}] -to [get_registers {*}]
        Info (332166): set_false_path -from [get_registers {*|alt_jtag_atlantic:*|wdata[*]}] -to [get_registers {*}]
        Info (332166): set_false_path -from [get_registers {*|alt_jtag_atlantic:*|write}] -to [get_registers {*|alt_jtag_atlantic:*|write1*}] 
        Info (332166): set_false_path -from [get_registers {*|alt_jtag_atlantic:*|write_stalled}] -to [get_registers {*|alt_jtag_atlantic:*|t_ena*}]
        Info (332166): set_false_path -from [get_registers {*|alt_jtag_atlantic:*|write_stalled}] -to [get_registers {*|alt_jtag_atlantic:*|t_pause*}]
        Info (332166): set_false_path -from [get_registers {*|alt_jtag_atlantic:*|write_valid}]
    Info (332165): Entity altera_std_synchronizer
        Info (332166): set_false_path -to [get_keepers {*altera_std_synchronizer:*|din_s1}]
    Info (332165): Entity dcfifo_37l1
        Info (332166): set_false_path -from *rdptr_g* -to *ws_dgrp|dffpipe_2v8:dffpipe16|dffe17a* 
        Info (332166): set_false_path -from *delayed_wrptr_g* -to *rs_dgwp|dffpipe_1v8:dffpipe13|dffe14a* 
    Info (332165): Entity dcfifo_nsj1
        Info (332166): set_false_path -from *rdptr_g* -to *ws_dgrp|dffpipe_4v8:dffpipe9|dffe10a* 
        Info (332166): set_false_path -from *delayed_wrptr_g* -to *rs_dgwp|dffpipe_3v8:dffpipe6|dffe7a* 
    Info (332165): Entity sld_hub
        Info (332166): create_clock -name altera_reserved_tck [get_ports {altera_reserved_tck}] -period 10MHz   
        Info (332166): set_clock_groups -asynchronous -group {altera_reserved_tck}
Info (332104): Reading SDC File: 'vga/synthesis/submodules/altera_reset_controller.sdc'
Info (332104): Reading SDC File: 'vga/synthesis/submodules/altera_avalon_st_handshake_clock_crosser.sdc'
Info (332104): Reading SDC File: 'vga/synthesis/submodules/vga_nios2_gen2_0_cpu.sdc'
Warning (332060): Node: video_decoder_TD_CLK27 was determined to be a clock but was found without an associated clock assignment.
    Info (13166): Register vga_video_decoder:video_decoder|overflow_flag is being clocked by video_decoder_TD_CLK27
Warning (332060): Node: clk_clk was determined to be a clock but was found without an associated clock assignment.
    Info (13166): Register vga_video_decoder:video_decoder|altera_up_video_dual_clock_fifo:Video_In_Dual_Clock_FIFO|dcfifo:dcfifo_component|dcfifo_37l1:auto_generated|rdptr_g[1] is being clocked by clk_clk
Warning (332056): PLL cross checking found inconsistent PLL clock settings:
    Warning (332056): Node: video_pll_0|video_pll|PLL_for_DE_Series_Boards|auto_generated|pll1|clk[0] was found missing 1 generated clock that corresponds to a base clock with a period of: 20.000
    Warning (332056): Node: video_pll_0|video_pll|PLL_for_DE_Series_Boards|auto_generated|pll1|clk[1] was found missing 1 generated clock that corresponds to a base clock with a period of: 20.000
Critical Warning (332168): The following clock transfers have no clock uncertainty assignment. For more accurate results, apply clock uncertainty assignments or use the derive_clock_uncertainty command.
    Critical Warning (332169): From altera_reserved_tck (Rise) to altera_reserved_tck (Rise) (setup and hold)
    Critical Warning (332169): From altera_reserved_tck (Rise) to altera_reserved_tck (Fall) (setup and hold)
    Critical Warning (332169): From altera_reserved_tck (Fall) to altera_reserved_tck (Fall) (setup and hold)
Info (332129): Detected timing requirements -- optimizing circuit to achieve only the specified requirements
Info (332111): Found 1 clocks
    Info (332111):   Period   Clock Name
    Info (332111): ======== ============
    Info (332111):  100.000 altera_reserved_tck
Info (176353): Automatically promoted node clk_clk~input (placed in PIN Y2 (CLK2, DIFFCLK_1p)) File: C:/Users/mande/Desktop/project/Capston/vga/vga/synthesis/vga.v Line: 9
    Info (176355): Automatically promoted destinations to use location or clock signal Global Clock CLKCTRL_G1
Info (176353): Automatically promoted node vga_video_pll_0:video_pll_0|altera_up_altpll:video_pll|altpll:PLL_for_DE_Series_Boards|altpll_8fb2:auto_generated|clk[0] (placed in counter C0 of PLL_1) File: C:/Users/mande/Desktop/project/Capston/vga/db/altpll_8fb2.tdf Line: 33
    Info (176355): Automatically promoted destinations to use location or clock signal Global Clock CLKCTRL_G3
Info (176353): Automatically promoted node vga_video_pll_0:video_pll_0|altera_up_altpll:video_pll|altpll:PLL_for_DE_Series_Boards|altpll_8fb2:auto_generated|clk[1] (placed in counter C1 of PLL_1) File: C:/Users/mande/Desktop/project/Capston/vga/db/altpll_8fb2.tdf Line: 33
    Info (176355): Automatically promoted destinations to use location or clock signal Global Clock CLKCTRL_G4
Info (176353): Automatically promoted node video_decoder_TD_CLK27~input (placed in PIN B14 (CLK11, DIFFCLK_4p)) File: C:/Users/mande/Desktop/project/Capston/vga/vga/synthesis/vga.v Line: 26
    Info (176355): Automatically promoted destinations to use location or clock signal Global Clock CLKCTRL_G13
Info (176353): Automatically promoted node altera_internal_jtag~TCKUTAP 
    Info (176355): Automatically promoted destinations to use location or clock signal Global Clock
Info (176353): Automatically promoted node altera_reset_controller:rst_controller|altera_reset_synchronizer:alt_rst_sync_uq1|altera_reset_synchronizer_int_chain_out  File: C:/Users/mande/Desktop/project/Capston/vga/vga/synthesis/submodules/altera_reset_synchronizer.v Line: 62
    Info (176355): Automatically promoted destinations to use location or clock signal Global Clock
    Info (176356): Following destination nodes may be non-global or may not use global or regional clocks
        Info (176357): Destination node vga_video_scaler_1:video_scaler_1|altera_up_video_scaler_multiply_height:Multiply_Height|scfifo:Multiply_Height_FIFO|scfifo_ci31:auto_generated|a_dpfifo_v931:dpfifo|cntr_2ab:wr_ptr|counter_reg_bit[8] File: C:/Users/mande/Desktop/project/Capston/vga/db/cntr_2ab.tdf Line: 79
        Info (176357): Destination node vga_video_scaler_1:video_scaler_1|altera_up_video_scaler_multiply_height:Multiply_Height|scfifo:Multiply_Height_FIFO|scfifo_ci31:auto_generated|a_dpfifo_v931:dpfifo|cntr_2ab:wr_ptr|counter_reg_bit[7] File: C:/Users/mande/Desktop/project/Capston/vga/db/cntr_2ab.tdf Line: 79
        Info (176357): Destination node vga_video_scaler_1:video_scaler_1|altera_up_video_scaler_multiply_height:Multiply_Height|scfifo:Multiply_Height_FIFO|scfifo_ci31:auto_generated|a_dpfifo_v931:dpfifo|cntr_2ab:wr_ptr|counter_reg_bit[6] File: C:/Users/mande/Desktop/project/Capston/vga/db/cntr_2ab.tdf Line: 79
        Info (176357): Destination node vga_video_scaler_1:video_scaler_1|altera_up_video_scaler_multiply_height:Multiply_Height|scfifo:Multiply_Height_FIFO|scfifo_ci31:auto_generated|a_dpfifo_v931:dpfifo|cntr_2ab:wr_ptr|counter_reg_bit[5] File: C:/Users/mande/Desktop/project/Capston/vga/db/cntr_2ab.tdf Line: 79
        Info (176357): Destination node vga_video_scaler_1:video_scaler_1|altera_up_video_scaler_multiply_height:Multiply_Height|scfifo:Multiply_Height_FIFO|scfifo_ci31:auto_generated|a_dpfifo_v931:dpfifo|cntr_2ab:wr_ptr|counter_reg_bit[4] File: C:/Users/mande/Desktop/project/Capston/vga/db/cntr_2ab.tdf Line: 79
        Info (176357): Destination node vga_video_scaler_1:video_scaler_1|altera_up_video_scaler_multiply_height:Multiply_Height|scfifo:Multiply_Height_FIFO|scfifo_ci31:auto_generated|a_dpfifo_v931:dpfifo|cntr_2ab:wr_ptr|counter_reg_bit[3] File: C:/Users/mande/Desktop/project/Capston/vga/db/cntr_2ab.tdf Line: 79
        Info (176357): Destination node vga_video_scaler_1:video_scaler_1|altera_up_video_scaler_multiply_height:Multiply_Height|scfifo:Multiply_Height_FIFO|scfifo_ci31:auto_generated|a_dpfifo_v931:dpfifo|cntr_2ab:wr_ptr|counter_reg_bit[2] File: C:/Users/mande/Desktop/project/Capston/vga/db/cntr_2ab.tdf Line: 79
        Info (176357): Destination node vga_video_scaler_1:video_scaler_1|altera_up_video_scaler_multiply_height:Multiply_Height|scfifo:Multiply_Height_FIFO|scfifo_ci31:auto_generated|a_dpfifo_v931:dpfifo|cntr_2ab:wr_ptr|counter_reg_bit[1] File: C:/Users/mande/Desktop/project/Capston/vga/db/cntr_2ab.tdf Line: 79
        Info (176357): Destination node vga_video_scaler_1:video_scaler_1|altera_up_video_scaler_multiply_height:Multiply_Height|scfifo:Multiply_Height_FIFO|scfifo_ci31:auto_generated|a_dpfifo_v931:dpfifo|cntr_2ab:wr_ptr|counter_reg_bit[0] File: C:/Users/mande/Desktop/project/Capston/vga/db/cntr_2ab.tdf Line: 79
        Info (176357): Destination node vga_video_scaler_1:video_scaler_1|altera_up_video_scaler_multiply_height:Multiply_Height|scfifo:Multiply_Height_FIFO|scfifo_ci31:auto_generated|a_dpfifo_v931:dpfifo|cntr_ea7:usedw_counter|counter_reg_bit[8] File: C:/Users/mande/Desktop/project/Capston/vga/db/cntr_ea7.tdf Line: 80
        Info (176358): Non-global destination nodes limited to 10 nodes
Info (176353): Automatically promoted node altera_reset_controller:rst_controller_002|r_sync_rst  File: C:/Users/mande/Desktop/project/Capston/vga/vga/synthesis/submodules/altera_reset_controller.v Line: 288
    Info (176355): Automatically promoted destinations to use location or clock signal Global Clock
    Info (176356): Following destination nodes may be non-global or may not use global or regional clocks
        Info (176357): Destination node altera_reset_controller:rst_controller_002|WideOr0~0 File: C:/Users/mande/Desktop/project/Capston/vga/vga/synthesis/submodules/altera_reset_controller.v Line: 290
        Info (176357): Destination node vga_nios2_gen2_0:nios2_gen2_0|vga_nios2_gen2_0_cpu:cpu|W_rf_wren File: C:/Users/mande/Desktop/project/Capston/vga/vga/synthesis/submodules/vga_nios2_gen2_0_cpu.v Line: 3472
        Info (176357): Destination node vga_nios2_gen2_0:nios2_gen2_0|vga_nios2_gen2_0_cpu:cpu|vga_nios2_gen2_0_cpu_nios2_oci:the_vga_nios2_gen2_0_cpu_nios2_oci|vga_nios2_gen2_0_cpu_nios2_oci_debug:the_vga_nios2_gen2_0_cpu_nios2_oci_debug|altera_std_synchronizer:the_altera_std_synchronizer|din_s1 File: c:/intelfpga_lite/23.1std/quartus/libraries/megafunctions/altera_std_synchronizer.v Line: 45
Info (176353): Automatically promoted node altera_reset_controller:rst_controller_001|altera_reset_synchronizer:alt_rst_sync_uq1|altera_reset_synchronizer_int_chain_out  File: C:/Users/mande/Desktop/project/Capston/vga/vga/synthesis/submodules/altera_reset_synchronizer.v Line: 62
    Info (176355): Automatically promoted destinations to use location or clock signal Global Clock
Info (176353): Automatically promoted node altera_reset_controller:rst_controller|merged_reset~0  File: C:/Users/mande/Desktop/project/Capston/vga/vga/synthesis/submodules/altera_reset_controller.v Line: 134
    Info (176355): Automatically promoted destinations to use location or clock signal Global Clock
Info (176353): Automatically promoted node altera_reset_controller:rst_controller_002|merged_reset~0  File: C:/Users/mande/Desktop/project/Capston/vga/vga/synthesis/submodules/altera_reset_controller.v Line: 134
    Info (176355): Automatically promoted destinations to use location or clock signal Global Clock
Info (176233): Starting register packing
Info (176235): Finished register packing
    Extra Info (176218): Packed 8 registers into blocks of type Block RAM
    Extra Info (176218): Packed 62 registers into blocks of type Embedded multiplier block
    Extra Info (176220): Created 56 register duplicates
Info (176214): Statistics of I/O pins that need to be placed that use the same VCCIO and VREF, before I/O pin placement
    Info (176211): Number of I/O pins in group: 1 (unused VREF, 2.5V VCCIO, 0 input, 1 output, 0 bidirectional)
        Info (176212): I/O standards used: 2.5 V.
Info (176215): I/O bank details before I/O pin placement
    Info (176214): Statistics of I/O banks
        Info (176213): I/O bank number 1 does not use VREF pins and has undetermined VCCIO pins. 8 total pin(s) used --  52 pins available
        Info (176213): I/O bank number 2 does not use VREF pins and has 2.5V VCCIO pins. 17 total pin(s) used --  46 pins available
        Info (176213): I/O bank number 3 does not use VREF pins and has 2.5V VCCIO pins. 25 total pin(s) used --  48 pins available
        Info (176213): I/O bank number 4 does not use VREF pins and has undetermined VCCIO pins. 0 total pin(s) used --  71 pins available
        Info (176213): I/O bank number 5 does not use VREF pins and has undetermined VCCIO pins. 1 total pin(s) used --  64 pins available
        Info (176213): I/O bank number 6 does not use VREF pins and has undetermined VCCIO pins. 2 total pin(s) used --  56 pins available
        Info (176213): I/O bank number 7 does not use VREF pins and has 2.5V VCCIO pins. 1 total pin(s) used --  71 pins available
        Info (176213): I/O bank number 8 does not use VREF pins and has 2.5V VCCIO pins. 42 total pin(s) used --  29 pins available
Warning (15064): PLL "vga_video_pll_0:video_pll_0|altera_up_altpll:video_pll|altpll:PLL_for_DE_Series_Boards|altpll_8fb2:auto_generated|pll1" output port clk[1] feeds output pin "vga_controller_CLK~output" via non-dedicated routing -- jitter performance depends on switching rate of other design elements. Use PLL dedicated clock outputs to ensure jitter performance File: C:/Users/mande/Desktop/project/Capston/vga/db/altpll_8fb2.tdf Line: 28
Warning (15705): Ignored locations or region assignments to the following nodes
    Warning (15706): Node "AUD_ADCDAT" is assigned to location or region, but does not exist in design
    Warning (15706): Node "AUD_ADCLRCK" is assigned to location or region, but does not exist in design
    Warning (15706): Node "AUD_BCLK" is assigned to location or region, but does not exist in design
    Warning (15706): Node "AUD_DACDAT" is assigned to location or region, but does not exist in design
    Warning (15706): Node "AUD_DACLRCK" is assigned to location or region, but does not exist in design
    Warning (15706): Node "AUD_XCK" is assigned to location or region, but does not exist in design
    Warning (15706): Node "CLOCK2_50" is assigned to location or region, but does not exist in design
    Warning (15706): Node "CLOCK3_50" is assigned to location or region, but does not exist in design
    Warning (15706): Node "DRAM_ADDR[0]" is assigned to location or region, but does not exist in design
    Warning (15706): Node "DRAM_ADDR[10]" is assigned to location or region, but does not exist in design
    Warning (15706): Node "DRAM_ADDR[11]" is assigned to location or region, but does not exist in design
    Warning (15706): Node "DRAM_ADDR[12]" is assigned to location or region, but does not exist in design
    Warning (15706): Node "DRAM_ADDR[1]" is assigned to location or region, but does not exist in design
    Warning (15706): Node "DRAM_ADDR[2]" is assigned to location or region, but does not exist in design
    Warning (15706): Node "DRAM_ADDR[3]" is assigned to location or region, but does not exist in design
    Warning (15706): Node "DRAM_ADDR[4]" is assigned to location or region, but does not exist in design
    Warning (15706): Node "DRAM_ADDR[5]" is assigned to location or region, but does not exist in design
    Warning (15706): Node "DRAM_ADDR[6]" is assigned to location or region, but does not exist in design
    Warning (15706): Node "DRAM_ADDR[7]" is assigned to location or region, but does not exist in design
    Warning (15706): Node "DRAM_ADDR[8]" is assigned to location or region, but does not exist in design
    Warning (15706): Node "DRAM_ADDR[9]" is assigned to location or region, but does not exist in design
    Warning (15706): Node "DRAM_BA[0]" is assigned to location or region, but does not exist in design
    Warning (15706): Node "DRAM_BA[1]" is assigned to location or region, but does not exist in design
    Warning (15706): Node "DRAM_CAS_N" is assigned to location or region, but does not exist in design
    Warning (15706): Node "DRAM_CKE" is assigned to location or region, but does not exist in design
    Warning (15706): Node "DRAM_CLK" is assigned to location or region, but does not exist in design
    Warning (15706): Node "DRAM_CS_N" is assigned to location or region, but does not exist in design
    Warning (15706): Node "DRAM_DQM[0]" is assigned to location or region, but does not exist in design
    Warning (15706): Node "DRAM_DQM[1]" is assigned to location or region, but does not exist in design
    Warning (15706): Node "DRAM_DQM[2]" is assigned to location or region, but does not exist in design
    Warning (15706): Node "DRAM_DQM[3]" is assigned to location or region, but does not exist in design
    Warning (15706): Node "DRAM_DQ[0]" is assigned to location or region, but does not exist in design
    Warning (15706): Node "DRAM_DQ[10]" is assigned to location or region, but does not exist in design
    Warning (15706): Node "DRAM_DQ[11]" is assigned to location or region, but does not exist in design
    Warning (15706): Node "DRAM_DQ[12]" is assigned to location or region, but does not exist in design
    Warning (15706): Node "DRAM_DQ[13]" is assigned to location or region, but does not exist in design
    Warning (15706): Node "DRAM_DQ[14]" is assigned to location or region, but does not exist in design
    Warning (15706): Node "DRAM_DQ[15]" is assigned to location or region, but does not exist in design
    Warning (15706): Node "DRAM_DQ[16]" is assigned to location or region, but does not exist in design
    Warning (15706): Node "DRAM_DQ[17]" is assigned to location or region, but does not exist in design
    Warning (15706): Node "DRAM_DQ[18]" is assigned to location or region, but does not exist in design
    Warning (15706): Node "DRAM_DQ[19]" is assigned to location or region, but does not exist in design
    Warning (15706): Node "DRAM_DQ[1]" is assigned to location or region, but does not exist in design
    Warning (15706): Node "DRAM_DQ[20]" is assigned to location or region, but does not exist in design
    Warning (15706): Node "DRAM_DQ[21]" is assigned to location or region, but does not exist in design
    Warning (15706): Node "DRAM_DQ[22]" is assigned to location or region, but does not exist in design
    Warning (15706): Node "DRAM_DQ[23]" is assigned to location or region, but does not exist in design
    Warning (15706): Node "DRAM_DQ[24]" is assigned to location or region, but does not exist in design
    Warning (15706): Node "DRAM_DQ[25]" is assigned to location or region, but does not exist in design
    Warning (15706): Node "DRAM_DQ[26]" is assigned to location or region, but does not exist in design
    Warning (15706): Node "DRAM_DQ[27]" is assigned to location or region, but does not exist in design
    Warning (15706): Node "DRAM_DQ[28]" is assigned to location or region, but does not exist in design
    Warning (15706): Node "DRAM_DQ[29]" is assigned to location or region, but does not exist in design
    Warning (15706): Node "DRAM_DQ[2]" is assigned to location or region, but does not exist in design
    Warning (15706): Node "DRAM_DQ[30]" is assigned to location or region, but does not exist in design
    Warning (15706): Node "DRAM_DQ[31]" is assigned to location or region, but does not exist in design
    Warning (15706): Node "DRAM_DQ[3]" is assigned to location or region, but does not exist in design
    Warning (15706): Node "DRAM_DQ[4]" is assigned to location or region, but does not exist in design
    Warning (15706): Node "DRAM_DQ[5]" is assigned to location or region, but does not exist in design
    Warning (15706): Node "DRAM_DQ[6]" is assigned to location or region, but does not exist in design
    Warning (15706): Node "DRAM_DQ[7]" is assigned to location or region, but does not exist in design
    Warning (15706): Node "DRAM_DQ[8]" is assigned to location or region, but does not exist in design
    Warning (15706): Node "DRAM_DQ[9]" is assigned to location or region, but does not exist in design
    Warning (15706): Node "DRAM_RAS_N" is assigned to location or region, but does not exist in design
    Warning (15706): Node "DRAM_WE_N" is assigned to location or region, but does not exist in design
    Warning (15706): Node "EEP_I2C_SCLK" is assigned to location or region, but does not exist in design
    Warning (15706): Node "EEP_I2C_SDAT" is assigned to location or region, but does not exist in design
    Warning (15706): Node "ENET0_GTX_CLK" is assigned to location or region, but does not exist in design
    Warning (15706): Node "ENET0_INT_N" is assigned to location or region, but does not exist in design
    Warning (15706): Node "ENET0_LINK100" is assigned to location or region, but does not exist in design
    Warning (15706): Node "ENET0_MDC" is assigned to location or region, but does not exist in design
    Warning (15706): Node "ENET0_MDIO" is assigned to location or region, but does not exist in design
    Warning (15706): Node "ENET0_RST_N" is assigned to location or region, but does not exist in design
    Warning (15706): Node "ENET0_RX_CLK" is assigned to location or region, but does not exist in design
    Warning (15706): Node "ENET0_RX_COL" is assigned to location or region, but does not exist in design
    Warning (15706): Node "ENET0_RX_CRS" is assigned to location or region, but does not exist in design
    Warning (15706): Node "ENET0_RX_DATA[0]" is assigned to location or region, but does not exist in design
    Warning (15706): Node "ENET0_RX_DATA[1]" is assigned to location or region, but does not exist in design
    Warning (15706): Node "ENET0_RX_DATA[2]" is assigned to location or region, but does not exist in design
    Warning (15706): Node "ENET0_RX_DATA[3]" is assigned to location or region, but does not exist in design
    Warning (15706): Node "ENET0_RX_DV" is assigned to location or region, but does not exist in design
    Warning (15706): Node "ENET0_RX_ER" is assigned to location or region, but does not exist in design
    Warning (15706): Node "ENET0_TX_CLK" is assigned to location or region, but does not exist in design
    Warning (15706): Node "ENET0_TX_DATA[0]" is assigned to location or region, but does not exist in design
    Warning (15706): Node "ENET0_TX_DATA[1]" is assigned to location or region, but does not exist in design
    Warning (15706): Node "ENET0_TX_DATA[2]" is assigned to location or region, but does not exist in design
    Warning (15706): Node "ENET0_TX_DATA[3]" is assigned to location or region, but does not exist in design
    Warning (15706): Node "ENET0_TX_EN" is assigned to location or region, but does not exist in design
    Warning (15706): Node "ENET0_TX_ER" is assigned to location or region, but does not exist in design
    Warning (15706): Node "ENET1_GTX_CLK" is assigned to location or region, but does not exist in design
    Warning (15706): Node "ENET1_INT_N" is assigned to location or region, but does not exist in design
    Warning (15706): Node "ENET1_LINK100" is assigned to location or region, but does not exist in design
    Warning (15706): Node "ENET1_MDC" is assigned to location or region, but does not exist in design
    Warning (15706): Node "ENET1_MDIO" is assigned to location or region, but does not exist in design
    Warning (15706): Node "ENET1_RST_N" is assigned to location or region, but does not exist in design
    Warning (15706): Node "ENET1_RX_CLK" is assigned to location or region, but does not exist in design
    Warning (15706): Node "ENET1_RX_COL" is assigned to location or region, but does not exist in design
    Warning (15706): Node "ENET1_RX_CRS" is assigned to location or region, but does not exist in design
    Warning (15706): Node "ENET1_RX_DATA[0]" is assigned to location or region, but does not exist in design
    Warning (15706): Node "ENET1_RX_DATA[1]" is assigned to location or region, but does not exist in design
    Warning (15706): Node "ENET1_RX_DATA[2]" is assigned to location or region, but does not exist in design
    Warning (15706): Node "ENET1_RX_DATA[3]" is assigned to location or region, but does not exist in design
    Warning (15706): Node "ENET1_RX_DV" is assigned to location or region, but does not exist in design
    Warning (15706): Node "ENET1_RX_ER" is assigned to location or region, but does not exist in design
    Warning (15706): Node "ENET1_TX_CLK" is assigned to location or region, but does not exist in design
    Warning (15706): Node "ENET1_TX_DATA[0]" is assigned to location or region, but does not exist in design
    Warning (15706): Node "ENET1_TX_DATA[1]" is assigned to location or region, but does not exist in design
    Warning (15706): Node "ENET1_TX_DATA[2]" is assigned to location or region, but does not exist in design
    Warning (15706): Node "ENET1_TX_DATA[3]" is assigned to location or region, but does not exist in design
    Warning (15706): Node "ENET1_TX_EN" is assigned to location or region, but does not exist in design
    Warning (15706): Node "ENET1_TX_ER" is assigned to location or region, but does not exist in design
    Warning (15706): Node "ENETCLK_25" is assigned to location or region, but does not exist in design
    Warning (15706): Node "EX_IO[0]" is assigned to location or region, but does not exist in design
    Warning (15706): Node "EX_IO[1]" is assigned to location or region, but does not exist in design
    Warning (15706): Node "EX_IO[2]" is assigned to location or region, but does not exist in design
    Warning (15706): Node "EX_IO[3]" is assigned to location or region, but does not exist in design
    Warning (15706): Node "EX_IO[4]" is assigned to location or region, but does not exist in design
    Warning (15706): Node "EX_IO[5]" is assigned to location or region, but does not exist in design
    Warning (15706): Node "EX_IO[6]" is assigned to location or region, but does not exist in design
    Warning (15706): Node "FL_ADDR[0]" is assigned to location or region, but does not exist in design
    Warning (15706): Node "FL_ADDR[10]" is assigned to location or region, but does not exist in design
    Warning (15706): Node "FL_ADDR[11]" is assigned to location or region, but does not exist in design
    Warning (15706): Node "FL_ADDR[12]" is assigned to location or region, but does not exist in design
    Warning (15706): Node "FL_ADDR[13]" is assigned to location or region, but does not exist in design
    Warning (15706): Node "FL_ADDR[14]" is assigned to location or region, but does not exist in design
    Warning (15706): Node "FL_ADDR[15]" is assigned to location or region, but does not exist in design
    Warning (15706): Node "FL_ADDR[16]" is assigned to location or region, but does not exist in design
    Warning (15706): Node "FL_ADDR[17]" is assigned to location or region, but does not exist in design
    Warning (15706): Node "FL_ADDR[18]" is assigned to location or region, but does not exist in design
    Warning (15706): Node "FL_ADDR[19]" is assigned to location or region, but does not exist in design
    Warning (15706): Node "FL_ADDR[1]" is assigned to location or region, but does not exist in design
    Warning (15706): Node "FL_ADDR[20]" is assigned to location or region, but does not exist in design
    Warning (15706): Node "FL_ADDR[21]" is assigned to location or region, but does not exist in design
    Warning (15706): Node "FL_ADDR[22]" is assigned to location or region, but does not exist in design
    Warning (15706): Node "FL_ADDR[2]" is assigned to location or region, but does not exist in design
    Warning (15706): Node "FL_ADDR[3]" is assigned to location or region, but does not exist in design
    Warning (15706): Node "FL_ADDR[4]" is assigned to location or region, but does not exist in design
    Warning (15706): Node "FL_ADDR[5]" is assigned to location or region, but does not exist in design
    Warning (15706): Node "FL_ADDR[6]" is assigned to location or region, but does not exist in design
    Warning (15706): Node "FL_ADDR[7]" is assigned to location or region, but does not exist in design
    Warning (15706): Node "FL_ADDR[8]" is assigned to location or region, but does not exist in design
    Warning (15706): Node "FL_ADDR[9]" is assigned to location or region, but does not exist in design
    Warning (15706): Node "FL_CE_N" is assigned to location or region, but does not exist in design
    Warning (15706): Node "FL_DQ[0]" is assigned to location or region, but does not exist in design
    Warning (15706): Node "FL_DQ[1]" is assigned to location or region, but does not exist in design
    Warning (15706): Node "FL_DQ[2]" is assigned to location or region, but does not exist in design
    Warning (15706): Node "FL_DQ[3]" is assigned to location or region, but does not exist in design
    Warning (15706): Node "FL_DQ[4]" is assigned to location or region, but does not exist in design
    Warning (15706): Node "FL_DQ[5]" is assigned to location or region, but does not exist in design
    Warning (15706): Node "FL_DQ[6]" is assigned to location or region, but does not exist in design
    Warning (15706): Node "FL_DQ[7]" is assigned to location or region, but does not exist in design
    Warning (15706): Node "FL_OE_N" is assigned to location or region, but does not exist in design
    Warning (15706): Node "FL_RST_N" is assigned to location or region, but does not exist in design
    Warning (15706): Node "FL_RY" is assigned to location or region, but does not exist in design
    Warning (15706): Node "FL_WE_N" is assigned to location or region, but does not exist in design
    Warning (15706): Node "FL_WP_N" is assigned to location or region, but does not exist in design
    Warning (15706): Node "GPIO[0]" is assigned to location or region, but does not exist in design
    Warning (15706): Node "GPIO[10]" is assigned to location or region, but does not exist in design
    Warning (15706): Node "GPIO[11]" is assigned to location or region, but does not exist in design
    Warning (15706): Node "GPIO[12]" is assigned to location or region, but does not exist in design
    Warning (15706): Node "GPIO[13]" is assigned to location or region, but does not exist in design
    Warning (15706): Node "GPIO[14]" is assigned to location or region, but does not exist in design
    Warning (15706): Node "GPIO[15]" is assigned to location or region, but does not exist in design
    Warning (15706): Node "GPIO[16]" is assigned to location or region, but does not exist in design
    Warning (15706): Node "GPIO[17]" is assigned to location or region, but does not exist in design
    Warning (15706): Node "GPIO[18]" is assigned to location or region, but does not exist in design
    Warning (15706): Node "GPIO[19]" is assigned to location or region, but does not exist in design
    Warning (15706): Node "GPIO[1]" is assigned to location or region, but does not exist in design
    Warning (15706): Node "GPIO[20]" is assigned to location or region, but does not exist in design
    Warning (15706): Node "GPIO[21]" is assigned to location or region, but does not exist in design
    Warning (15706): Node "GPIO[22]" is assigned to location or region, but does not exist in design
    Warning (15706): Node "GPIO[23]" is assigned to location or region, but does not exist in design
    Warning (15706): Node "GPIO[24]" is assigned to location or region, but does not exist in design
    Warning (15706): Node "GPIO[25]" is assigned to location or region, but does not exist in design
    Warning (15706): Node "GPIO[26]" is assigned to location or region, but does not exist in design
    Warning (15706): Node "GPIO[27]" is assigned to location or region, but does not exist in design
    Warning (15706): Node "GPIO[28]" is assigned to location or region, but does not exist in design
    Warning (15706): Node "GPIO[29]" is assigned to location or region, but does not exist in design
    Warning (15706): Node "GPIO[2]" is assigned to location or region, but does not exist in design
    Warning (15706): Node "GPIO[30]" is assigned to location or region, but does not exist in design
    Warning (15706): Node "GPIO[31]" is assigned to location or region, but does not exist in design
    Warning (15706): Node "GPIO[32]" is assigned to location or region, but does not exist in design
    Warning (15706): Node "GPIO[33]" is assigned to location or region, but does not exist in design
    Warning (15706): Node "GPIO[34]" is assigned to location or region, but does not exist in design
    Warning (15706): Node "GPIO[35]" is assigned to location or region, but does not exist in design
    Warning (15706): Node "GPIO[3]" is assigned to location or region, but does not exist in design
    Warning (15706): Node "GPIO[4]" is assigned to location or region, but does not exist in design
    Warning (15706): Node "GPIO[5]" is assigned to location or region, but does not exist in design
    Warning (15706): Node "GPIO[6]" is assigned to location or region, but does not exist in design
    Warning (15706): Node "GPIO[7]" is assigned to location or region, but does not exist in design
    Warning (15706): Node "GPIO[8]" is assigned to location or region, but does not exist in design
    Warning (15706): Node "GPIO[9]" is assigned to location or region, but does not exist in design
    Warning (15706): Node "HEX0[0]" is assigned to location or region, but does not exist in design
    Warning (15706): Node "HEX0[1]" is assigned to location or region, but does not exist in design
    Warning (15706): Node "HEX0[2]" is assigned to location or region, but does not exist in design
    Warning (15706): Node "HEX0[3]" is assigned to location or region, but does not exist in design
    Warning (15706): Node "HEX0[4]" is assigned to location or region, but does not exist in design
    Warning (15706): Node "HEX0[5]" is assigned to location or region, but does not exist in design
    Warning (15706): Node "HEX0[6]" is assigned to location or region, but does not exist in design
    Warning (15706): Node "HEX1[0]" is assigned to location or region, but does not exist in design
    Warning (15706): Node "HEX1[1]" is assigned to location or region, but does not exist in design
    Warning (15706): Node "HEX1[2]" is assigned to location or region, but does not exist in design
    Warning (15706): Node "HEX1[3]" is assigned to location or region, but does not exist in design
    Warning (15706): Node "HEX1[4]" is assigned to location or region, but does not exist in design
    Warning (15706): Node "HEX1[5]" is assigned to location or region, but does not exist in design
    Warning (15706): Node "HEX1[6]" is assigned to location or region, but does not exist in design
    Warning (15706): Node "HEX2[0]" is assigned to location or region, but does not exist in design
    Warning (15706): Node "HEX2[1]" is assigned to location or region, but does not exist in design
    Warning (15706): Node "HEX2[2]" is assigned to location or region, but does not exist in design
    Warning (15706): Node "HEX2[3]" is assigned to location or region, but does not exist in design
    Warning (15706): Node "HEX2[4]" is assigned to location or region, but does not exist in design
    Warning (15706): Node "HEX2[5]" is assigned to location or region, but does not exist in design
    Warning (15706): Node "HEX2[6]" is assigned to location or region, but does not exist in design
    Warning (15706): Node "HEX3[0]" is assigned to location or region, but does not exist in design
    Warning (15706): Node "HEX3[1]" is assigned to location or region, but does not exist in design
    Warning (15706): Node "HEX3[2]" is assigned to location or region, but does not exist in design
    Warning (15706): Node "HEX3[3]" is assigned to location or region, but does not exist in design
    Warning (15706): Node "HEX3[4]" is assigned to location or region, but does not exist in design
    Warning (15706): Node "HEX3[5]" is assigned to location or region, but does not exist in design
    Warning (15706): Node "HEX3[6]" is assigned to location or region, but does not exist in design
    Warning (15706): Node "HEX4[0]" is assigned to location or region, but does not exist in design
    Warning (15706): Node "HEX4[1]" is assigned to location or region, but does not exist in design
    Warning (15706): Node "HEX4[2]" is assigned to location or region, but does not exist in design
    Warning (15706): Node "HEX4[3]" is assigned to location or region, but does not exist in design
    Warning (15706): Node "HEX4[4]" is assigned to location or region, but does not exist in design
    Warning (15706): Node "HEX4[5]" is assigned to location or region, but does not exist in design
    Warning (15706): Node "HEX4[6]" is assigned to location or region, but does not exist in design
    Warning (15706): Node "HEX5[0]" is assigned to location or region, but does not exist in design
    Warning (15706): Node "HEX5[1]" is assigned to location or region, but does not exist in design
    Warning (15706): Node "HEX5[2]" is assigned to location or region, but does not exist in design
    Warning (15706): Node "HEX5[3]" is assigned to location or region, but does not exist in design
    Warning (15706): Node "HEX5[4]" is assigned to location or region, but does not exist in design
    Warning (15706): Node "HEX5[5]" is assigned to location or region, but does not exist in design
    Warning (15706): Node "HEX5[6]" is assigned to location or region, but does not exist in design
    Warning (15706): Node "HEX6[0]" is assigned to location or region, but does not exist in design
    Warning (15706): Node "HEX6[1]" is assigned to location or region, but does not exist in design
    Warning (15706): Node "HEX6[2]" is assigned to location or region, but does not exist in design
    Warning (15706): Node "HEX6[3]" is assigned to location or region, but does not exist in design
    Warning (15706): Node "HEX6[4]" is assigned to location or region, but does not exist in design
    Warning (15706): Node "HEX6[5]" is assigned to location or region, but does not exist in design
    Warning (15706): Node "HEX6[6]" is assigned to location or region, but does not exist in design
    Warning (15706): Node "HEX7[0]" is assigned to location or region, but does not exist in design
    Warning (15706): Node "HEX7[1]" is assigned to location or region, but does not exist in design
    Warning (15706): Node "HEX7[2]" is assigned to location or region, but does not exist in design
    Warning (15706): Node "HEX7[3]" is assigned to location or region, but does not exist in design
    Warning (15706): Node "HEX7[4]" is assigned to location or region, but does not exist in design
    Warning (15706): Node "HEX7[5]" is assigned to location or region, but does not exist in design
    Warning (15706): Node "HEX7[6]" is assigned to location or region, but does not exist in design
    Warning (15706): Node "HSMC_CLKIN0" is assigned to location or region, but does not exist in design
    Warning (15706): Node "HSMC_CLKIN_N1" is assigned to location or region, but does not exist in design
    Warning (15706): Node "HSMC_CLKIN_N2" is assigned to location or region, but does not exist in design
    Warning (15706): Node "HSMC_CLKIN_P1" is assigned to location or region, but does not exist in design
    Warning (15706): Node "HSMC_CLKIN_P2" is assigned to location or region, but does not exist in design
    Warning (15706): Node "HSMC_CLKOUT0" is assigned to location or region, but does not exist in design
    Warning (15706): Node "HSMC_CLKOUT_N1" is assigned to location or region, but does not exist in design
    Warning (15706): Node "HSMC_CLKOUT_N2" is assigned to location or region, but does not exist in design
    Warning (15706): Node "HSMC_CLKOUT_P1" is assigned to location or region, but does not exist in design
    Warning (15706): Node "HSMC_CLKOUT_P2" is assigned to location or region, but does not exist in design
    Warning (15706): Node "HSMC_D[0]" is assigned to location or region, but does not exist in design
    Warning (15706): Node "HSMC_D[1]" is assigned to location or region, but does not exist in design
    Warning (15706): Node "HSMC_D[2]" is assigned to location or region, but does not exist in design
    Warning (15706): Node "HSMC_D[3]" is assigned to location or region, but does not exist in design
    Warning (15706): Node "HSMC_RX_D_N[0]" is assigned to location or region, but does not exist in design
    Warning (15706): Node "HSMC_RX_D_N[10]" is assigned to location or region, but does not exist in design
    Warning (15706): Node "HSMC_RX_D_N[11]" is assigned to location or region, but does not exist in design
    Warning (15706): Node "HSMC_RX_D_N[12]" is assigned to location or region, but does not exist in design
    Warning (15706): Node "HSMC_RX_D_N[13]" is assigned to location or region, but does not exist in design
    Warning (15706): Node "HSMC_RX_D_N[14]" is assigned to location or region, but does not exist in design
    Warning (15706): Node "HSMC_RX_D_N[15]" is assigned to location or region, but does not exist in design
    Warning (15706): Node "HSMC_RX_D_N[16]" is assigned to location or region, but does not exist in design
    Warning (15706): Node "HSMC_RX_D_N[1]" is assigned to location or region, but does not exist in design
    Warning (15706): Node "HSMC_RX_D_N[2]" is assigned to location or region, but does not exist in design
    Warning (15706): Node "HSMC_RX_D_N[3]" is assigned to location or region, but does not exist in design
    Warning (15706): Node "HSMC_RX_D_N[4]" is assigned to location or region, but does not exist in design
    Warning (15706): Node "HSMC_RX_D_N[5]" is assigned to location or region, but does not exist in design
    Warning (15706): Node "HSMC_RX_D_N[6]" is assigned to location or region, but does not exist in design
    Warning (15706): Node "HSMC_RX_D_N[7]" is assigned to location or region, but does not exist in design
    Warning (15706): Node "HSMC_RX_D_N[8]" is assigned to location or region, but does not exist in design
    Warning (15706): Node "HSMC_RX_D_N[9]" is assigned to location or region, but does not exist in design
    Warning (15706): Node "HSMC_RX_D_P[0]" is assigned to location or region, but does not exist in design
    Warning (15706): Node "HSMC_RX_D_P[10]" is assigned to location or region, but does not exist in design
    Warning (15706): Node "HSMC_RX_D_P[11]" is assigned to location or region, but does not exist in design
    Warning (15706): Node "HSMC_RX_D_P[12]" is assigned to location or region, but does not exist in design
    Warning (15706): Node "HSMC_RX_D_P[13]" is assigned to location or region, but does not exist in design
    Warning (15706): Node "HSMC_RX_D_P[14]" is assigned to location or region, but does not exist in design
    Warning (15706): Node "HSMC_RX_D_P[15]" is assigned to location or region, but does not exist in design
    Warning (15706): Node "HSMC_RX_D_P[16]" is assigned to location or region, but does not exist in design
    Warning (15706): Node "HSMC_RX_D_P[1]" is assigned to location or region, but does not exist in design
    Warning (15706): Node "HSMC_RX_D_P[2]" is assigned to location or region, but does not exist in design
    Warning (15706): Node "HSMC_RX_D_P[3]" is assigned to location or region, but does not exist in design
    Warning (15706): Node "HSMC_RX_D_P[4]" is assigned to location or region, but does not exist in design
    Warning (15706): Node "HSMC_RX_D_P[5]" is assigned to location or region, but does not exist in design
    Warning (15706): Node "HSMC_RX_D_P[6]" is assigned to location or region, but does not exist in design
    Warning (15706): Node "HSMC_RX_D_P[7]" is assigned to location or region, but does not exist in design
    Warning (15706): Node "HSMC_RX_D_P[8]" is assigned to location or region, but does not exist in design
    Warning (15706): Node "HSMC_RX_D_P[9]" is assigned to location or region, but does not exist in design
    Warning (15706): Node "HSMC_TX_D_N[0]" is assigned to location or region, but does not exist in design
    Warning (15706): Node "HSMC_TX_D_N[10]" is assigned to location or region, but does not exist in design
    Warning (15706): Node "HSMC_TX_D_N[11]" is assigned to location or region, but does not exist in design
    Warning (15706): Node "HSMC_TX_D_N[12]" is assigned to location or region, but does not exist in design
    Warning (15706): Node "HSMC_TX_D_N[13]" is assigned to location or region, but does not exist in design
    Warning (15706): Node "HSMC_TX_D_N[14]" is assigned to location or region, but does not exist in design
    Warning (15706): Node "HSMC_TX_D_N[15]" is assigned to location or region, but does not exist in design
    Warning (15706): Node "HSMC_TX_D_N[16]" is assigned to location or region, but does not exist in design
    Warning (15706): Node "HSMC_TX_D_N[1]" is assigned to location or region, but does not exist in design
    Warning (15706): Node "HSMC_TX_D_N[2]" is assigned to location or region, but does not exist in design
    Warning (15706): Node "HSMC_TX_D_N[3]" is assigned to location or region, but does not exist in design
    Warning (15706): Node "HSMC_TX_D_N[4]" is assigned to location or region, but does not exist in design
    Warning (15706): Node "HSMC_TX_D_N[5]" is assigned to location or region, but does not exist in design
    Warning (15706): Node "HSMC_TX_D_N[6]" is assigned to location or region, but does not exist in design
    Warning (15706): Node "HSMC_TX_D_N[7]" is assigned to location or region, but does not exist in design
    Warning (15706): Node "HSMC_TX_D_N[8]" is assigned to location or region, but does not exist in design
    Warning (15706): Node "HSMC_TX_D_N[9]" is assigned to location or region, but does not exist in design
    Warning (15706): Node "HSMC_TX_D_P[0]" is assigned to location or region, but does not exist in design
    Warning (15706): Node "HSMC_TX_D_P[10]" is assigned to location or region, but does not exist in design
    Warning (15706): Node "HSMC_TX_D_P[11]" is assigned to location or region, but does not exist in design
    Warning (15706): Node "HSMC_TX_D_P[12]" is assigned to location or region, but does not exist in design
    Warning (15706): Node "HSMC_TX_D_P[13]" is assigned to location or region, but does not exist in design
    Warning (15706): Node "HSMC_TX_D_P[14]" is assigned to location or region, but does not exist in design
    Warning (15706): Node "HSMC_TX_D_P[15]" is assigned to location or region, but does not exist in design
    Warning (15706): Node "HSMC_TX_D_P[16]" is assigned to location or region, but does not exist in design
    Warning (15706): Node "HSMC_TX_D_P[1]" is assigned to location or region, but does not exist in design
    Warning (15706): Node "HSMC_TX_D_P[2]" is assigned to location or region, but does not exist in design
    Warning (15706): Node "HSMC_TX_D_P[3]" is assigned to location or region, but does not exist in design
    Warning (15706): Node "HSMC_TX_D_P[4]" is assigned to location or region, but does not exist in design
    Warning (15706): Node "HSMC_TX_D_P[5]" is assigned to location or region, but does not exist in design
    Warning (15706): Node "HSMC_TX_D_P[6]" is assigned to location or region, but does not exist in design
    Warning (15706): Node "HSMC_TX_D_P[7]" is assigned to location or region, but does not exist in design
    Warning (15706): Node "HSMC_TX_D_P[8]" is assigned to location or region, but does not exist in design
    Warning (15706): Node "HSMC_TX_D_P[9]" is assigned to location or region, but does not exist in design
    Warning (15706): Node "IRDA_RXD" is assigned to location or region, but does not exist in design
    Warning (15706): Node "KEY[1]" is assigned to location or region, but does not exist in design
    Warning (15706): Node "KEY[2]" is assigned to location or region, but does not exist in design
    Warning (15706): Node "KEY[3]" is assigned to location or region, but does not exist in design
    Warning (15706): Node "LCD_BLON" is assigned to location or region, but does not exist in design
    Warning (15706): Node "LCD_DATA[0]" is assigned to location or region, but does not exist in design
    Warning (15706): Node "LCD_DATA[1]" is assigned to location or region, but does not exist in design
    Warning (15706): Node "LCD_DATA[2]" is assigned to location or region, but does not exist in design
    Warning (15706): Node "LCD_DATA[3]" is assigned to location or region, but does not exist in design
    Warning (15706): Node "LCD_DATA[4]" is assigned to location or region, but does not exist in design
    Warning (15706): Node "LCD_DATA[5]" is assigned to location or region, but does not exist in design
    Warning (15706): Node "LCD_DATA[6]" is assigned to location or region, but does not exist in design
    Warning (15706): Node "LCD_DATA[7]" is assigned to location or region, but does not exist in design
    Warning (15706): Node "LCD_EN" is assigned to location or region, but does not exist in design
    Warning (15706): Node "LCD_ON" is assigned to location or region, but does not exist in design
    Warning (15706): Node "LCD_RS" is assigned to location or region, but does not exist in design
    Warning (15706): Node "LCD_RW" is assigned to location or region, but does not exist in design
    Warning (15706): Node "LEDG[0]" is assigned to location or region, but does not exist in design
    Warning (15706): Node "LEDG[1]" is assigned to location or region, but does not exist in design
    Warning (15706): Node "LEDG[2]" is assigned to location or region, but does not exist in design
    Warning (15706): Node "LEDG[3]" is assigned to location or region, but does not exist in design
    Warning (15706): Node "LEDG[4]" is assigned to location or region, but does not exist in design
    Warning (15706): Node "LEDG[5]" is assigned to location or region, but does not exist in design
    Warning (15706): Node "LEDG[6]" is assigned to location or region, but does not exist in design
    Warning (15706): Node "LEDG[7]" is assigned to location or region, but does not exist in design
    Warning (15706): Node "LEDG[8]" is assigned to location or region, but does not exist in design
    Warning (15706): Node "LEDR[10]" is assigned to location or region, but does not exist in design
    Warning (15706): Node "LEDR[11]" is assigned to location or region, but does not exist in design
    Warning (15706): Node "LEDR[12]" is assigned to location or region, but does not exist in design
    Warning (15706): Node "LEDR[13]" is assigned to location or region, but does not exist in design
    Warning (15706): Node "LEDR[14]" is assigned to location or region, but does not exist in design
    Warning (15706): Node "LEDR[15]" is assigned to location or region, but does not exist in design
    Warning (15706): Node "LEDR[16]" is assigned to location or region, but does not exist in design
    Warning (15706): Node "LEDR[17]" is assigned to location or region, but does not exist in design
    Warning (15706): Node "LEDR[1]" is assigned to location or region, but does not exist in design
    Warning (15706): Node "LEDR[2]" is assigned to location or region, but does not exist in design
    Warning (15706): Node "LEDR[3]" is assigned to location or region, but does not exist in design
    Warning (15706): Node "LEDR[4]" is assigned to location or region, but does not exist in design
    Warning (15706): Node "LEDR[5]" is assigned to location or region, but does not exist in design
    Warning (15706): Node "LEDR[6]" is assigned to location or region, but does not exist in design
    Warning (15706): Node "LEDR[7]" is assigned to location or region, but does not exist in design
    Warning (15706): Node "LEDR[8]" is assigned to location or region, but does not exist in design
    Warning (15706): Node "LEDR[9]" is assigned to location or region, but does not exist in design
    Warning (15706): Node "OTG_ADDR[0]" is assigned to location or region, but does not exist in design
    Warning (15706): Node "OTG_ADDR[1]" is assigned to location or region, but does not exist in design
    Warning (15706): Node "OTG_CS_N" is assigned to location or region, but does not exist in design
    Warning (15706): Node "OTG_DACK_N[0]" is assigned to location or region, but does not exist in design
    Warning (15706): Node "OTG_DACK_N[1]" is assigned to location or region, but does not exist in design
    Warning (15706): Node "OTG_DATA[0]" is assigned to location or region, but does not exist in design
    Warning (15706): Node "OTG_DATA[10]" is assigned to location or region, but does not exist in design
    Warning (15706): Node "OTG_DATA[11]" is assigned to location or region, but does not exist in design
    Warning (15706): Node "OTG_DATA[12]" is assigned to location or region, but does not exist in design
    Warning (15706): Node "OTG_DATA[13]" is assigned to location or region, but does not exist in design
    Warning (15706): Node "OTG_DATA[14]" is assigned to location or region, but does not exist in design
    Warning (15706): Node "OTG_DATA[15]" is assigned to location or region, but does not exist in design
    Warning (15706): Node "OTG_DATA[1]" is assigned to location or region, but does not exist in design
    Warning (15706): Node "OTG_DATA[2]" is assigned to location or region, but does not exist in design
    Warning (15706): Node "OTG_DATA[3]" is assigned to location or region, but does not exist in design
    Warning (15706): Node "OTG_DATA[4]" is assigned to location or region, but does not exist in design
    Warning (15706): Node "OTG_DATA[5]" is assigned to location or region, but does not exist in design
    Warning (15706): Node "OTG_DATA[6]" is assigned to location or region, but does not exist in design
    Warning (15706): Node "OTG_DATA[7]" is assigned to location or region, but does not exist in design
    Warning (15706): Node "OTG_DATA[8]" is assigned to location or region, but does not exist in design
    Warning (15706): Node "OTG_DATA[9]" is assigned to location or region, but does not exist in design
    Warning (15706): Node "OTG_DREQ[0]" is assigned to location or region, but does not exist in design
    Warning (15706): Node "OTG_DREQ[1]" is assigned to location or region, but does not exist in design
    Warning (15706): Node "OTG_FSPEED" is assigned to location or region, but does not exist in design
    Warning (15706): Node "OTG_INT[0]" is assigned to location or region, but does not exist in design
    Warning (15706): Node "OTG_INT[1]" is assigned to location or region, but does not exist in design
    Warning (15706): Node "OTG_LSPEED" is assigned to location or region, but does not exist in design
    Warning (15706): Node "OTG_RD_N" is assigned to location or region, but does not exist in design
    Warning (15706): Node "OTG_RST_N" is assigned to location or region, but does not exist in design
    Warning (15706): Node "OTG_WR_N" is assigned to location or region, but does not exist in design
    Warning (15706): Node "PS2_CLK" is assigned to location or region, but does not exist in design
    Warning (15706): Node "PS2_CLK2" is assigned to location or region, but does not exist in design
    Warning (15706): Node "PS2_DAT" is assigned to location or region, but does not exist in design
    Warning (15706): Node "PS2_DAT2" is assigned to location or region, but does not exist in design
    Warning (15706): Node "SD_CLK" is assigned to location or region, but does not exist in design
    Warning (15706): Node "SD_CMD" is assigned to location or region, but does not exist in design
    Warning (15706): Node "SD_DAT[0]" is assigned to location or region, but does not exist in design
    Warning (15706): Node "SD_DAT[1]" is assigned to location or region, but does not exist in design
    Warning (15706): Node "SD_DAT[2]" is assigned to location or region, but does not exist in design
    Warning (15706): Node "SD_DAT[3]" is assigned to location or region, but does not exist in design
    Warning (15706): Node "SD_WP_N" is assigned to location or region, but does not exist in design
    Warning (15706): Node "SMA_CLKIN" is assigned to location or region, but does not exist in design
    Warning (15706): Node "SMA_CLKOUT" is assigned to location or region, but does not exist in design
    Warning (15706): Node "SW[10]" is assigned to location or region, but does not exist in design
    Warning (15706): Node "SW[11]" is assigned to location or region, but does not exist in design
    Warning (15706): Node "SW[12]" is assigned to location or region, but does not exist in design
    Warning (15706): Node "SW[13]" is assigned to location or region, but does not exist in design
    Warning (15706): Node "SW[14]" is assigned to location or region, but does not exist in design
    Warning (15706): Node "SW[15]" is assigned to location or region, but does not exist in design
    Warning (15706): Node "SW[16]" is assigned to location or region, but does not exist in design
    Warning (15706): Node "SW[17]" is assigned to location or region, but does not exist in design
    Warning (15706): Node "SW[1]" is assigned to location or region, but does not exist in design
    Warning (15706): Node "SW[2]" is assigned to location or region, but does not exist in design
    Warning (15706): Node "SW[3]" is assigned to location or region, but does not exist in design
    Warning (15706): Node "SW[4]" is assigned to location or region, but does not exist in design
    Warning (15706): Node "SW[5]" is assigned to location or region, but does not exist in design
    Warning (15706): Node "SW[6]" is assigned to location or region, but does not exist in design
    Warning (15706): Node "SW[7]" is assigned to location or region, but does not exist in design
    Warning (15706): Node "SW[8]" is assigned to location or region, but does not exist in design
    Warning (15706): Node "SW[9]" is assigned to location or region, but does not exist in design
    Warning (15706): Node "TD_RESET_N" is assigned to location or region, but does not exist in design
    Warning (15706): Node "UART_CTS" is assigned to location or region, but does not exist in design
    Warning (15706): Node "UART_RTS" is assigned to location or region, but does not exist in design
    Warning (15706): Node "UART_RXD" is assigned to location or region, but does not exist in design
    Warning (15706): Node "UART_TXD" is assigned to location or region, but does not exist in design
Info (171121): Fitter preparation operations ending: elapsed time is 00:00:08
Info (14896): Fitter has disabled Advanced Physical Optimization because it is not supported for the current family.
Info (170189): Fitter placement preparation operations beginning
Info (170190): Fitter placement preparation operations ending: elapsed time is 00:00:01
Info (170191): Fitter placement operations beginning
Info (170137): Fitter placement was successful
Info (170192): Fitter placement operations ending: elapsed time is 00:00:03
Info (170193): Fitter routing operations beginning
Info (170195): Router estimated average interconnect usage is 2% of the available device resources
    Info (170196): Router estimated peak interconnect usage is 22% of the available device resources in the region that extends from location X58_Y24 to location X68_Y36
Info (170199): The Fitter performed an Auto Fit compilation.  Optimizations were skipped to reduce compilation time.
    Info (170201): Optimizations that may affect the design's routability were skipped
    Info (170200): Optimizations that may affect the design's timing were skipped
Info (170194): Fitter routing operations ending: elapsed time is 00:00:03
Info (11888): Total time spent on timing analysis during the Fitter is 1.17 seconds.
Info (334003): Started post-fitting delay annotation
Info (334004): Delay annotation completed successfully
Info (334003): Started post-fitting delay annotation
Info (334004): Delay annotation completed successfully
Info (11218): Fitter post-fit operations ending: elapsed time is 00:00:03
Warning (171167): Found invalid Fitter assignments. See the Ignored Assignments panel in the Fitter Compilation Report for more information.
Info (144001): Generated suppressed messages file C:/Users/mande/Desktop/project/Capston/vga/output_files/vga.fit.smsg
Info: Quartus Prime Fitter was successful. 0 errors, 454 warnings
    Info: Peak virtual memory: 6426 megabytes
    Info: Processing ended: Tue Apr  8 15:22:48 2025
    Info: Elapsed time: 00:00:32
    Info: Total CPU time (on all processors): 00:00:31


+----------------------------+
; Fitter Suppressed Messages ;
+----------------------------+
The suppressed messages can be found in C:/Users/mande/Desktop/project/Capston/vga/output_files/vga.fit.smsg.


